message_id,trust_label
M0023363,TRUSTWORTHY
M0023364,TRUSTWORTHY
M0023365,SUSPICIOUS
M0023366,TRUSTWORTHY
M0023367,TRUSTWORTHY
M0023368,TRUSTWORTHY
M0023369,MALICIOUS
M0023370,TRUSTWORTHY
M0023371,TRUSTWORTHY
M0023372,TRUSTWORTHY
M0023374,TRUSTWORTHY
M0023375,TRUSTWORTHY
M0023376,TRUSTWORTHY
M0023377,TRUSTWORTHY
M0023378,TRUSTWORTHY
M0023379,SUSPICIOUS
M0023380,TRUSTWORTHY
M0023381,TRUSTWORTHY
M0023382,SUSPICIOUS
M0023383,TRUSTWORTHY
M0023384,TRUSTWORTHY
M0023385,TRUSTWORTHY
M0023386,MALICIOUS
M0023387,SUSPICIOUS
M0023388,TRUSTWORTHY
M0023389,MALICIOUS
M0023391,TRUSTWORTHY
M0023392,SUSPICIOUS
M0023393,TRUSTWORTHY
M0023394,TRUSTWORTHY
M0023395,TRUSTWORTHY
M0023396,TRUSTWORTHY
M0023397,TRUSTWORTHY
M0023399,TRUSTWORTHY
M0023400,TRUSTWORTHY
M0023401,TRUSTWORTHY
M0023402,TRUSTWORTHY
M0023403,MALICIOUS
M0023404,TRUSTWORTHY
M0023405,TRUSTWORTHY
M0023406,TRUSTWORTHY
M0023407,TRUSTWORTHY
M0023408,TRUSTWORTHY
M0023409,TRUSTWORTHY
M0023410,TRUSTWORTHY
M0023411,TRUSTWORTHY
M0023412,TRUSTWORTHY
M0023413,TRUSTWORTHY
M0023414,SUSPICIOUS
M0023415,TRUSTWORTHY
M0023416,TRUSTWORTHY
M0023417,TRUSTWORTHY
M0023418,TRUSTWORTHY
M0023419,TRUSTWORTHY
M0023420,MALICIOUS
M0023421,TRUSTWORTHY
M0023422,TRUSTWORTHY
M0023423,TRUSTWORTHY
M0023424,TRUSTWORTHY
M0023425,TRUSTWORTHY
M0023426,TRUSTWORTHY
M0023427,TRUSTWORTHY
M0023428,TRUSTWORTHY
M0023429,MALICIOUS
M0023430,MALICIOUS
M0023431,MALICIOUS
M0023432,TRUSTWORTHY
M0023433,SUSPICIOUS
M0023434,TRUSTWORTHY
M0023435,TRUSTWORTHY
M0023436,TRUSTWORTHY
M0023437,TRUSTWORTHY
M0023438,TRUSTWORTHY
M0023439,TRUSTWORTHY
M0023440,TRUSTWORTHY
M0023441,TRUSTWORTHY
M0023442,TRUSTWORTHY
M0023443,TRUSTWORTHY
M0023444,TRUSTWORTHY
M0023445,TRUSTWORTHY
M0023446,TRUSTWORTHY
M0023447,TRUSTWORTHY
M0023448,TRUSTWORTHY
M0023449,MALICIOUS
M0023450,SUSPICIOUS
M0023451,TRUSTWORTHY
M0023452,SUSPICIOUS
M0023453,TRUSTWORTHY
M0023454,TRUSTWORTHY
M0023455,TRUSTWORTHY
M0023456,TRUSTWORTHY
M0023457,TRUSTWORTHY
M0023458,MALICIOUS
M0023459,MALICIOUS
M0023460,TRUSTWORTHY
M0023461,TRUSTWORTHY
M0023462,SUSPICIOUS
M0023463,MALICIOUS
M0023464,TRUSTWORTHY
M0023465,TRUSTWORTHY
M0023466,MALICIOUS
M0023467,TRUSTWORTHY
M0023468,TRUSTWORTHY
M0023469,TRUSTWORTHY
M0023470,TRUSTWORTHY
M0023471,TRUSTWORTHY
M0023472,SUSPICIOUS
M0023473,TRUSTWORTHY
M0023474,TRUSTWORTHY
M0023475,TRUSTWORTHY
M0023476,TRUSTWORTHY
M0023477,TRUSTWORTHY
M0023478,MALICIOUS
M0023479,TRUSTWORTHY
M0023480,TRUSTWORTHY
M0023481,TRUSTWORTHY
M0023482,TRUSTWORTHY
M0023483,MALICIOUS
M0023484,TRUSTWORTHY
M0023485,TRUSTWORTHY
M0023486,TRUSTWORTHY
M0023487,SUSPICIOUS
M0023488,TRUSTWORTHY
M0023489,TRUSTWORTHY
M0023490,TRUSTWORTHY
M0023491,TRUSTWORTHY
M0023492,TRUSTWORTHY
M0023493,TRUSTWORTHY
M0023494,TRUSTWORTHY
M0023495,TRUSTWORTHY
M0023496,MALICIOUS
M0023497,SUSPICIOUS
M0023498,TRUSTWORTHY
M0023499,SUSPICIOUS
M0023500,SUSPICIOUS
M0023501,MALICIOUS
M0023502,TRUSTWORTHY
M0023503,MALICIOUS
M0023504,TRUSTWORTHY
M0023505,MALICIOUS
M0023506,TRUSTWORTHY
M0023507,TRUSTWORTHY
M0023508,TRUSTWORTHY
M0023509,TRUSTWORTHY
M0023510,TRUSTWORTHY
M0023511,TRUSTWORTHY
M0023512,TRUSTWORTHY
M0023513,TRUSTWORTHY
M0023514,TRUSTWORTHY
M0023515,TRUSTWORTHY
M0023516,TRUSTWORTHY
M0023517,TRUSTWORTHY
M0023518,TRUSTWORTHY
M0023519,TRUSTWORTHY
M0023520,TRUSTWORTHY
M0023521,TRUSTWORTHY
M0023522,SUSPICIOUS
M0023523,SUSPICIOUS
M0023524,TRUSTWORTHY
M0023525,TRUSTWORTHY
M0023526,TRUSTWORTHY
M0023527,SUSPICIOUS
M0023528,SUSPICIOUS
M0023529,SUSPICIOUS
M0023530,TRUSTWORTHY
M0023531,TRUSTWORTHY
M0023532,TRUSTWORTHY
M0023533,TRUSTWORTHY
M0023534,TRUSTWORTHY
M0023535,TRUSTWORTHY
M0023536,TRUSTWORTHY
M0023537,TRUSTWORTHY
M0023538,MALICIOUS
M0023539,TRUSTWORTHY
M0023540,MALICIOUS
M0023541,MALICIOUS
M0023542,TRUSTWORTHY
M0023543,TRUSTWORTHY
M0023544,MALICIOUS
M0023545,TRUSTWORTHY
M0023546,TRUSTWORTHY
M0023547,TRUSTWORTHY
M0023548,TRUSTWORTHY
M0023549,SUSPICIOUS
M0023550,TRUSTWORTHY
M0023551,SUSPICIOUS
M0023552,TRUSTWORTHY
M0023553,MALICIOUS
M0023554,TRUSTWORTHY
M0023555,SUSPICIOUS
M0023556,SUSPICIOUS
M0023557,TRUSTWORTHY
M0023558,TRUSTWORTHY
M0023559,SUSPICIOUS
M0023560,TRUSTWORTHY
M0023561,TRUSTWORTHY
M0023562,SUSPICIOUS
M0023563,TRUSTWORTHY
M0023564,SUSPICIOUS
M0023565,TRUSTWORTHY
M0023566,SUSPICIOUS
M0023567,TRUSTWORTHY
M0023568,SUSPICIOUS
M0023569,TRUSTWORTHY
M0023570,TRUSTWORTHY
M0023571,TRUSTWORTHY
M0023572,TRUSTWORTHY
M0023573,TRUSTWORTHY
M0023574,SUSPICIOUS
M0023575,MALICIOUS
M0023576,TRUSTWORTHY
M0023577,TRUSTWORTHY
M0023578,TRUSTWORTHY
M0023579,TRUSTWORTHY
M0023580,MALICIOUS
M0023581,TRUSTWORTHY
M0023582,MALICIOUS
M0023583,TRUSTWORTHY
M0023584,TRUSTWORTHY
M0023585,MALICIOUS
M0023586,TRUSTWORTHY
M0023587,MALICIOUS
M0023588,TRUSTWORTHY
M0023589,TRUSTWORTHY
M0023590,TRUSTWORTHY
M0023591,TRUSTWORTHY
M0023592,TRUSTWORTHY
M0023593,TRUSTWORTHY
M0023594,TRUSTWORTHY
M0023595,SUSPICIOUS
M0023596,TRUSTWORTHY
M0023597,MALICIOUS
M0023598,TRUSTWORTHY
M0023599,MALICIOUS
M0023600,SUSPICIOUS
M0023601,MALICIOUS
M0023602,TRUSTWORTHY
M0023603,TRUSTWORTHY
M0023604,TRUSTWORTHY
M0023605,SUSPICIOUS
M0023606,TRUSTWORTHY
M0023607,TRUSTWORTHY
M0023608,TRUSTWORTHY
M0023609,TRUSTWORTHY
M0023610,TRUSTWORTHY
M0023611,TRUSTWORTHY
M0023612,TRUSTWORTHY
M0023613,TRUSTWORTHY
M0023614,TRUSTWORTHY
M0023615,SUSPICIOUS
M0023616,TRUSTWORTHY
M0023617,TRUSTWORTHY
M0023618,TRUSTWORTHY
M0023619,TRUSTWORTHY
M0023620,SUSPICIOUS
M0023621,TRUSTWORTHY
M0023622,TRUSTWORTHY
M0023623,TRUSTWORTHY
M0023624,TRUSTWORTHY
M0023625,TRUSTWORTHY
M0023626,SUSPICIOUS
M0023627,MALICIOUS
M0023628,TRUSTWORTHY
M0023629,TRUSTWORTHY
M0023630,TRUSTWORTHY
M0023631,TRUSTWORTHY
M0023632,SUSPICIOUS
M0023633,TRUSTWORTHY
M0023634,SUSPICIOUS
M0023635,TRUSTWORTHY
M0023636,TRUSTWORTHY
M0023637,TRUSTWORTHY
M0023638,TRUSTWORTHY
M0023639,MALICIOUS
M0023640,MALICIOUS
M0023641,TRUSTWORTHY
M0023642,MALICIOUS
M0023643,TRUSTWORTHY
M0023644,TRUSTWORTHY
M0023645,TRUSTWORTHY
M0023646,SUSPICIOUS
M0023647,TRUSTWORTHY
M0023648,TRUSTWORTHY
M0023649,TRUSTWORTHY
M0023650,TRUSTWORTHY
M0023651,TRUSTWORTHY
M0023652,SUSPICIOUS
M0023653,TRUSTWORTHY
M0023654,MALICIOUS
M0023655,TRUSTWORTHY
M0023656,SUSPICIOUS
M0023657,MALICIOUS
M0023658,TRUSTWORTHY
M0023659,MALICIOUS
M0023660,TRUSTWORTHY
M0023661,MALICIOUS
M0023662,TRUSTWORTHY
M0023663,SUSPICIOUS
M0023664,TRUSTWORTHY
M0023665,TRUSTWORTHY
M0023666,TRUSTWORTHY
M0023667,TRUSTWORTHY
M0023668,TRUSTWORTHY
M0023669,TRUSTWORTHY
M0023670,TRUSTWORTHY
M0023671,TRUSTWORTHY
M0023672,TRUSTWORTHY
M0023673,SUSPICIOUS
M0023674,TRUSTWORTHY
M0023675,TRUSTWORTHY
M0023676,TRUSTWORTHY
M0023677,TRUSTWORTHY
M0023678,MALICIOUS
M0023679,TRUSTWORTHY
M0023680,SUSPICIOUS
M0023681,TRUSTWORTHY
M0023682,MALICIOUS
M0023683,MALICIOUS
M0023684,TRUSTWORTHY
M0023685,TRUSTWORTHY
M0023686,TRUSTWORTHY
M0023687,TRUSTWORTHY
M0023688,MALICIOUS
M0023689,TRUSTWORTHY
M0023690,SUSPICIOUS
M0023691,TRUSTWORTHY
M0023692,TRUSTWORTHY
M0023693,TRUSTWORTHY
M0023694,TRUSTWORTHY
M0023695,TRUSTWORTHY
M0023696,TRUSTWORTHY
M0023697,TRUSTWORTHY
M0023698,MALICIOUS
M0023699,TRUSTWORTHY
M0023700,SUSPICIOUS
M0023701,TRUSTWORTHY
M0023702,TRUSTWORTHY
M0023703,SUSPICIOUS
M0023704,TRUSTWORTHY
M0023705,SUSPICIOUS
M0023706,TRUSTWORTHY
M0023707,TRUSTWORTHY
M0023708,SUSPICIOUS
M0023709,TRUSTWORTHY
M0023710,SUSPICIOUS
M0023711,TRUSTWORTHY
M0023712,TRUSTWORTHY
M0023713,TRUSTWORTHY
M0023714,SUSPICIOUS
M0023715,TRUSTWORTHY
M0023716,TRUSTWORTHY
M0023717,TRUSTWORTHY
M0023718,TRUSTWORTHY
M0023719,TRUSTWORTHY
M0023720,TRUSTWORTHY
M0023721,TRUSTWORTHY
M0023722,TRUSTWORTHY
M0023723,TRUSTWORTHY
M0023724,TRUSTWORTHY
M0023725,TRUSTWORTHY
M0023726,TRUSTWORTHY
M0023727,TRUSTWORTHY
M0023728,TRUSTWORTHY
M0023729,TRUSTWORTHY
M0023730,TRUSTWORTHY
M0023731,TRUSTWORTHY
M0023732,TRUSTWORTHY
M0023733,MALICIOUS
M0023734,TRUSTWORTHY
M0023735,TRUSTWORTHY
M0023736,TRUSTWORTHY
M0023737,TRUSTWORTHY
M0023738,TRUSTWORTHY
M0023739,MALICIOUS
M0023740,TRUSTWORTHY
M0023741,TRUSTWORTHY
M0023742,MALICIOUS
M0023743,TRUSTWORTHY
M0023744,TRUSTWORTHY
M0023745,TRUSTWORTHY
M0023746,SUSPICIOUS
M0023747,TRUSTWORTHY
M0023748,TRUSTWORTHY
M0023749,TRUSTWORTHY
M0023750,TRUSTWORTHY
M0023751,TRUSTWORTHY
M0023752,TRUSTWORTHY
M0023753,SUSPICIOUS
M0023754,TRUSTWORTHY
M0023755,TRUSTWORTHY
M0023756,TRUSTWORTHY
M0023757,SUSPICIOUS
M0023758,MALICIOUS
M0023759,TRUSTWORTHY
M0023760,TRUSTWORTHY
M0023761,TRUSTWORTHY
M0023762,TRUSTWORTHY
M0023763,TRUSTWORTHY
M0023764,TRUSTWORTHY
M0023765,TRUSTWORTHY
M0023766,TRUSTWORTHY
M0023767,TRUSTWORTHY
M0023768,TRUSTWORTHY
M0023769,TRUSTWORTHY
M0023770,TRUSTWORTHY
M0023771,TRUSTWORTHY
M0023772,TRUSTWORTHY
M0023773,MALICIOUS
M0023774,TRUSTWORTHY
M0023775,SUSPICIOUS
M0023776,TRUSTWORTHY
M0023777,TRUSTWORTHY
M0023778,TRUSTWORTHY
M0023779,TRUSTWORTHY
M0023780,TRUSTWORTHY
M0023781,TRUSTWORTHY
M0023782,TRUSTWORTHY
M0023783,SUSPICIOUS
M0023784,MALICIOUS
M0023785,TRUSTWORTHY
M0023786,TRUSTWORTHY
M0023787,TRUSTWORTHY
M0023788,TRUSTWORTHY
M0023789,TRUSTWORTHY
M0023790,MALICIOUS
M0023791,TRUSTWORTHY
M0023792,MALICIOUS
M0023793,TRUSTWORTHY
M0023794,TRUSTWORTHY
M0023795,TRUSTWORTHY
M0023796,TRUSTWORTHY
M0023797,TRUSTWORTHY
M0023798,TRUSTWORTHY
M0023799,TRUSTWORTHY
M0023800,SUSPICIOUS
M0023801,TRUSTWORTHY
M0023802,TRUSTWORTHY
M0023803,TRUSTWORTHY
M0023804,TRUSTWORTHY
M0023805,TRUSTWORTHY
M0023806,TRUSTWORTHY
M0023807,MALICIOUS
M0023808,TRUSTWORTHY
M0023809,TRUSTWORTHY
M0023810,TRUSTWORTHY
M0023811,MALICIOUS
M0023812,TRUSTWORTHY
M0023813,TRUSTWORTHY
M0023814,TRUSTWORTHY
M0023815,MALICIOUS
M0023816,SUSPICIOUS
M0023817,MALICIOUS
M0023818,TRUSTWORTHY
M0023819,TRUSTWORTHY
M0023820,SUSPICIOUS
M0023821,TRUSTWORTHY
M0023822,TRUSTWORTHY
M0023823,TRUSTWORTHY
M0023824,TRUSTWORTHY
M0023825,TRUSTWORTHY
M0023826,TRUSTWORTHY
M0023827,TRUSTWORTHY
M0023828,TRUSTWORTHY
M0023829,TRUSTWORTHY
M0023830,TRUSTWORTHY
M0023831,MALICIOUS
M0023832,TRUSTWORTHY
M0023833,TRUSTWORTHY
M0023834,TRUSTWORTHY
M0023835,TRUSTWORTHY
M0023836,SUSPICIOUS
M0023837,MALICIOUS
M0023838,TRUSTWORTHY
M0023839,TRUSTWORTHY
M0023840,TRUSTWORTHY
M0023841,TRUSTWORTHY
M0023842,TRUSTWORTHY
M0023843,TRUSTWORTHY
M0023844,SUSPICIOUS
M0023845,TRUSTWORTHY
M0023846,TRUSTWORTHY
M0023847,SUSPICIOUS
M0023848,MALICIOUS
M0023849,MALICIOUS
M0023850,TRUSTWORTHY
M0023851,MALICIOUS
M0023852,TRUSTWORTHY
M0023853,TRUSTWORTHY
M0023854,TRUSTWORTHY
M0023855,TRUSTWORTHY
M0023856,MALICIOUS
M0023857,MALICIOUS
M0023858,MALICIOUS
M0023859,SUSPICIOUS
M0023860,TRUSTWORTHY
M0023861,TRUSTWORTHY
M0023862,TRUSTWORTHY
M0023863,TRUSTWORTHY
M0023864,TRUSTWORTHY
M0023865,TRUSTWORTHY
M0023866,TRUSTWORTHY
M0023867,SUSPICIOUS
M0023868,TRUSTWORTHY
M0023869,TRUSTWORTHY
M0023870,MALICIOUS
M0023871,MALICIOUS
M0023872,TRUSTWORTHY
M0023873,TRUSTWORTHY
M0023874,TRUSTWORTHY
M0023875,SUSPICIOUS
M0023876,TRUSTWORTHY
M0023877,TRUSTWORTHY
M0023878,TRUSTWORTHY
M0023879,TRUSTWORTHY
M0023880,SUSPICIOUS
M0023881,TRUSTWORTHY
M0023882,SUSPICIOUS
M0023883,TRUSTWORTHY
M0023884,TRUSTWORTHY
M0023885,TRUSTWORTHY
M0023886,TRUSTWORTHY
M0023887,TRUSTWORTHY
M0023888,TRUSTWORTHY
M0023889,TRUSTWORTHY
M0023890,SUSPICIOUS
M0023891,MALICIOUS
M0023892,TRUSTWORTHY
M0023893,TRUSTWORTHY
M0023894,SUSPICIOUS
M0023895,TRUSTWORTHY
M0023896,TRUSTWORTHY
M0023897,SUSPICIOUS
M0023898,TRUSTWORTHY
M0023899,SUSPICIOUS
M0023900,MALICIOUS
M0023901,TRUSTWORTHY
M0023902,MALICIOUS
M0023903,TRUSTWORTHY
M0023904,TRUSTWORTHY
M0023905,TRUSTWORTHY
M0023906,TRUSTWORTHY
M0023907,TRUSTWORTHY
M0023908,TRUSTWORTHY
M0023909,TRUSTWORTHY
M0023910,SUSPICIOUS
M0023911,MALICIOUS
M0023912,MALICIOUS
M0023913,SUSPICIOUS
M0023914,TRUSTWORTHY
M0023915,TRUSTWORTHY
M0023916,SUSPICIOUS
M0023917,TRUSTWORTHY
M0023918,TRUSTWORTHY
M0023919,MALICIOUS
M0023920,TRUSTWORTHY
M0023921,TRUSTWORTHY
M0023922,TRUSTWORTHY
M0023923,TRUSTWORTHY
M0023924,TRUSTWORTHY
M0023925,TRUSTWORTHY
M0023926,TRUSTWORTHY
M0023927,SUSPICIOUS
M0023928,TRUSTWORTHY
M0023929,TRUSTWORTHY
M0023930,TRUSTWORTHY
M0023931,TRUSTWORTHY
M0023932,TRUSTWORTHY
M0023933,SUSPICIOUS
M0023934,TRUSTWORTHY
M0023935,TRUSTWORTHY
M0023936,TRUSTWORTHY
M0023937,TRUSTWORTHY
M0023938,TRUSTWORTHY
M0023939,MALICIOUS
M0023940,TRUSTWORTHY
M0023941,MALICIOUS
M0023942,MALICIOUS
M0023943,SUSPICIOUS
M0023944,MALICIOUS
M0023945,TRUSTWORTHY
M0023946,TRUSTWORTHY
M0023947,TRUSTWORTHY
M0023948,MALICIOUS
M0023949,TRUSTWORTHY
M0023950,SUSPICIOUS
M0023951,TRUSTWORTHY
M0023952,TRUSTWORTHY
M0023953,TRUSTWORTHY
M0023954,TRUSTWORTHY
M0023955,TRUSTWORTHY
M0023956,TRUSTWORTHY
M0023957,SUSPICIOUS
M0023958,TRUSTWORTHY
M0023959,TRUSTWORTHY
M0023960,MALICIOUS
M0023961,TRUSTWORTHY
M0023962,TRUSTWORTHY
M0023963,SUSPICIOUS
M0023964,MALICIOUS
M0023965,MALICIOUS
M0023966,TRUSTWORTHY
M0023967,TRUSTWORTHY
M0023968,SUSPICIOUS
M0023969,TRUSTWORTHY
M0023970,TRUSTWORTHY
M0023971,TRUSTWORTHY
M0023972,TRUSTWORTHY
M0023973,TRUSTWORTHY
M0023974,TRUSTWORTHY
M0023975,SUSPICIOUS
M0023976,TRUSTWORTHY
M0023977,TRUSTWORTHY
M0023978,TRUSTWORTHY
M0023979,TRUSTWORTHY
M0023980,TRUSTWORTHY
M0023981,TRUSTWORTHY
M0023982,TRUSTWORTHY
M0023983,SUSPICIOUS
M0023984,SUSPICIOUS
M0023985,MALICIOUS
M0023986,SUSPICIOUS
M0023987,TRUSTWORTHY
M0023988,TRUSTWORTHY
M0023989,SUSPICIOUS
M0023990,TRUSTWORTHY
M0023991,TRUSTWORTHY
M0023992,TRUSTWORTHY
M0023993,TRUSTWORTHY
M0023994,SUSPICIOUS
M0023995,TRUSTWORTHY
M0023996,MALICIOUS
M0023997,TRUSTWORTHY
M0023998,TRUSTWORTHY
M0023999,SUSPICIOUS
M0024000,TRUSTWORTHY
M0024001,TRUSTWORTHY
M0024002,TRUSTWORTHY
M0024003,MALICIOUS
M0024004,TRUSTWORTHY
M0024005,TRUSTWORTHY
M0024006,TRUSTWORTHY
M0024007,TRUSTWORTHY
M0024008,TRUSTWORTHY
M0024009,MALICIOUS
M0024010,TRUSTWORTHY
M0024011,MALICIOUS
M0024012,SUSPICIOUS
M0024013,TRUSTWORTHY
M0024014,TRUSTWORTHY
M0024015,TRUSTWORTHY
M0024016,TRUSTWORTHY
M0024017,TRUSTWORTHY
M0024018,TRUSTWORTHY
M0024019,TRUSTWORTHY
M0024020,TRUSTWORTHY
M0024021,TRUSTWORTHY
M0024022,SUSPICIOUS
M0024023,TRUSTWORTHY
M0024024,TRUSTWORTHY
M0024025,TRUSTWORTHY
M0024026,SUSPICIOUS
M0024027,SUSPICIOUS
M0024028,TRUSTWORTHY
M0024029,TRUSTWORTHY
M0024030,TRUSTWORTHY
M0024031,MALICIOUS
M0024032,TRUSTWORTHY
M0024033,TRUSTWORTHY
M0024034,TRUSTWORTHY
M0024035,TRUSTWORTHY
M0024036,TRUSTWORTHY
M0024037,SUSPICIOUS
M0024038,SUSPICIOUS
M0024039,TRUSTWORTHY
M0024040,TRUSTWORTHY
M0024041,TRUSTWORTHY
M0024042,TRUSTWORTHY
M0024043,MALICIOUS
M0024044,TRUSTWORTHY
M0024045,TRUSTWORTHY
M0024046,TRUSTWORTHY
M0024047,TRUSTWORTHY
M0024048,TRUSTWORTHY
M0024049,TRUSTWORTHY
M0024050,TRUSTWORTHY
M0024051,TRUSTWORTHY
M0024052,TRUSTWORTHY
M0024053,TRUSTWORTHY
M0024054,TRUSTWORTHY
M0024055,TRUSTWORTHY
M0024056,TRUSTWORTHY
M0024057,TRUSTWORTHY
M0024058,TRUSTWORTHY
M0024059,TRUSTWORTHY
M0024060,TRUSTWORTHY
M0024061,TRUSTWORTHY
M0024062,TRUSTWORTHY
M0024063,TRUSTWORTHY
M0024064,SUSPICIOUS
M0024065,TRUSTWORTHY
M0024066,TRUSTWORTHY
M0024067,TRUSTWORTHY
M0024068,TRUSTWORTHY
M0024069,TRUSTWORTHY
M0024070,SUSPICIOUS
M0024071,SUSPICIOUS
M0024072,TRUSTWORTHY
M0024073,MALICIOUS
M0024074,TRUSTWORTHY
M0024075,TRUSTWORTHY
M0024076,MALICIOUS
M0024077,TRUSTWORTHY
M0024078,TRUSTWORTHY
M0024079,SUSPICIOUS
M0024080,TRUSTWORTHY
M0024081,TRUSTWORTHY
M0024082,MALICIOUS
M0024083,TRUSTWORTHY
M0024084,MALICIOUS
M0024085,TRUSTWORTHY
M0024086,MALICIOUS
M0024087,MALICIOUS
M0024088,TRUSTWORTHY
M0024089,TRUSTWORTHY
M0024090,TRUSTWORTHY
M0024091,TRUSTWORTHY
M0024092,SUSPICIOUS
M0024093,TRUSTWORTHY
M0024094,TRUSTWORTHY
M0024095,MALICIOUS
M0024096,SUSPICIOUS
M0024097,TRUSTWORTHY
M0024098,TRUSTWORTHY
M0024099,TRUSTWORTHY
M0024100,TRUSTWORTHY
M0024101,TRUSTWORTHY
M0024102,SUSPICIOUS
M0024103,TRUSTWORTHY
M0024104,TRUSTWORTHY
M0024105,TRUSTWORTHY
M0024106,SUSPICIOUS
M0024107,TRUSTWORTHY
M0024108,TRUSTWORTHY
M0024109,TRUSTWORTHY
M0024110,TRUSTWORTHY
M0024111,TRUSTWORTHY
M0024112,SUSPICIOUS
M0024113,TRUSTWORTHY
M0024114,TRUSTWORTHY
M0024115,TRUSTWORTHY
M0024116,TRUSTWORTHY
M0024117,SUSPICIOUS
M0024118,SUSPICIOUS
M0024119,TRUSTWORTHY
M0024120,TRUSTWORTHY
M0024121,TRUSTWORTHY
M0024122,TRUSTWORTHY
M0024123,TRUSTWORTHY
M0024124,TRUSTWORTHY
M0024125,TRUSTWORTHY
M0024126,TRUSTWORTHY
M0024127,TRUSTWORTHY
M0024128,TRUSTWORTHY
M0024129,TRUSTWORTHY
M0024130,TRUSTWORTHY
M0024131,TRUSTWORTHY
M0024132,TRUSTWORTHY
M0024133,TRUSTWORTHY
M0024134,TRUSTWORTHY
M0024135,TRUSTWORTHY
M0024136,TRUSTWORTHY
M0024137,SUSPICIOUS
M0024138,TRUSTWORTHY
M0024139,SUSPICIOUS
M0024140,TRUSTWORTHY
M0024141,TRUSTWORTHY
M0024142,TRUSTWORTHY
M0024143,TRUSTWORTHY
M0024144,TRUSTWORTHY
M0024145,TRUSTWORTHY
M0024146,TRUSTWORTHY
M0024147,TRUSTWORTHY
M0024148,TRUSTWORTHY
M0024149,TRUSTWORTHY
M0024150,TRUSTWORTHY
M0024151,TRUSTWORTHY
M0024152,MALICIOUS
M0024153,TRUSTWORTHY
M0024154,TRUSTWORTHY
M0024155,TRUSTWORTHY
M0024156,MALICIOUS
M0024157,TRUSTWORTHY
M0024158,TRUSTWORTHY
M0024159,TRUSTWORTHY
M0024160,TRUSTWORTHY
M0024161,TRUSTWORTHY
M0024162,TRUSTWORTHY
M0024163,TRUSTWORTHY
M0024164,TRUSTWORTHY
M0024165,TRUSTWORTHY
M0024166,TRUSTWORTHY
M0024167,TRUSTWORTHY
M0024168,TRUSTWORTHY
M0024169,TRUSTWORTHY
M0024170,TRUSTWORTHY
M0024171,TRUSTWORTHY
M0024172,SUSPICIOUS
M0024173,TRUSTWORTHY
M0024174,MALICIOUS
M0024175,SUSPICIOUS
M0024176,TRUSTWORTHY
M0024177,TRUSTWORTHY
M0024178,TRUSTWORTHY
M0024179,TRUSTWORTHY
M0024180,TRUSTWORTHY
M0024181,TRUSTWORTHY
M0024182,TRUSTWORTHY
M0024183,SUSPICIOUS
M0024184,TRUSTWORTHY
M0024185,MALICIOUS
M0024186,MALICIOUS
M0024187,SUSPICIOUS
M0024188,TRUSTWORTHY
M0024189,TRUSTWORTHY
M0024190,TRUSTWORTHY
M0024191,TRUSTWORTHY
M0024192,TRUSTWORTHY
M0024193,TRUSTWORTHY
M0024194,TRUSTWORTHY
M0024195,MALICIOUS
M0024196,TRUSTWORTHY
M0024197,MALICIOUS
M0024198,TRUSTWORTHY
M0024199,TRUSTWORTHY
M0024200,TRUSTWORTHY
M0024201,MALICIOUS
M0024202,TRUSTWORTHY
M0024203,MALICIOUS
M0024204,SUSPICIOUS
M0024205,TRUSTWORTHY
M0024206,TRUSTWORTHY
M0024207,TRUSTWORTHY
M0024208,SUSPICIOUS
M0024209,SUSPICIOUS
M0024210,MALICIOUS
M0024211,TRUSTWORTHY
M0024212,SUSPICIOUS
M0024213,TRUSTWORTHY
M0024214,TRUSTWORTHY
M0024215,TRUSTWORTHY
M0024216,TRUSTWORTHY
M0024217,MALICIOUS
M0024218,TRUSTWORTHY
M0024219,MALICIOUS
M0024220,TRUSTWORTHY
M0024221,TRUSTWORTHY
M0024222,TRUSTWORTHY
M0024223,TRUSTWORTHY
M0024224,SUSPICIOUS
M0024225,TRUSTWORTHY
M0024226,TRUSTWORTHY
M0024227,MALICIOUS
M0024228,TRUSTWORTHY
M0024229,TRUSTWORTHY
M0024230,TRUSTWORTHY
M0024231,MALICIOUS
M0024232,TRUSTWORTHY
M0024233,TRUSTWORTHY
M0024234,TRUSTWORTHY
M0024235,TRUSTWORTHY
M0024236,TRUSTWORTHY
M0024237,TRUSTWORTHY
M0024238,TRUSTWORTHY
M0024239,SUSPICIOUS
M0024240,TRUSTWORTHY
M0024241,TRUSTWORTHY
M0024242,TRUSTWORTHY
M0024243,MALICIOUS
M0024244,SUSPICIOUS
M0024245,TRUSTWORTHY
M0024246,TRUSTWORTHY
M0024247,TRUSTWORTHY
M0024248,TRUSTWORTHY
M0024249,TRUSTWORTHY
M0024250,TRUSTWORTHY
M0024251,TRUSTWORTHY
M0024252,TRUSTWORTHY
M0024253,TRUSTWORTHY
M0024254,TRUSTWORTHY
M0024255,TRUSTWORTHY
M0024256,TRUSTWORTHY
M0024257,SUSPICIOUS
M0024258,TRUSTWORTHY
M0024259,TRUSTWORTHY
M0024260,TRUSTWORTHY
M0024261,MALICIOUS
M0024262,TRUSTWORTHY
M0024263,TRUSTWORTHY
M0024264,TRUSTWORTHY
M0024265,SUSPICIOUS
M0024266,MALICIOUS
M0024267,TRUSTWORTHY
M0024268,SUSPICIOUS
M0024269,TRUSTWORTHY
M0024270,TRUSTWORTHY
M0024271,TRUSTWORTHY
M0024272,TRUSTWORTHY
M0024273,TRUSTWORTHY
M0024274,TRUSTWORTHY
M0024275,TRUSTWORTHY
M0024276,TRUSTWORTHY
M0024277,TRUSTWORTHY
M0024278,TRUSTWORTHY
M0024279,SUSPICIOUS
M0024280,TRUSTWORTHY
M0024281,SUSPICIOUS
M0024282,MALICIOUS
M0024283,TRUSTWORTHY
M0024284,TRUSTWORTHY
M0024285,TRUSTWORTHY
M0024286,SUSPICIOUS
M0024287,TRUSTWORTHY
M0024288,TRUSTWORTHY
M0024289,TRUSTWORTHY
M0024290,TRUSTWORTHY
M0024291,TRUSTWORTHY
M0024292,TRUSTWORTHY
M0024293,TRUSTWORTHY
M0024294,TRUSTWORTHY
M0024295,TRUSTWORTHY
M0024296,MALICIOUS
M0024297,TRUSTWORTHY
M0024298,SUSPICIOUS
M0024299,TRUSTWORTHY
M0024300,TRUSTWORTHY
M0024301,TRUSTWORTHY
M0024302,TRUSTWORTHY
M0024303,TRUSTWORTHY
M0024304,TRUSTWORTHY
M0024305,TRUSTWORTHY
M0024306,TRUSTWORTHY
M0024307,TRUSTWORTHY
M0024308,TRUSTWORTHY
M0024309,TRUSTWORTHY
M0024310,TRUSTWORTHY
M0024311,TRUSTWORTHY
M0024312,TRUSTWORTHY
M0024313,TRUSTWORTHY
M0024314,TRUSTWORTHY
M0024315,MALICIOUS
M0024316,TRUSTWORTHY
M0024317,SUSPICIOUS
M0024318,MALICIOUS
M0024319,TRUSTWORTHY
M0024320,TRUSTWORTHY
M0024321,SUSPICIOUS
M0024322,TRUSTWORTHY
M0024323,TRUSTWORTHY
M0024324,TRUSTWORTHY
M0024325,SUSPICIOUS
M0024326,TRUSTWORTHY
M0024327,TRUSTWORTHY
M0024328,TRUSTWORTHY
M0024329,MALICIOUS
M0024330,TRUSTWORTHY
M0024331,TRUSTWORTHY
M0024332,TRUSTWORTHY
M0024333,TRUSTWORTHY
M0024334,TRUSTWORTHY
M0024335,TRUSTWORTHY
M0024336,TRUSTWORTHY
M0024337,TRUSTWORTHY
M0024338,TRUSTWORTHY
M0024339,TRUSTWORTHY
M0024340,TRUSTWORTHY
M0024341,SUSPICIOUS
M0024342,SUSPICIOUS
M0024343,TRUSTWORTHY
M0024344,TRUSTWORTHY
M0024345,MALICIOUS
M0024346,SUSPICIOUS
M0024347,TRUSTWORTHY
M0024348,TRUSTWORTHY
M0024349,MALICIOUS
M0024350,TRUSTWORTHY
M0024351,TRUSTWORTHY
M0024352,TRUSTWORTHY
M0024353,TRUSTWORTHY
M0024354,TRUSTWORTHY
M0024355,TRUSTWORTHY
M0024356,TRUSTWORTHY
M0024357,TRUSTWORTHY
M0024358,TRUSTWORTHY
M0024359,MALICIOUS
M0024360,MALICIOUS
M0024361,TRUSTWORTHY
M0024362,TRUSTWORTHY
M0024363,MALICIOUS
M0024364,SUSPICIOUS
M0024365,TRUSTWORTHY
M0024366,TRUSTWORTHY
M0024367,TRUSTWORTHY
M0024368,TRUSTWORTHY
M0024369,TRUSTWORTHY
M0024370,TRUSTWORTHY
M0024371,SUSPICIOUS
M0024372,TRUSTWORTHY
M0024373,TRUSTWORTHY
M0024374,TRUSTWORTHY
M0024375,TRUSTWORTHY
M0024376,TRUSTWORTHY
M0024377,TRUSTWORTHY
M0024378,SUSPICIOUS
M0024379,TRUSTWORTHY
M0024380,MALICIOUS
M0024381,TRUSTWORTHY
M0024382,MALICIOUS
M0024383,TRUSTWORTHY
M0024384,TRUSTWORTHY
M0024385,TRUSTWORTHY
M0024386,SUSPICIOUS
M0024387,TRUSTWORTHY
M0024388,TRUSTWORTHY
M0024389,TRUSTWORTHY
M0024390,MALICIOUS
M0024391,TRUSTWORTHY
M0024392,SUSPICIOUS
M0024393,TRUSTWORTHY
M0024394,TRUSTWORTHY
M0024395,TRUSTWORTHY
M0024396,MALICIOUS
M0024397,TRUSTWORTHY
M0024398,MALICIOUS
M0024399,TRUSTWORTHY
M0024400,TRUSTWORTHY
M0024401,TRUSTWORTHY
M0024402,TRUSTWORTHY
M0024403,TRUSTWORTHY
M0024404,TRUSTWORTHY
M0024405,TRUSTWORTHY
M0024406,TRUSTWORTHY
M0024407,MALICIOUS
M0024408,TRUSTWORTHY
M0024409,TRUSTWORTHY
M0024410,MALICIOUS
M0024411,TRUSTWORTHY
M0024412,TRUSTWORTHY
M0024413,TRUSTWORTHY
M0024414,MALICIOUS
M0024415,MALICIOUS
M0024416,SUSPICIOUS
M0024417,TRUSTWORTHY
M0024418,TRUSTWORTHY
M0024419,TRUSTWORTHY
M0024420,TRUSTWORTHY
M0024421,TRUSTWORTHY
M0024422,TRUSTWORTHY
M0024423,TRUSTWORTHY
M0024424,TRUSTWORTHY
M0024425,TRUSTWORTHY
M0024426,TRUSTWORTHY
M0024427,MALICIOUS
M0024428,MALICIOUS
M0024429,TRUSTWORTHY
M0024430,TRUSTWORTHY
M0024431,TRUSTWORTHY
M0024432,TRUSTWORTHY
M0024433,TRUSTWORTHY
M0024434,MALICIOUS
M0024435,TRUSTWORTHY
M0024436,TRUSTWORTHY
M0024437,SUSPICIOUS
M0024438,TRUSTWORTHY
M0024439,TRUSTWORTHY
M0024440,TRUSTWORTHY
M0024441,MALICIOUS
M0024442,TRUSTWORTHY
M0024443,TRUSTWORTHY
M0024444,TRUSTWORTHY
M0024445,MALICIOUS
M0024446,TRUSTWORTHY
M0024447,TRUSTWORTHY
M0024448,SUSPICIOUS
M0024449,TRUSTWORTHY
M0024450,TRUSTWORTHY
M0024451,TRUSTWORTHY
M0024452,TRUSTWORTHY
M0024453,MALICIOUS
M0024454,MALICIOUS
M0024455,TRUSTWORTHY
M0024456,MALICIOUS
M0024457,SUSPICIOUS
M0024458,TRUSTWORTHY
M0024459,TRUSTWORTHY
M0024460,TRUSTWORTHY
M0024461,TRUSTWORTHY
M0024462,MALICIOUS
M0024463,TRUSTWORTHY
M0024464,TRUSTWORTHY
M0024465,TRUSTWORTHY
M0024466,TRUSTWORTHY
M0024467,TRUSTWORTHY
M0024468,MALICIOUS
M0024469,TRUSTWORTHY
M0024470,TRUSTWORTHY
M0024471,MALICIOUS
M0024472,TRUSTWORTHY
M0024473,TRUSTWORTHY
M0024474,SUSPICIOUS
M0024475,TRUSTWORTHY
M0024476,TRUSTWORTHY
M0024477,TRUSTWORTHY
M0024478,TRUSTWORTHY
M0024479,TRUSTWORTHY
M0024480,TRUSTWORTHY
M0024481,MALICIOUS
M0024482,TRUSTWORTHY
M0024483,TRUSTWORTHY
M0024484,TRUSTWORTHY
M0024485,TRUSTWORTHY
M0024486,TRUSTWORTHY
M0024487,TRUSTWORTHY
M0024488,TRUSTWORTHY
M0024489,TRUSTWORTHY
M0024490,MALICIOUS
M0024491,TRUSTWORTHY
M0024492,TRUSTWORTHY
M0024493,TRUSTWORTHY
M0024494,MALICIOUS
M0024495,TRUSTWORTHY
M0024496,MALICIOUS
M0024497,SUSPICIOUS
M0024498,SUSPICIOUS
M0024499,TRUSTWORTHY
M0024500,TRUSTWORTHY
M0024501,TRUSTWORTHY
M0024502,TRUSTWORTHY
M0024503,TRUSTWORTHY
M0024504,TRUSTWORTHY
M0024505,SUSPICIOUS
M0024506,SUSPICIOUS
M0024507,TRUSTWORTHY
M0024508,SUSPICIOUS
M0024509,SUSPICIOUS
M0024510,TRUSTWORTHY
M0024511,SUSPICIOUS
M0024512,TRUSTWORTHY
M0024513,TRUSTWORTHY
M0024514,TRUSTWORTHY
M0024515,TRUSTWORTHY
M0024516,TRUSTWORTHY
M0024517,TRUSTWORTHY
M0024518,TRUSTWORTHY
M0024519,SUSPICIOUS
M0024520,TRUSTWORTHY
M0024521,TRUSTWORTHY
M0024522,TRUSTWORTHY
M0024523,TRUSTWORTHY
M0024524,TRUSTWORTHY
M0024525,TRUSTWORTHY
M0024526,TRUSTWORTHY
M0024527,TRUSTWORTHY
M0024528,TRUSTWORTHY
M0024529,TRUSTWORTHY
M0024530,TRUSTWORTHY
M0024531,TRUSTWORTHY
M0024532,SUSPICIOUS
M0024533,TRUSTWORTHY
M0024534,TRUSTWORTHY
M0024535,MALICIOUS
M0024536,TRUSTWORTHY
M0024537,MALICIOUS
M0024538,TRUSTWORTHY
M0024539,TRUSTWORTHY
M0024540,TRUSTWORTHY
M0024541,SUSPICIOUS
M0024542,TRUSTWORTHY
M0024543,TRUSTWORTHY
M0024544,TRUSTWORTHY
M0024545,TRUSTWORTHY
M0024546,TRUSTWORTHY
M0024547,TRUSTWORTHY
M0024548,TRUSTWORTHY
M0024549,MALICIOUS
M0024550,TRUSTWORTHY
M0024551,TRUSTWORTHY
M0024552,TRUSTWORTHY
M0024553,TRUSTWORTHY
M0024554,TRUSTWORTHY
M0024555,TRUSTWORTHY
M0024556,TRUSTWORTHY
M0024557,TRUSTWORTHY
M0024558,MALICIOUS
M0024559,TRUSTWORTHY
M0024560,SUSPICIOUS
M0024561,TRUSTWORTHY
M0024562,TRUSTWORTHY
M0024563,TRUSTWORTHY
M0024564,TRUSTWORTHY
M0024565,TRUSTWORTHY
M0024566,TRUSTWORTHY
M0024567,TRUSTWORTHY
M0024568,MALICIOUS
M0024569,TRUSTWORTHY
M0024570,TRUSTWORTHY
M0024571,TRUSTWORTHY
M0024572,MALICIOUS
M0024573,TRUSTWORTHY
M0024574,TRUSTWORTHY
M0024575,TRUSTWORTHY
M0024576,TRUSTWORTHY
M0024577,SUSPICIOUS
M0024578,TRUSTWORTHY
M0024579,TRUSTWORTHY
M0024580,SUSPICIOUS
M0024581,TRUSTWORTHY
M0024582,TRUSTWORTHY
M0024583,TRUSTWORTHY
M0024584,TRUSTWORTHY
M0024585,SUSPICIOUS
M0024586,MALICIOUS
M0024587,TRUSTWORTHY
M0024588,SUSPICIOUS
M0024589,TRUSTWORTHY
M0024590,TRUSTWORTHY
M0024591,TRUSTWORTHY
M0024592,MALICIOUS
M0024593,TRUSTWORTHY
M0024594,TRUSTWORTHY
M0024595,SUSPICIOUS
M0024596,SUSPICIOUS
M0024597,TRUSTWORTHY
M0024598,MALICIOUS
M0024599,TRUSTWORTHY
M0024600,TRUSTWORTHY
M0024601,TRUSTWORTHY
M0024602,TRUSTWORTHY
M0024603,TRUSTWORTHY
M0024604,TRUSTWORTHY
M0024605,TRUSTWORTHY
M0024606,TRUSTWORTHY
M0024607,TRUSTWORTHY
M0024608,TRUSTWORTHY
M0024609,TRUSTWORTHY
M0024610,TRUSTWORTHY
M0024611,SUSPICIOUS
M0024612,TRUSTWORTHY
M0024613,TRUSTWORTHY
M0024614,MALICIOUS
M0024615,TRUSTWORTHY
M0024616,TRUSTWORTHY
M0024617,TRUSTWORTHY
M0024618,TRUSTWORTHY
M0024619,SUSPICIOUS
M0024620,TRUSTWORTHY
M0024621,TRUSTWORTHY
M0024622,TRUSTWORTHY
M0024623,TRUSTWORTHY
M0024624,TRUSTWORTHY
M0024625,TRUSTWORTHY
M0024626,TRUSTWORTHY
M0024627,TRUSTWORTHY
M0024628,TRUSTWORTHY
M0024629,TRUSTWORTHY
M0024630,TRUSTWORTHY
M0024631,SUSPICIOUS
M0024632,MALICIOUS
M0024633,TRUSTWORTHY
M0024634,TRUSTWORTHY
M0024635,TRUSTWORTHY
M0024636,TRUSTWORTHY
M0024637,SUSPICIOUS
M0024638,TRUSTWORTHY
M0024639,MALICIOUS
M0024640,MALICIOUS
M0024641,TRUSTWORTHY
M0024642,TRUSTWORTHY
M0024643,TRUSTWORTHY
M0024644,TRUSTWORTHY
M0024645,TRUSTWORTHY
M0024646,TRUSTWORTHY
M0024647,TRUSTWORTHY
M0024648,SUSPICIOUS
M0024649,TRUSTWORTHY
M0024650,TRUSTWORTHY
M0024651,TRUSTWORTHY
M0024652,SUSPICIOUS
M0024653,TRUSTWORTHY
M0024654,MALICIOUS
M0024655,TRUSTWORTHY
M0024656,TRUSTWORTHY
M0024657,TRUSTWORTHY
M0024658,SUSPICIOUS
M0024659,TRUSTWORTHY
M0024660,SUSPICIOUS
M0024661,SUSPICIOUS
M0024662,TRUSTWORTHY
M0024663,TRUSTWORTHY
M0024664,TRUSTWORTHY
M0024665,TRUSTWORTHY
M0024666,TRUSTWORTHY
M0024667,TRUSTWORTHY
M0024668,TRUSTWORTHY
M0024669,MALICIOUS
M0024670,TRUSTWORTHY
M0024671,TRUSTWORTHY
M0024672,TRUSTWORTHY
M0024673,TRUSTWORTHY
M0024674,TRUSTWORTHY
M0024675,TRUSTWORTHY
M0024676,SUSPICIOUS
M0024677,TRUSTWORTHY
M0024678,TRUSTWORTHY
M0024679,TRUSTWORTHY
M0024680,MALICIOUS
M0024681,TRUSTWORTHY
M0024682,TRUSTWORTHY
M0024683,MALICIOUS
M0024684,SUSPICIOUS
M0024685,SUSPICIOUS
M0024686,SUSPICIOUS
M0024687,TRUSTWORTHY
M0024688,TRUSTWORTHY
M0024689,TRUSTWORTHY
M0024690,TRUSTWORTHY
M0024691,TRUSTWORTHY
M0024692,TRUSTWORTHY
M0024693,TRUSTWORTHY
M0024694,SUSPICIOUS
M0024695,TRUSTWORTHY
M0024696,TRUSTWORTHY
M0024697,TRUSTWORTHY
M0024698,SUSPICIOUS
M0024699,TRUSTWORTHY
M0024700,TRUSTWORTHY
M0024701,TRUSTWORTHY
M0024702,SUSPICIOUS
M0024703,TRUSTWORTHY
M0024704,MALICIOUS
M0024705,MALICIOUS
M0024706,TRUSTWORTHY
M0024707,TRUSTWORTHY
M0024708,TRUSTWORTHY
M0024709,TRUSTWORTHY
M0024710,MALICIOUS
M0024711,TRUSTWORTHY
M0024712,TRUSTWORTHY
M0024713,TRUSTWORTHY
M0024714,TRUSTWORTHY
M0024715,SUSPICIOUS
M0024716,SUSPICIOUS
M0024717,TRUSTWORTHY
M0024718,TRUSTWORTHY
M0024719,TRUSTWORTHY
M0024720,TRUSTWORTHY
M0024721,TRUSTWORTHY
M0024722,TRUSTWORTHY
M0024723,SUSPICIOUS
M0024724,MALICIOUS
M0024725,TRUSTWORTHY
M0024726,MALICIOUS
M0024727,TRUSTWORTHY
M0024728,TRUSTWORTHY
M0024729,TRUSTWORTHY
M0024730,TRUSTWORTHY
M0024731,TRUSTWORTHY
M0024732,TRUSTWORTHY
M0024733,TRUSTWORTHY
M0024734,SUSPICIOUS
M0024735,TRUSTWORTHY
M0024736,TRUSTWORTHY
M0024737,TRUSTWORTHY
M0024738,TRUSTWORTHY
M0024739,TRUSTWORTHY
M0024740,SUSPICIOUS
M0024741,TRUSTWORTHY
M0024742,TRUSTWORTHY
M0024743,TRUSTWORTHY
M0024744,TRUSTWORTHY
M0024745,TRUSTWORTHY
M0024746,TRUSTWORTHY
M0024747,TRUSTWORTHY
M0024748,TRUSTWORTHY
M0024749,TRUSTWORTHY
M0024750,TRUSTWORTHY
M0024751,TRUSTWORTHY
M0024752,TRUSTWORTHY
M0024753,TRUSTWORTHY
M0024754,TRUSTWORTHY
M0024755,TRUSTWORTHY
M0024756,TRUSTWORTHY
M0024757,TRUSTWORTHY
M0024758,MALICIOUS
M0024759,TRUSTWORTHY
M0024760,SUSPICIOUS
M0024761,TRUSTWORTHY
M0024762,TRUSTWORTHY
M0024763,TRUSTWORTHY
M0024764,TRUSTWORTHY
M0024765,TRUSTWORTHY
M0024766,TRUSTWORTHY
M0024767,TRUSTWORTHY
M0024768,TRUSTWORTHY
M0024769,SUSPICIOUS
M0024770,TRUSTWORTHY
M0024771,TRUSTWORTHY
M0024772,MALICIOUS
M0024773,TRUSTWORTHY
M0024774,TRUSTWORTHY
M0024775,TRUSTWORTHY
M0024776,TRUSTWORTHY
M0024777,TRUSTWORTHY
M0024778,SUSPICIOUS
M0024779,TRUSTWORTHY
M0024780,TRUSTWORTHY
M0024781,TRUSTWORTHY
M0024782,TRUSTWORTHY
M0024783,SUSPICIOUS
M0024784,MALICIOUS
M0024785,TRUSTWORTHY
M0024786,TRUSTWORTHY
M0024787,TRUSTWORTHY
M0024788,TRUSTWORTHY
M0024789,SUSPICIOUS
M0024790,TRUSTWORTHY
M0024791,TRUSTWORTHY
M0024792,TRUSTWORTHY
M0024793,TRUSTWORTHY
M0024794,TRUSTWORTHY
M0024795,TRUSTWORTHY
M0024796,TRUSTWORTHY
M0024797,SUSPICIOUS
M0024798,TRUSTWORTHY
M0024799,TRUSTWORTHY
M0024800,TRUSTWORTHY
M0024801,TRUSTWORTHY
M0024802,TRUSTWORTHY
M0024803,TRUSTWORTHY
M0024804,TRUSTWORTHY
M0024805,TRUSTWORTHY
M0024806,TRUSTWORTHY
M0024807,TRUSTWORTHY
M0024808,TRUSTWORTHY
M0024809,TRUSTWORTHY
M0024810,TRUSTWORTHY
M0024811,TRUSTWORTHY
M0024812,TRUSTWORTHY
M0024813,TRUSTWORTHY
M0024814,TRUSTWORTHY
M0024815,TRUSTWORTHY
M0024816,TRUSTWORTHY
M0024817,SUSPICIOUS
M0024818,TRUSTWORTHY
M0024819,TRUSTWORTHY
M0024820,TRUSTWORTHY
M0024821,TRUSTWORTHY
M0024822,SUSPICIOUS
M0024823,TRUSTWORTHY
M0024824,SUSPICIOUS
M0024825,TRUSTWORTHY
M0024826,SUSPICIOUS
M0024827,SUSPICIOUS
M0024828,SUSPICIOUS
M0024829,TRUSTWORTHY
M0024830,SUSPICIOUS
M0024831,TRUSTWORTHY
M0024832,TRUSTWORTHY
M0024833,TRUSTWORTHY
M0024834,TRUSTWORTHY
M0024835,MALICIOUS
M0024836,MALICIOUS
M0024837,TRUSTWORTHY
M0024838,TRUSTWORTHY
M0024839,TRUSTWORTHY
M0024840,TRUSTWORTHY
M0024841,TRUSTWORTHY
M0024842,MALICIOUS
M0024843,TRUSTWORTHY
M0024844,TRUSTWORTHY
M0024845,TRUSTWORTHY
M0024846,TRUSTWORTHY
M0024847,TRUSTWORTHY
M0024848,TRUSTWORTHY
M0024849,TRUSTWORTHY
M0024850,MALICIOUS
M0024851,TRUSTWORTHY
M0024852,TRUSTWORTHY
M0024853,TRUSTWORTHY
M0024854,MALICIOUS
M0024855,TRUSTWORTHY
M0024856,TRUSTWORTHY
M0024857,TRUSTWORTHY
M0024858,TRUSTWORTHY
M0024859,MALICIOUS
M0024860,MALICIOUS
M0024861,SUSPICIOUS
M0024862,TRUSTWORTHY
M0024863,TRUSTWORTHY
M0024864,TRUSTWORTHY
M0024865,TRUSTWORTHY
M0024866,TRUSTWORTHY
M0024867,TRUSTWORTHY
M0024868,TRUSTWORTHY
M0024869,SUSPICIOUS
M0024870,TRUSTWORTHY
M0024871,SUSPICIOUS
M0024872,TRUSTWORTHY
M0024873,TRUSTWORTHY
M0024874,TRUSTWORTHY
M0024875,TRUSTWORTHY
M0024876,TRUSTWORTHY
M0024877,TRUSTWORTHY
M0024878,TRUSTWORTHY
M0024879,TRUSTWORTHY
M0024880,SUSPICIOUS
M0024881,TRUSTWORTHY
M0024882,TRUSTWORTHY
M0024883,TRUSTWORTHY
M0024884,TRUSTWORTHY
M0024885,TRUSTWORTHY
M0024886,TRUSTWORTHY
M0024887,TRUSTWORTHY
M0024888,TRUSTWORTHY
M0024889,MALICIOUS
M0024890,TRUSTWORTHY
M0024891,TRUSTWORTHY
M0024892,TRUSTWORTHY
M0024893,TRUSTWORTHY
M0024894,TRUSTWORTHY
M0024895,TRUSTWORTHY
M0024896,SUSPICIOUS
M0024897,TRUSTWORTHY
M0024898,TRUSTWORTHY
M0024899,TRUSTWORTHY
M0024900,TRUSTWORTHY
M0024901,MALICIOUS
M0024902,TRUSTWORTHY
M0024903,TRUSTWORTHY
M0024904,MALICIOUS
M0024905,SUSPICIOUS
M0024906,TRUSTWORTHY
M0024907,MALICIOUS
M0024908,TRUSTWORTHY
M0024909,SUSPICIOUS
M0024910,TRUSTWORTHY
M0024911,TRUSTWORTHY
M0024912,SUSPICIOUS
M0024913,MALICIOUS
M0024914,TRUSTWORTHY
M0024915,TRUSTWORTHY
M0024916,TRUSTWORTHY
M0024917,MALICIOUS
M0024918,TRUSTWORTHY
M0024919,TRUSTWORTHY
M0024920,TRUSTWORTHY
M0024921,TRUSTWORTHY
M0024922,TRUSTWORTHY
M0024923,TRUSTWORTHY
M0024924,MALICIOUS
M0024925,TRUSTWORTHY
M0024926,TRUSTWORTHY
M0024927,TRUSTWORTHY
M0024928,SUSPICIOUS
M0024929,TRUSTWORTHY
M0024930,TRUSTWORTHY
M0024931,TRUSTWORTHY
M0024932,TRUSTWORTHY
M0024933,SUSPICIOUS
M0024934,MALICIOUS
M0024935,TRUSTWORTHY
M0024936,TRUSTWORTHY
M0024937,TRUSTWORTHY
M0024938,SUSPICIOUS
M0024939,TRUSTWORTHY
M0024940,TRUSTWORTHY
M0024941,TRUSTWORTHY
M0024942,TRUSTWORTHY
M0024943,SUSPICIOUS
M0024944,SUSPICIOUS
M0024945,TRUSTWORTHY
M0024946,TRUSTWORTHY
M0024947,TRUSTWORTHY
M0024948,TRUSTWORTHY
M0024949,TRUSTWORTHY
M0024950,TRUSTWORTHY
M0024951,TRUSTWORTHY
M0024952,TRUSTWORTHY
M0024953,TRUSTWORTHY
M0024954,TRUSTWORTHY
M0024955,TRUSTWORTHY
M0024956,TRUSTWORTHY
M0024957,SUSPICIOUS
M0024958,TRUSTWORTHY
M0024959,MALICIOUS
M0024960,TRUSTWORTHY
M0024961,TRUSTWORTHY
M0024962,TRUSTWORTHY
M0024963,TRUSTWORTHY
M0024964,TRUSTWORTHY
M0024965,TRUSTWORTHY
M0024966,TRUSTWORTHY
M0024967,SUSPICIOUS
M0024968,TRUSTWORTHY
M0024969,MALICIOUS
M0024970,TRUSTWORTHY
M0024971,TRUSTWORTHY
M0024972,TRUSTWORTHY
M0024973,TRUSTWORTHY
M0024974,TRUSTWORTHY
M0024975,TRUSTWORTHY
M0024976,SUSPICIOUS
M0024977,TRUSTWORTHY
M0024978,TRUSTWORTHY
M0024979,TRUSTWORTHY
M0024980,TRUSTWORTHY
M0024981,MALICIOUS
M0024982,TRUSTWORTHY
M0024983,SUSPICIOUS
M0024984,TRUSTWORTHY
M0024985,SUSPICIOUS
M0024986,TRUSTWORTHY
M0024987,TRUSTWORTHY
M0024988,TRUSTWORTHY
M0024989,MALICIOUS
M0024990,TRUSTWORTHY
M0024991,TRUSTWORTHY
M0024992,TRUSTWORTHY
M0024993,TRUSTWORTHY
M0024994,MALICIOUS
M0024995,MALICIOUS
M0024996,TRUSTWORTHY
M0024997,SUSPICIOUS
M0024998,TRUSTWORTHY
M0024999,TRUSTWORTHY
M0025000,TRUSTWORTHY
M0025001,SUSPICIOUS
M0025002,TRUSTWORTHY
M0025003,TRUSTWORTHY
M0025004,TRUSTWORTHY
M0025005,TRUSTWORTHY
M0025006,TRUSTWORTHY
M0025007,TRUSTWORTHY
M0025008,TRUSTWORTHY
M0025009,TRUSTWORTHY
M0025010,SUSPICIOUS
M0025011,SUSPICIOUS
M0025012,TRUSTWORTHY
M0025013,TRUSTWORTHY
M0025014,SUSPICIOUS
M0025015,SUSPICIOUS
M0025016,TRUSTWORTHY
M0025017,TRUSTWORTHY
M0025018,SUSPICIOUS
M0025019,TRUSTWORTHY
M0025020,TRUSTWORTHY
M0025021,TRUSTWORTHY
M0025022,TRUSTWORTHY
M0025023,TRUSTWORTHY
M0025024,TRUSTWORTHY
M0025025,MALICIOUS
M0025026,TRUSTWORTHY
M0025027,TRUSTWORTHY
M0025028,TRUSTWORTHY
M0025029,TRUSTWORTHY
M0025030,TRUSTWORTHY
M0025031,TRUSTWORTHY
M0025032,TRUSTWORTHY
M0025033,SUSPICIOUS
M0025034,TRUSTWORTHY
M0025035,TRUSTWORTHY
M0025036,TRUSTWORTHY
M0025037,SUSPICIOUS
M0025038,TRUSTWORTHY
M0025039,TRUSTWORTHY
M0025040,TRUSTWORTHY
M0025041,TRUSTWORTHY
M0025042,TRUSTWORTHY
M0025043,TRUSTWORTHY
M0025044,TRUSTWORTHY
M0025045,SUSPICIOUS
M0025046,TRUSTWORTHY
M0025047,MALICIOUS
M0025048,MALICIOUS
M0025049,TRUSTWORTHY
M0025050,TRUSTWORTHY
M0025051,TRUSTWORTHY
M0025052,TRUSTWORTHY
M0025053,TRUSTWORTHY
M0025054,TRUSTWORTHY
M0025055,TRUSTWORTHY
M0025056,TRUSTWORTHY
M0025057,TRUSTWORTHY
M0025058,SUSPICIOUS
M0025059,MALICIOUS
M0025060,TRUSTWORTHY
M0025061,TRUSTWORTHY
M0025062,TRUSTWORTHY
M0025063,TRUSTWORTHY
M0025064,TRUSTWORTHY
M0025065,TRUSTWORTHY
M0025066,TRUSTWORTHY
M0025067,MALICIOUS
M0025068,MALICIOUS
M0025069,TRUSTWORTHY
M0025070,TRUSTWORTHY
M0025071,TRUSTWORTHY
M0025072,SUSPICIOUS
M0025073,TRUSTWORTHY
M0025074,TRUSTWORTHY
M0025075,TRUSTWORTHY
M0025076,MALICIOUS
M0025077,TRUSTWORTHY
M0025078,TRUSTWORTHY
M0025079,TRUSTWORTHY
M0025080,MALICIOUS
M0025081,MALICIOUS
M0025082,SUSPICIOUS
M0025083,SUSPICIOUS
M0025084,TRUSTWORTHY
M0025085,TRUSTWORTHY
M0025086,TRUSTWORTHY
M0025087,TRUSTWORTHY
M0025088,TRUSTWORTHY
M0025089,MALICIOUS
M0025090,MALICIOUS
M0025091,TRUSTWORTHY
M0025092,TRUSTWORTHY
M0025093,SUSPICIOUS
M0025094,MALICIOUS
M0025095,TRUSTWORTHY
M0025096,TRUSTWORTHY
M0025097,TRUSTWORTHY
M0025098,TRUSTWORTHY
M0025099,TRUSTWORTHY
M0025100,TRUSTWORTHY
M0025101,MALICIOUS
M0025102,SUSPICIOUS
M0025103,TRUSTWORTHY
M0025104,TRUSTWORTHY
M0025105,TRUSTWORTHY
M0025106,TRUSTWORTHY
M0025107,TRUSTWORTHY
M0025108,TRUSTWORTHY
M0025109,SUSPICIOUS
M0025110,TRUSTWORTHY
M0025111,MALICIOUS
M0025112,TRUSTWORTHY
M0025113,TRUSTWORTHY
M0025114,TRUSTWORTHY
M0025115,TRUSTWORTHY
M0025116,TRUSTWORTHY
M0025117,TRUSTWORTHY
M0025118,SUSPICIOUS
M0025119,TRUSTWORTHY
M0025120,TRUSTWORTHY
M0025121,TRUSTWORTHY
M0025122,TRUSTWORTHY
M0025123,SUSPICIOUS
M0025124,MALICIOUS
M0025125,SUSPICIOUS
M0025126,TRUSTWORTHY
M0025127,TRUSTWORTHY
M0025128,TRUSTWORTHY
M0025129,SUSPICIOUS
M0025130,TRUSTWORTHY
M0025131,TRUSTWORTHY
M0025132,TRUSTWORTHY
M0025133,TRUSTWORTHY
M0025134,TRUSTWORTHY
M0025135,MALICIOUS
M0025136,TRUSTWORTHY
M0025137,MALICIOUS
M0025138,TRUSTWORTHY
M0025139,TRUSTWORTHY
M0025140,TRUSTWORTHY
M0025141,TRUSTWORTHY
M0025142,SUSPICIOUS
M0025143,TRUSTWORTHY
M0025144,SUSPICIOUS
M0025145,SUSPICIOUS
M0025146,SUSPICIOUS
M0025147,TRUSTWORTHY
M0025148,SUSPICIOUS
M0025149,TRUSTWORTHY
M0025150,SUSPICIOUS
M0025151,TRUSTWORTHY
M0025152,TRUSTWORTHY
M0025153,MALICIOUS
M0025154,TRUSTWORTHY
M0025155,TRUSTWORTHY
M0025156,TRUSTWORTHY
M0025157,TRUSTWORTHY
M0025158,TRUSTWORTHY
M0025159,TRUSTWORTHY
M0025160,TRUSTWORTHY
M0025161,MALICIOUS
M0025162,TRUSTWORTHY
M0025163,SUSPICIOUS
M0025164,TRUSTWORTHY
M0025165,TRUSTWORTHY
M0025166,MALICIOUS
M0025167,TRUSTWORTHY
M0025168,MALICIOUS
M0025169,TRUSTWORTHY
M0025170,TRUSTWORTHY
M0025171,TRUSTWORTHY
M0025172,TRUSTWORTHY
M0025173,TRUSTWORTHY
M0025174,TRUSTWORTHY
M0025175,SUSPICIOUS
M0025176,TRUSTWORTHY
M0025177,TRUSTWORTHY
M0025178,TRUSTWORTHY
M0025179,TRUSTWORTHY
M0025180,TRUSTWORTHY
M0025181,SUSPICIOUS
M0025182,TRUSTWORTHY
M0025183,TRUSTWORTHY
M0025184,TRUSTWORTHY
M0025185,TRUSTWORTHY
M0025186,TRUSTWORTHY
M0025187,TRUSTWORTHY
M0025188,SUSPICIOUS
M0025189,TRUSTWORTHY
M0025190,TRUSTWORTHY
M0025191,TRUSTWORTHY
M0025192,TRUSTWORTHY
M0025193,TRUSTWORTHY
M0025194,MALICIOUS
M0025195,TRUSTWORTHY
M0025196,TRUSTWORTHY
M0025197,MALICIOUS
M0025198,TRUSTWORTHY
M0025199,TRUSTWORTHY
M0025200,TRUSTWORTHY
M0025201,SUSPICIOUS
M0025202,TRUSTWORTHY
M0025203,TRUSTWORTHY
M0025204,TRUSTWORTHY
M0025205,TRUSTWORTHY
M0025206,SUSPICIOUS
M0025207,TRUSTWORTHY
M0025208,TRUSTWORTHY
M0025209,TRUSTWORTHY
M0025210,TRUSTWORTHY
M0025211,TRUSTWORTHY
M0025212,TRUSTWORTHY
M0025213,TRUSTWORTHY
M0025214,TRUSTWORTHY
M0025215,TRUSTWORTHY
M0025216,TRUSTWORTHY
M0025217,TRUSTWORTHY
M0025218,MALICIOUS
M0025219,SUSPICIOUS
M0025220,TRUSTWORTHY
M0025221,TRUSTWORTHY
M0025222,MALICIOUS
M0025223,TRUSTWORTHY
M0025224,TRUSTWORTHY
M0025225,SUSPICIOUS
M0025226,TRUSTWORTHY
M0025227,SUSPICIOUS
M0025228,TRUSTWORTHY
M0025229,TRUSTWORTHY
M0025230,TRUSTWORTHY
M0025231,SUSPICIOUS
M0025232,TRUSTWORTHY
M0025233,TRUSTWORTHY
M0025234,TRUSTWORTHY
M0025235,MALICIOUS
M0025236,TRUSTWORTHY
M0025237,TRUSTWORTHY
M0025238,TRUSTWORTHY
M0025239,TRUSTWORTHY
M0025240,TRUSTWORTHY
M0025241,TRUSTWORTHY
M0025242,TRUSTWORTHY
M0025243,TRUSTWORTHY
M0025244,TRUSTWORTHY
M0025245,TRUSTWORTHY
M0025246,TRUSTWORTHY
M0025247,TRUSTWORTHY
M0025248,TRUSTWORTHY
M0025249,TRUSTWORTHY
M0025250,TRUSTWORTHY
M0025251,MALICIOUS
M0025252,TRUSTWORTHY
M0025253,TRUSTWORTHY
M0025254,TRUSTWORTHY
M0025255,TRUSTWORTHY
M0025256,TRUSTWORTHY
M0025257,TRUSTWORTHY
M0025258,TRUSTWORTHY
M0025259,SUSPICIOUS
M0025260,SUSPICIOUS
M0025261,SUSPICIOUS
M0025262,TRUSTWORTHY
M0025263,TRUSTWORTHY
M0025264,TRUSTWORTHY
M0025265,TRUSTWORTHY
M0025266,TRUSTWORTHY
M0025267,MALICIOUS
M0025268,MALICIOUS
M0025269,TRUSTWORTHY
M0025270,TRUSTWORTHY
M0025271,TRUSTWORTHY
M0025272,TRUSTWORTHY
M0025273,TRUSTWORTHY
M0025274,TRUSTWORTHY
M0025275,TRUSTWORTHY
M0025276,TRUSTWORTHY
M0025277,TRUSTWORTHY
M0025278,MALICIOUS
M0025279,TRUSTWORTHY
M0025280,TRUSTWORTHY
M0025281,TRUSTWORTHY
M0025282,TRUSTWORTHY
M0025283,TRUSTWORTHY
M0025284,TRUSTWORTHY
M0025285,TRUSTWORTHY
M0025286,TRUSTWORTHY
M0025287,TRUSTWORTHY
M0025288,TRUSTWORTHY
M0025289,TRUSTWORTHY
M0025290,TRUSTWORTHY
M0025291,TRUSTWORTHY
M0025292,TRUSTWORTHY
M0025293,TRUSTWORTHY
M0025294,TRUSTWORTHY
M0025295,SUSPICIOUS
M0025296,TRUSTWORTHY
M0025297,MALICIOUS
M0025298,TRUSTWORTHY
M0025299,TRUSTWORTHY
M0025300,TRUSTWORTHY
M0025301,TRUSTWORTHY
M0025302,MALICIOUS
M0025303,MALICIOUS
M0025304,TRUSTWORTHY
M0025305,TRUSTWORTHY
M0025306,TRUSTWORTHY
M0025307,TRUSTWORTHY
M0025308,TRUSTWORTHY
M0025309,TRUSTWORTHY
M0025310,TRUSTWORTHY
M0025311,MALICIOUS
M0025312,TRUSTWORTHY
M0025313,TRUSTWORTHY
M0025314,TRUSTWORTHY
M0025315,TRUSTWORTHY
M0025316,TRUSTWORTHY
M0025317,TRUSTWORTHY
M0025318,TRUSTWORTHY
M0025319,TRUSTWORTHY
M0025320,SUSPICIOUS
M0025321,TRUSTWORTHY
M0025322,TRUSTWORTHY
M0025323,TRUSTWORTHY
M0025324,TRUSTWORTHY
M0025325,TRUSTWORTHY
M0025326,TRUSTWORTHY
M0025327,TRUSTWORTHY
M0025328,SUSPICIOUS
M0025329,TRUSTWORTHY
M0025330,TRUSTWORTHY
M0025331,TRUSTWORTHY
M0025332,TRUSTWORTHY
M0025333,SUSPICIOUS
M0025334,TRUSTWORTHY
M0025335,MALICIOUS
M0025336,SUSPICIOUS
M0025337,TRUSTWORTHY
M0025338,SUSPICIOUS
M0025339,TRUSTWORTHY
M0025340,MALICIOUS
M0025341,SUSPICIOUS
M0025342,TRUSTWORTHY
M0025343,TRUSTWORTHY
M0025344,TRUSTWORTHY
M0025345,TRUSTWORTHY
M0025346,SUSPICIOUS
M0025347,TRUSTWORTHY
M0025348,TRUSTWORTHY
M0025349,TRUSTWORTHY
M0025350,TRUSTWORTHY
M0025351,SUSPICIOUS
M0025352,SUSPICIOUS
M0025353,TRUSTWORTHY
M0025354,TRUSTWORTHY
M0025355,TRUSTWORTHY
M0025356,TRUSTWORTHY
M0025357,TRUSTWORTHY
M0025358,TRUSTWORTHY
M0025359,TRUSTWORTHY
M0025360,MALICIOUS
M0025361,MALICIOUS
M0025362,TRUSTWORTHY
M0025363,TRUSTWORTHY
M0025364,TRUSTWORTHY
M0025365,TRUSTWORTHY
M0025366,TRUSTWORTHY
M0025367,TRUSTWORTHY
M0025368,TRUSTWORTHY
M0025369,MALICIOUS
M0025370,TRUSTWORTHY
M0025371,TRUSTWORTHY
M0025372,TRUSTWORTHY
M0025373,TRUSTWORTHY
M0025374,TRUSTWORTHY
M0025375,TRUSTWORTHY
M0025376,TRUSTWORTHY
M0025377,SUSPICIOUS
M0025378,TRUSTWORTHY
M0025379,TRUSTWORTHY
M0025380,MALICIOUS
M0025381,TRUSTWORTHY
M0025382,TRUSTWORTHY
M0025383,TRUSTWORTHY
M0025384,TRUSTWORTHY
M0025385,TRUSTWORTHY
M0025386,SUSPICIOUS
M0025387,TRUSTWORTHY
M0025388,TRUSTWORTHY
M0025389,MALICIOUS
M0025390,SUSPICIOUS
M0025391,TRUSTWORTHY
M0025392,TRUSTWORTHY
M0025393,TRUSTWORTHY
M0025394,MALICIOUS
M0025395,TRUSTWORTHY
M0025396,TRUSTWORTHY
M0025397,TRUSTWORTHY
M0025398,TRUSTWORTHY
M0025399,TRUSTWORTHY
M0025400,TRUSTWORTHY
M0025401,MALICIOUS
M0025402,TRUSTWORTHY
M0025403,TRUSTWORTHY
M0025404,SUSPICIOUS
M0025405,TRUSTWORTHY
M0025406,TRUSTWORTHY
M0025407,MALICIOUS
M0025408,TRUSTWORTHY
M0025409,TRUSTWORTHY
M0025410,TRUSTWORTHY
M0025411,TRUSTWORTHY
M0025412,SUSPICIOUS
M0025413,TRUSTWORTHY
M0025414,TRUSTWORTHY
M0025415,TRUSTWORTHY
M0025416,TRUSTWORTHY
M0025417,TRUSTWORTHY
M0025418,TRUSTWORTHY
M0025419,TRUSTWORTHY
M0025420,TRUSTWORTHY
M0025421,TRUSTWORTHY
M0025422,TRUSTWORTHY
M0025423,TRUSTWORTHY
M0025424,TRUSTWORTHY
M0025425,TRUSTWORTHY
M0025426,TRUSTWORTHY
M0025427,TRUSTWORTHY
M0025428,TRUSTWORTHY
M0025429,TRUSTWORTHY
M0025430,TRUSTWORTHY
M0025431,TRUSTWORTHY
M0025432,TRUSTWORTHY
M0025433,TRUSTWORTHY
M0025434,MALICIOUS
M0025435,SUSPICIOUS
M0025436,TRUSTWORTHY
M0025437,TRUSTWORTHY
M0025438,MALICIOUS
M0025439,TRUSTWORTHY
M0025440,MALICIOUS
M0025441,TRUSTWORTHY
M0025442,MALICIOUS
M0025443,TRUSTWORTHY
M0025444,SUSPICIOUS
M0025445,SUSPICIOUS
M0025446,TRUSTWORTHY
M0025447,TRUSTWORTHY
M0025448,TRUSTWORTHY
M0025449,TRUSTWORTHY
M0025450,SUSPICIOUS
M0025451,TRUSTWORTHY
M0025452,SUSPICIOUS
M0025453,TRUSTWORTHY
M0025454,TRUSTWORTHY
M0025455,TRUSTWORTHY
M0025456,TRUSTWORTHY
M0025457,TRUSTWORTHY
M0025458,TRUSTWORTHY
M0025459,TRUSTWORTHY
M0025460,TRUSTWORTHY
M0025461,TRUSTWORTHY
M0025462,SUSPICIOUS
M0025463,TRUSTWORTHY
M0025464,TRUSTWORTHY
M0025465,TRUSTWORTHY
M0025466,TRUSTWORTHY
M0025467,TRUSTWORTHY
M0025468,TRUSTWORTHY
M0025469,TRUSTWORTHY
M0025470,TRUSTWORTHY
M0025471,TRUSTWORTHY
M0025472,TRUSTWORTHY
M0025473,TRUSTWORTHY
M0025474,TRUSTWORTHY
M0025475,TRUSTWORTHY
M0025476,TRUSTWORTHY
M0025477,TRUSTWORTHY
M0025478,TRUSTWORTHY
M0025479,TRUSTWORTHY
M0025480,TRUSTWORTHY
M0025481,MALICIOUS
M0025482,TRUSTWORTHY
M0025483,TRUSTWORTHY
M0025484,SUSPICIOUS
M0025485,SUSPICIOUS
M0025486,TRUSTWORTHY
M0025487,TRUSTWORTHY
M0025488,TRUSTWORTHY
M0025489,TRUSTWORTHY
M0025490,TRUSTWORTHY
M0025491,TRUSTWORTHY
M0025492,TRUSTWORTHY
M0025493,SUSPICIOUS
M0025494,TRUSTWORTHY
M0025495,TRUSTWORTHY
M0025496,SUSPICIOUS
M0025497,TRUSTWORTHY
M0025498,TRUSTWORTHY
M0025499,TRUSTWORTHY
M0025500,TRUSTWORTHY
M0025501,TRUSTWORTHY
M0025502,SUSPICIOUS
M0025503,TRUSTWORTHY
M0025504,MALICIOUS
M0025505,TRUSTWORTHY
M0025506,MALICIOUS
M0025507,MALICIOUS
M0025508,TRUSTWORTHY
M0025509,MALICIOUS
M0025510,TRUSTWORTHY
M0025511,TRUSTWORTHY
M0025512,TRUSTWORTHY
M0025513,TRUSTWORTHY
M0025514,MALICIOUS
M0025515,SUSPICIOUS
M0025516,TRUSTWORTHY
M0025517,TRUSTWORTHY
M0025518,TRUSTWORTHY
M0025519,SUSPICIOUS
M0025520,SUSPICIOUS
M0025521,SUSPICIOUS
M0025522,TRUSTWORTHY
M0025523,TRUSTWORTHY
M0025524,TRUSTWORTHY
M0025525,TRUSTWORTHY
M0025526,TRUSTWORTHY
M0025527,TRUSTWORTHY
M0025528,TRUSTWORTHY
M0025529,TRUSTWORTHY
M0025530,TRUSTWORTHY
M0025531,MALICIOUS
M0025532,TRUSTWORTHY
M0025533,MALICIOUS
M0025534,MALICIOUS
M0025535,TRUSTWORTHY
M0025536,TRUSTWORTHY
M0025537,TRUSTWORTHY
M0025538,MALICIOUS
M0025539,MALICIOUS
M0025540,MALICIOUS
M0025541,TRUSTWORTHY
M0025542,MALICIOUS
M0025543,MALICIOUS
M0025544,TRUSTWORTHY
M0025545,TRUSTWORTHY
M0025546,MALICIOUS
M0025547,SUSPICIOUS
M0025548,TRUSTWORTHY
M0025549,SUSPICIOUS
M0025550,TRUSTWORTHY
M0025551,TRUSTWORTHY
M0025552,TRUSTWORTHY
M0025553,SUSPICIOUS
M0025554,SUSPICIOUS
M0025555,TRUSTWORTHY
M0025556,TRUSTWORTHY
M0025557,TRUSTWORTHY
M0025558,MALICIOUS
M0025559,TRUSTWORTHY
M0025560,TRUSTWORTHY
M0025561,TRUSTWORTHY
M0025562,SUSPICIOUS
M0025563,TRUSTWORTHY
M0025564,MALICIOUS
M0025565,TRUSTWORTHY
M0025566,SUSPICIOUS
M0025567,SUSPICIOUS
M0025568,TRUSTWORTHY
M0025569,TRUSTWORTHY
M0025570,TRUSTWORTHY
M0025571,SUSPICIOUS
M0025572,MALICIOUS
M0025573,TRUSTWORTHY
M0025574,TRUSTWORTHY
M0025575,SUSPICIOUS
M0025576,MALICIOUS
M0025577,TRUSTWORTHY
M0025578,TRUSTWORTHY
M0025579,TRUSTWORTHY
M0025580,TRUSTWORTHY
M0025581,TRUSTWORTHY
M0025582,TRUSTWORTHY
M0025583,TRUSTWORTHY
M0025584,TRUSTWORTHY
M0025585,SUSPICIOUS
M0025586,TRUSTWORTHY
M0025587,TRUSTWORTHY
M0025588,TRUSTWORTHY
M0025589,SUSPICIOUS
M0025590,TRUSTWORTHY
M0025591,SUSPICIOUS
M0025592,TRUSTWORTHY
M0025593,TRUSTWORTHY
M0025594,TRUSTWORTHY
M0025595,TRUSTWORTHY
M0025596,TRUSTWORTHY
M0025597,TRUSTWORTHY
M0025598,MALICIOUS
M0025599,TRUSTWORTHY
M0025600,MALICIOUS
M0025601,TRUSTWORTHY
M0025602,TRUSTWORTHY
M0025603,TRUSTWORTHY
M0025604,TRUSTWORTHY
M0025605,SUSPICIOUS
M0025606,TRUSTWORTHY
M0025607,TRUSTWORTHY
M0025608,TRUSTWORTHY
M0025609,TRUSTWORTHY
M0025610,TRUSTWORTHY
M0025611,MALICIOUS
M0025612,TRUSTWORTHY
M0025613,TRUSTWORTHY
M0025614,TRUSTWORTHY
M0025615,TRUSTWORTHY
M0025616,TRUSTWORTHY
M0025617,TRUSTWORTHY
M0025618,MALICIOUS
M0025619,TRUSTWORTHY
M0025620,TRUSTWORTHY
M0025621,TRUSTWORTHY
M0025622,TRUSTWORTHY
M0025623,TRUSTWORTHY
M0025624,TRUSTWORTHY
M0025625,TRUSTWORTHY
M0025626,TRUSTWORTHY
M0025627,TRUSTWORTHY
M0025628,TRUSTWORTHY
M0025629,TRUSTWORTHY
M0025630,TRUSTWORTHY
M0025631,TRUSTWORTHY
M0025632,TRUSTWORTHY
M0025633,MALICIOUS
M0025634,TRUSTWORTHY
M0025635,TRUSTWORTHY
M0025636,TRUSTWORTHY
M0025637,SUSPICIOUS
M0025638,TRUSTWORTHY
M0025639,MALICIOUS
M0025640,TRUSTWORTHY
M0025641,TRUSTWORTHY
M0025642,TRUSTWORTHY
M0025643,TRUSTWORTHY
M0025644,TRUSTWORTHY
M0025645,TRUSTWORTHY
M0025646,TRUSTWORTHY
M0025647,TRUSTWORTHY
M0025648,TRUSTWORTHY
M0025649,TRUSTWORTHY
M0025650,TRUSTWORTHY
M0025651,TRUSTWORTHY
M0025652,TRUSTWORTHY
M0025653,TRUSTWORTHY
M0025654,TRUSTWORTHY
M0025655,TRUSTWORTHY
M0025656,TRUSTWORTHY
M0025657,TRUSTWORTHY
M0025658,MALICIOUS
M0025659,SUSPICIOUS
M0025660,TRUSTWORTHY
M0025661,MALICIOUS
M0025662,TRUSTWORTHY
M0025663,TRUSTWORTHY
M0025664,SUSPICIOUS
M0025665,SUSPICIOUS
M0025666,MALICIOUS
M0025667,TRUSTWORTHY
M0025668,TRUSTWORTHY
M0025669,TRUSTWORTHY
M0025670,SUSPICIOUS
M0025671,TRUSTWORTHY
M0025672,TRUSTWORTHY
M0025673,TRUSTWORTHY
M0025674,TRUSTWORTHY
M0025675,TRUSTWORTHY
M0025676,TRUSTWORTHY
M0025677,TRUSTWORTHY
M0025678,TRUSTWORTHY
M0025679,TRUSTWORTHY
M0025680,TRUSTWORTHY
M0025681,SUSPICIOUS
M0025682,TRUSTWORTHY
M0025683,TRUSTWORTHY
M0025684,TRUSTWORTHY
M0025685,TRUSTWORTHY
M0025686,TRUSTWORTHY
M0025687,MALICIOUS
M0025688,TRUSTWORTHY
M0025689,TRUSTWORTHY
M0025690,MALICIOUS
M0025691,TRUSTWORTHY
M0025692,MALICIOUS
M0025693,MALICIOUS
M0025694,MALICIOUS
M0025695,TRUSTWORTHY
M0025696,TRUSTWORTHY
M0025697,TRUSTWORTHY
M0025698,TRUSTWORTHY
M0025699,TRUSTWORTHY
M0025700,TRUSTWORTHY
M0025701,TRUSTWORTHY
M0025702,TRUSTWORTHY
M0025703,TRUSTWORTHY
M0025704,MALICIOUS
M0025705,MALICIOUS
M0025706,TRUSTWORTHY
M0025707,TRUSTWORTHY
M0025708,TRUSTWORTHY
M0025709,TRUSTWORTHY
M0025710,TRUSTWORTHY
M0025711,TRUSTWORTHY
M0025712,TRUSTWORTHY
M0025713,TRUSTWORTHY
M0025714,TRUSTWORTHY
M0025715,MALICIOUS
M0025716,TRUSTWORTHY
M0025717,TRUSTWORTHY
M0025718,TRUSTWORTHY
M0025719,TRUSTWORTHY
M0025720,TRUSTWORTHY
M0025721,TRUSTWORTHY
M0025722,TRUSTWORTHY
M0025723,TRUSTWORTHY
M0025724,TRUSTWORTHY
M0025725,TRUSTWORTHY
M0025726,TRUSTWORTHY
M0025727,TRUSTWORTHY
M0025728,TRUSTWORTHY
M0025729,MALICIOUS
M0025730,TRUSTWORTHY
M0025731,TRUSTWORTHY
M0025732,TRUSTWORTHY
M0025733,TRUSTWORTHY
M0025734,TRUSTWORTHY
M0025735,TRUSTWORTHY
M0025736,SUSPICIOUS
M0025737,TRUSTWORTHY
M0025738,TRUSTWORTHY
M0025739,TRUSTWORTHY
M0025740,SUSPICIOUS
M0025741,TRUSTWORTHY
M0025742,TRUSTWORTHY
M0025743,TRUSTWORTHY
M0025744,TRUSTWORTHY
M0025745,TRUSTWORTHY
M0025746,TRUSTWORTHY
M0025747,TRUSTWORTHY
M0025748,TRUSTWORTHY
M0025749,TRUSTWORTHY
M0025750,TRUSTWORTHY
M0025751,TRUSTWORTHY
M0025752,TRUSTWORTHY
M0025753,TRUSTWORTHY
M0025754,TRUSTWORTHY
M0025755,TRUSTWORTHY
M0025756,SUSPICIOUS
M0025757,TRUSTWORTHY
M0025758,TRUSTWORTHY
M0025759,TRUSTWORTHY
M0025760,SUSPICIOUS
M0025761,MALICIOUS
M0025762,TRUSTWORTHY
M0025763,TRUSTWORTHY
M0025764,MALICIOUS
M0025765,TRUSTWORTHY
M0025766,TRUSTWORTHY
M0025767,TRUSTWORTHY
M0025768,TRUSTWORTHY
M0025769,MALICIOUS
M0025770,TRUSTWORTHY
M0025771,MALICIOUS
M0025772,TRUSTWORTHY
M0025773,TRUSTWORTHY
M0025774,MALICIOUS
M0025775,TRUSTWORTHY
M0025776,MALICIOUS
M0025777,TRUSTWORTHY
M0025778,TRUSTWORTHY
M0025779,SUSPICIOUS
M0025780,TRUSTWORTHY
M0025781,TRUSTWORTHY
M0025782,MALICIOUS
M0025783,SUSPICIOUS
M0025784,TRUSTWORTHY
M0025785,TRUSTWORTHY
M0025786,MALICIOUS
M0025787,TRUSTWORTHY
M0025788,TRUSTWORTHY
M0025789,TRUSTWORTHY
M0025790,TRUSTWORTHY
M0025791,TRUSTWORTHY
M0025792,MALICIOUS
M0025793,MALICIOUS
M0025794,TRUSTWORTHY
M0025795,TRUSTWORTHY
M0025796,TRUSTWORTHY
M0025797,SUSPICIOUS
M0025798,TRUSTWORTHY
M0025799,SUSPICIOUS
M0025800,MALICIOUS
M0025801,TRUSTWORTHY
M0025802,TRUSTWORTHY
M0025803,SUSPICIOUS
M0025804,MALICIOUS
M0025805,SUSPICIOUS
M0025806,TRUSTWORTHY
M0025807,TRUSTWORTHY
M0025808,TRUSTWORTHY
M0025809,TRUSTWORTHY
M0025810,TRUSTWORTHY
M0025811,TRUSTWORTHY
M0025812,TRUSTWORTHY
M0025813,MALICIOUS
M0025814,TRUSTWORTHY
M0025815,TRUSTWORTHY
M0025816,TRUSTWORTHY
M0025817,TRUSTWORTHY
M0025818,TRUSTWORTHY
M0025819,TRUSTWORTHY
M0025820,TRUSTWORTHY
M0025821,MALICIOUS
M0025822,TRUSTWORTHY
M0025823,TRUSTWORTHY
M0025824,TRUSTWORTHY
M0025825,TRUSTWORTHY
M0025826,TRUSTWORTHY
M0025827,TRUSTWORTHY
M0025828,SUSPICIOUS
M0025829,TRUSTWORTHY
M0025830,TRUSTWORTHY
M0025831,TRUSTWORTHY
M0025832,TRUSTWORTHY
M0025833,TRUSTWORTHY
M0025834,TRUSTWORTHY
M0025835,MALICIOUS
M0025836,TRUSTWORTHY
M0025837,TRUSTWORTHY
M0025838,TRUSTWORTHY
M0025839,TRUSTWORTHY
M0025840,TRUSTWORTHY
M0025841,TRUSTWORTHY
M0025842,TRUSTWORTHY
M0025843,TRUSTWORTHY
M0025844,TRUSTWORTHY
M0025845,TRUSTWORTHY
M0025846,TRUSTWORTHY
M0025847,TRUSTWORTHY
M0025848,TRUSTWORTHY
M0025849,TRUSTWORTHY
M0025850,MALICIOUS
M0025851,TRUSTWORTHY
M0025852,TRUSTWORTHY
M0025853,TRUSTWORTHY
M0025854,TRUSTWORTHY
M0025855,SUSPICIOUS
M0025856,SUSPICIOUS
M0025857,TRUSTWORTHY
M0025858,TRUSTWORTHY
M0025859,TRUSTWORTHY
M0025860,TRUSTWORTHY
M0025861,TRUSTWORTHY
M0025862,TRUSTWORTHY
M0025863,TRUSTWORTHY
M0025864,TRUSTWORTHY
M0025865,TRUSTWORTHY
M0025866,TRUSTWORTHY
M0025867,MALICIOUS
M0025868,TRUSTWORTHY
M0025869,MALICIOUS
M0025870,TRUSTWORTHY
M0025871,SUSPICIOUS
M0025872,TRUSTWORTHY
M0025873,TRUSTWORTHY
M0025874,TRUSTWORTHY
M0025875,TRUSTWORTHY
M0025876,TRUSTWORTHY
M0025877,TRUSTWORTHY
M0025878,TRUSTWORTHY
M0025879,TRUSTWORTHY
M0025880,TRUSTWORTHY
M0025881,TRUSTWORTHY
M0025882,TRUSTWORTHY
M0025883,TRUSTWORTHY
M0025884,SUSPICIOUS
M0025885,MALICIOUS
M0025886,TRUSTWORTHY
M0025887,TRUSTWORTHY
M0025888,SUSPICIOUS
M0025889,TRUSTWORTHY
M0025890,SUSPICIOUS
M0025891,TRUSTWORTHY
M0025892,TRUSTWORTHY
M0025893,TRUSTWORTHY
M0025894,TRUSTWORTHY
M0025895,TRUSTWORTHY
M0025896,TRUSTWORTHY
M0025897,MALICIOUS
M0025898,MALICIOUS
M0025899,TRUSTWORTHY
M0025900,TRUSTWORTHY
M0025901,TRUSTWORTHY
M0025902,MALICIOUS
M0025903,TRUSTWORTHY
M0025904,TRUSTWORTHY
M0025905,TRUSTWORTHY
M0025906,TRUSTWORTHY
M0025907,SUSPICIOUS
M0025908,TRUSTWORTHY
M0025909,TRUSTWORTHY
M0025910,TRUSTWORTHY
M0025911,TRUSTWORTHY
M0025912,TRUSTWORTHY
M0025913,TRUSTWORTHY
M0025914,TRUSTWORTHY
M0025915,TRUSTWORTHY
M0025916,MALICIOUS
M0025917,TRUSTWORTHY
M0025918,TRUSTWORTHY
M0025919,SUSPICIOUS
M0025920,SUSPICIOUS
M0025921,TRUSTWORTHY
M0025922,MALICIOUS
M0025923,TRUSTWORTHY
M0025924,SUSPICIOUS
M0025925,TRUSTWORTHY
M0025926,TRUSTWORTHY
M0025927,TRUSTWORTHY
M0025928,TRUSTWORTHY
M0025929,TRUSTWORTHY
M0025930,TRUSTWORTHY
M0025931,TRUSTWORTHY
M0025932,TRUSTWORTHY
M0025933,TRUSTWORTHY
M0025934,TRUSTWORTHY
M0025935,TRUSTWORTHY
M0025936,TRUSTWORTHY
M0025937,TRUSTWORTHY
M0025938,TRUSTWORTHY
M0025939,TRUSTWORTHY
M0025940,TRUSTWORTHY
M0025941,MALICIOUS
M0025942,TRUSTWORTHY
M0025943,TRUSTWORTHY
M0025944,TRUSTWORTHY
M0025945,TRUSTWORTHY
M0025946,SUSPICIOUS
M0025947,TRUSTWORTHY
M0025948,TRUSTWORTHY
M0025949,TRUSTWORTHY
M0025950,MALICIOUS
M0025951,TRUSTWORTHY
M0025952,SUSPICIOUS
M0025953,TRUSTWORTHY
M0025954,TRUSTWORTHY
M0025955,TRUSTWORTHY
M0025956,TRUSTWORTHY
M0025957,TRUSTWORTHY
M0025958,TRUSTWORTHY
M0025959,TRUSTWORTHY
M0025960,TRUSTWORTHY
M0025961,TRUSTWORTHY
M0025962,TRUSTWORTHY
M0025963,TRUSTWORTHY
M0025964,TRUSTWORTHY
M0025965,SUSPICIOUS
M0025966,TRUSTWORTHY
M0025967,TRUSTWORTHY
M0025968,MALICIOUS
M0025969,MALICIOUS
M0025970,TRUSTWORTHY
M0025971,TRUSTWORTHY
M0025972,TRUSTWORTHY
M0025973,TRUSTWORTHY
M0025974,TRUSTWORTHY
M0025975,TRUSTWORTHY
M0025976,TRUSTWORTHY
M0025977,TRUSTWORTHY
M0025978,TRUSTWORTHY
M0025979,SUSPICIOUS
M0025980,SUSPICIOUS
M0025981,TRUSTWORTHY
M0025982,TRUSTWORTHY
M0025983,TRUSTWORTHY
M0025984,TRUSTWORTHY
M0025985,TRUSTWORTHY
M0025986,MALICIOUS
M0025987,TRUSTWORTHY
M0025988,TRUSTWORTHY
M0025989,TRUSTWORTHY
M0025990,TRUSTWORTHY
M0025991,TRUSTWORTHY
M0025992,SUSPICIOUS
M0025993,TRUSTWORTHY
M0025994,SUSPICIOUS
M0025995,TRUSTWORTHY
M0025996,TRUSTWORTHY
M0025997,TRUSTWORTHY
M0025998,TRUSTWORTHY
M0025999,TRUSTWORTHY
M0026000,TRUSTWORTHY
M0026001,SUSPICIOUS
M0026002,SUSPICIOUS
M0026003,TRUSTWORTHY
M0026004,TRUSTWORTHY
M0026005,TRUSTWORTHY
M0026006,MALICIOUS
M0026007,SUSPICIOUS
M0026008,TRUSTWORTHY
M0026009,TRUSTWORTHY
M0026010,SUSPICIOUS
M0026011,TRUSTWORTHY
M0026012,MALICIOUS
M0026013,TRUSTWORTHY
M0026014,MALICIOUS
M0026015,SUSPICIOUS
M0026016,TRUSTWORTHY
M0026017,MALICIOUS
M0026018,TRUSTWORTHY
M0026019,TRUSTWORTHY
M0026020,MALICIOUS
M0026021,TRUSTWORTHY
M0026022,TRUSTWORTHY
M0026023,TRUSTWORTHY
M0026024,TRUSTWORTHY
M0026025,TRUSTWORTHY
M0026026,TRUSTWORTHY
M0026027,TRUSTWORTHY
M0026028,SUSPICIOUS
M0026029,SUSPICIOUS
M0026030,MALICIOUS
M0026031,TRUSTWORTHY
M0026032,TRUSTWORTHY
M0026033,TRUSTWORTHY
M0026034,SUSPICIOUS
M0026035,TRUSTWORTHY
M0026036,MALICIOUS
M0026037,TRUSTWORTHY
M0026038,TRUSTWORTHY
M0026039,TRUSTWORTHY
M0026040,TRUSTWORTHY
M0026041,TRUSTWORTHY
M0026042,TRUSTWORTHY
M0026043,TRUSTWORTHY
M0026044,TRUSTWORTHY
M0026045,TRUSTWORTHY
M0026046,TRUSTWORTHY
M0026047,TRUSTWORTHY
M0026048,TRUSTWORTHY
M0026049,TRUSTWORTHY
M0026050,TRUSTWORTHY
M0026051,TRUSTWORTHY
M0026052,TRUSTWORTHY
M0026053,SUSPICIOUS
M0026054,TRUSTWORTHY
M0026055,TRUSTWORTHY
M0026056,TRUSTWORTHY
M0026057,SUSPICIOUS
M0026058,TRUSTWORTHY
M0026059,TRUSTWORTHY
M0026060,TRUSTWORTHY
M0026061,TRUSTWORTHY
M0026062,TRUSTWORTHY
M0026063,TRUSTWORTHY
M0026064,TRUSTWORTHY
M0026065,TRUSTWORTHY
M0026066,TRUSTWORTHY
M0026067,TRUSTWORTHY
M0026068,TRUSTWORTHY
M0026069,SUSPICIOUS
M0026070,TRUSTWORTHY
M0026071,TRUSTWORTHY
M0026072,TRUSTWORTHY
M0026073,TRUSTWORTHY
M0026074,TRUSTWORTHY
M0026075,TRUSTWORTHY
M0026076,TRUSTWORTHY
M0026077,TRUSTWORTHY
M0026078,TRUSTWORTHY
M0026079,TRUSTWORTHY
M0026080,TRUSTWORTHY
M0026081,SUSPICIOUS
M0026082,TRUSTWORTHY
M0026083,TRUSTWORTHY
M0026084,TRUSTWORTHY
M0026085,TRUSTWORTHY
M0026086,TRUSTWORTHY
M0026087,TRUSTWORTHY
M0026088,TRUSTWORTHY
M0026089,TRUSTWORTHY
M0026090,TRUSTWORTHY
M0026091,TRUSTWORTHY
M0026092,MALICIOUS
M0026093,TRUSTWORTHY
M0026094,TRUSTWORTHY
M0026095,TRUSTWORTHY
M0026096,MALICIOUS
M0026097,TRUSTWORTHY
M0026098,TRUSTWORTHY
M0026099,TRUSTWORTHY
M0026100,TRUSTWORTHY
M0026101,TRUSTWORTHY
M0026102,MALICIOUS
M0026103,MALICIOUS
M0026104,TRUSTWORTHY
M0026105,TRUSTWORTHY
M0026106,SUSPICIOUS
M0026107,TRUSTWORTHY
M0026108,TRUSTWORTHY
M0026109,TRUSTWORTHY
M0026110,TRUSTWORTHY
M0026111,TRUSTWORTHY
M0026112,MALICIOUS
M0026113,TRUSTWORTHY
M0026114,TRUSTWORTHY
M0026115,MALICIOUS
M0026116,MALICIOUS
M0026117,TRUSTWORTHY
M0026118,SUSPICIOUS
M0026119,TRUSTWORTHY
M0026120,TRUSTWORTHY
M0026121,TRUSTWORTHY
M0026122,TRUSTWORTHY
M0026123,SUSPICIOUS
M0026124,TRUSTWORTHY
M0026125,TRUSTWORTHY
M0026126,TRUSTWORTHY
M0026127,TRUSTWORTHY
M0026128,MALICIOUS
M0026129,TRUSTWORTHY
M0026130,MALICIOUS
M0026131,TRUSTWORTHY
M0026132,TRUSTWORTHY
M0026133,TRUSTWORTHY
M0026134,TRUSTWORTHY
M0026135,TRUSTWORTHY
M0026136,TRUSTWORTHY
M0026137,MALICIOUS
M0026138,TRUSTWORTHY
M0026139,SUSPICIOUS
M0026140,TRUSTWORTHY
M0026141,TRUSTWORTHY
M0026142,TRUSTWORTHY
M0026143,TRUSTWORTHY
M0026144,TRUSTWORTHY
M0026145,TRUSTWORTHY
M0026146,TRUSTWORTHY
M0026147,TRUSTWORTHY
M0026148,TRUSTWORTHY
M0026149,TRUSTWORTHY
M0026150,TRUSTWORTHY
M0026151,MALICIOUS
M0026152,TRUSTWORTHY
M0026153,TRUSTWORTHY
M0026154,TRUSTWORTHY
M0026155,TRUSTWORTHY
M0026156,TRUSTWORTHY
M0026157,TRUSTWORTHY
M0026158,TRUSTWORTHY
M0026159,TRUSTWORTHY
M0026160,MALICIOUS
M0026161,SUSPICIOUS
M0026162,TRUSTWORTHY
M0026163,MALICIOUS
M0026164,MALICIOUS
M0026165,MALICIOUS
M0026166,TRUSTWORTHY
M0026167,MALICIOUS
M0026168,SUSPICIOUS
M0026169,TRUSTWORTHY
M0026170,MALICIOUS
M0026171,TRUSTWORTHY
M0026172,TRUSTWORTHY
M0026173,TRUSTWORTHY
M0026174,TRUSTWORTHY
M0026175,TRUSTWORTHY
M0026176,TRUSTWORTHY
M0026177,TRUSTWORTHY
M0026178,SUSPICIOUS
M0026179,MALICIOUS
M0026180,TRUSTWORTHY
M0026181,TRUSTWORTHY
M0026182,TRUSTWORTHY
M0026183,TRUSTWORTHY
M0026184,TRUSTWORTHY
M0026185,TRUSTWORTHY
M0026186,TRUSTWORTHY
M0026187,MALICIOUS
M0026188,TRUSTWORTHY
M0026189,TRUSTWORTHY
M0026190,TRUSTWORTHY
M0026191,TRUSTWORTHY
M0026192,TRUSTWORTHY
M0026193,TRUSTWORTHY
M0026194,TRUSTWORTHY
M0026195,TRUSTWORTHY
M0026196,TRUSTWORTHY
M0026197,TRUSTWORTHY
M0026198,MALICIOUS
M0026199,TRUSTWORTHY
M0026200,TRUSTWORTHY
M0026201,TRUSTWORTHY
M0026202,TRUSTWORTHY
M0026203,TRUSTWORTHY
M0026204,TRUSTWORTHY
M0026205,MALICIOUS
M0026206,TRUSTWORTHY
M0026207,TRUSTWORTHY
M0026208,SUSPICIOUS
M0026209,SUSPICIOUS
M0026210,SUSPICIOUS
M0026211,TRUSTWORTHY
M0026212,SUSPICIOUS
M0026213,SUSPICIOUS
M0026214,TRUSTWORTHY
M0026215,SUSPICIOUS
M0026216,TRUSTWORTHY
M0026217,TRUSTWORTHY
M0026218,MALICIOUS
M0026219,MALICIOUS
M0026220,TRUSTWORTHY
M0026221,MALICIOUS
M0026222,MALICIOUS
M0026223,TRUSTWORTHY
M0026224,TRUSTWORTHY
M0026225,TRUSTWORTHY
M0026226,SUSPICIOUS
M0026227,TRUSTWORTHY
M0026228,TRUSTWORTHY
M0026229,TRUSTWORTHY
M0026230,TRUSTWORTHY
M0026231,MALICIOUS
M0026232,SUSPICIOUS
M0026233,TRUSTWORTHY
M0026234,TRUSTWORTHY
M0026235,TRUSTWORTHY
M0026236,MALICIOUS
M0026237,SUSPICIOUS
M0026238,TRUSTWORTHY
M0026239,TRUSTWORTHY
M0026240,SUSPICIOUS
M0026241,TRUSTWORTHY
M0026242,TRUSTWORTHY
M0026243,TRUSTWORTHY
M0026244,SUSPICIOUS
M0026245,TRUSTWORTHY
M0026246,TRUSTWORTHY
M0026247,TRUSTWORTHY
M0026248,TRUSTWORTHY
M0026249,MALICIOUS
M0026250,MALICIOUS
M0026251,SUSPICIOUS
M0026252,TRUSTWORTHY
M0026253,TRUSTWORTHY
M0026254,TRUSTWORTHY
M0026255,SUSPICIOUS
M0026256,TRUSTWORTHY
M0026257,TRUSTWORTHY
M0026258,TRUSTWORTHY
M0026259,TRUSTWORTHY
M0026260,TRUSTWORTHY
M0026261,TRUSTWORTHY
M0026262,MALICIOUS
M0026263,TRUSTWORTHY
M0026264,TRUSTWORTHY
M0026265,TRUSTWORTHY
M0026266,MALICIOUS
M0026267,SUSPICIOUS
M0026268,TRUSTWORTHY
M0026269,TRUSTWORTHY
M0026270,TRUSTWORTHY
M0026271,TRUSTWORTHY
M0026272,TRUSTWORTHY
M0026273,TRUSTWORTHY
M0026274,TRUSTWORTHY
M0026275,TRUSTWORTHY
M0026276,TRUSTWORTHY
M0026277,SUSPICIOUS
M0026278,TRUSTWORTHY
M0026279,TRUSTWORTHY
M0026280,SUSPICIOUS
M0026281,TRUSTWORTHY
M0026282,TRUSTWORTHY
M0026283,TRUSTWORTHY
M0026284,TRUSTWORTHY
M0026285,MALICIOUS
M0026286,TRUSTWORTHY
M0026287,TRUSTWORTHY
M0026288,TRUSTWORTHY
M0026289,TRUSTWORTHY
M0026290,SUSPICIOUS
M0026291,TRUSTWORTHY
M0026292,MALICIOUS
M0026293,SUSPICIOUS
M0026294,TRUSTWORTHY
M0026295,TRUSTWORTHY
M0026296,MALICIOUS
M0026297,TRUSTWORTHY
M0026298,TRUSTWORTHY
M0026299,TRUSTWORTHY
M0026300,TRUSTWORTHY
M0026301,TRUSTWORTHY
M0026302,TRUSTWORTHY
M0026303,SUSPICIOUS
M0026304,TRUSTWORTHY
M0026305,TRUSTWORTHY
M0026306,TRUSTWORTHY
M0026307,TRUSTWORTHY
M0026308,TRUSTWORTHY
M0026309,TRUSTWORTHY
M0026310,TRUSTWORTHY
M0026311,TRUSTWORTHY
M0026312,TRUSTWORTHY
M0026313,SUSPICIOUS
M0026314,TRUSTWORTHY
M0026315,TRUSTWORTHY
M0026316,TRUSTWORTHY
M0026317,TRUSTWORTHY
M0026318,TRUSTWORTHY
M0026319,TRUSTWORTHY
M0026320,TRUSTWORTHY
M0026321,TRUSTWORTHY
M0026322,TRUSTWORTHY
M0026323,TRUSTWORTHY
M0026324,TRUSTWORTHY
M0026325,MALICIOUS
M0026326,SUSPICIOUS
M0026327,MALICIOUS
M0026328,TRUSTWORTHY
M0026329,TRUSTWORTHY
M0026330,TRUSTWORTHY
M0026331,TRUSTWORTHY
M0026332,TRUSTWORTHY
M0026333,TRUSTWORTHY
M0026334,TRUSTWORTHY
M0026335,TRUSTWORTHY
M0026336,TRUSTWORTHY
M0026337,TRUSTWORTHY
M0026338,SUSPICIOUS
M0026339,TRUSTWORTHY
M0026340,TRUSTWORTHY
M0026341,TRUSTWORTHY
M0026342,SUSPICIOUS
M0026343,TRUSTWORTHY
M0026344,TRUSTWORTHY
M0026345,TRUSTWORTHY
M0026346,TRUSTWORTHY
M0026347,MALICIOUS
M0026348,TRUSTWORTHY
M0026349,TRUSTWORTHY
M0026350,TRUSTWORTHY
M0026351,TRUSTWORTHY
M0026352,TRUSTWORTHY
M0026353,MALICIOUS
M0026354,TRUSTWORTHY
M0026355,TRUSTWORTHY
M0026356,TRUSTWORTHY
M0026357,TRUSTWORTHY
M0026358,SUSPICIOUS
M0026359,MALICIOUS
M0026360,TRUSTWORTHY
M0026361,SUSPICIOUS
M0026362,SUSPICIOUS
M0026363,TRUSTWORTHY
M0026364,TRUSTWORTHY
M0026365,TRUSTWORTHY
M0026366,TRUSTWORTHY
M0026367,TRUSTWORTHY
M0026368,TRUSTWORTHY
M0026369,TRUSTWORTHY
M0026370,TRUSTWORTHY
M0026371,TRUSTWORTHY
M0026372,TRUSTWORTHY
M0026373,TRUSTWORTHY
M0026374,TRUSTWORTHY
M0026375,TRUSTWORTHY
M0026376,TRUSTWORTHY
M0026377,TRUSTWORTHY
M0026378,SUSPICIOUS
M0026379,MALICIOUS
M0026380,TRUSTWORTHY
M0026381,TRUSTWORTHY
M0026382,TRUSTWORTHY
M0026383,SUSPICIOUS
M0026384,TRUSTWORTHY
M0026385,TRUSTWORTHY
M0026386,TRUSTWORTHY
M0026387,TRUSTWORTHY
M0026388,TRUSTWORTHY
M0026389,SUSPICIOUS
M0026390,TRUSTWORTHY
M0026391,TRUSTWORTHY
M0026392,TRUSTWORTHY
M0026393,TRUSTWORTHY
M0026394,TRUSTWORTHY
M0026395,TRUSTWORTHY
M0026396,MALICIOUS
M0026397,TRUSTWORTHY
M0026398,TRUSTWORTHY
M0026399,TRUSTWORTHY
M0026400,TRUSTWORTHY
M0026401,TRUSTWORTHY
M0026402,SUSPICIOUS
M0026403,TRUSTWORTHY
M0026404,TRUSTWORTHY
M0026405,TRUSTWORTHY
M0026406,TRUSTWORTHY
M0026407,TRUSTWORTHY
M0026408,TRUSTWORTHY
M0026409,TRUSTWORTHY
M0026410,TRUSTWORTHY
M0026411,TRUSTWORTHY
M0026412,TRUSTWORTHY
M0026413,TRUSTWORTHY
M0026414,TRUSTWORTHY
M0026415,TRUSTWORTHY
M0026416,TRUSTWORTHY
M0026417,SUSPICIOUS
M0026418,TRUSTWORTHY
M0026419,TRUSTWORTHY
M0026420,TRUSTWORTHY
M0026421,TRUSTWORTHY
M0026422,TRUSTWORTHY
M0026423,TRUSTWORTHY
M0026424,SUSPICIOUS
M0026425,TRUSTWORTHY
M0026426,TRUSTWORTHY
M0026427,TRUSTWORTHY
M0026428,TRUSTWORTHY
M0026429,TRUSTWORTHY
M0026430,TRUSTWORTHY
M0026431,MALICIOUS
M0026432,TRUSTWORTHY
M0026433,TRUSTWORTHY
M0026434,TRUSTWORTHY
M0026435,TRUSTWORTHY
M0026436,TRUSTWORTHY
M0026437,TRUSTWORTHY
M0026438,TRUSTWORTHY
M0026439,SUSPICIOUS
M0026440,TRUSTWORTHY
M0026441,TRUSTWORTHY
M0026442,TRUSTWORTHY
M0026443,TRUSTWORTHY
M0026444,MALICIOUS
M0026445,MALICIOUS
M0026446,TRUSTWORTHY
M0026447,TRUSTWORTHY
M0026448,SUSPICIOUS
M0026449,TRUSTWORTHY
M0026450,TRUSTWORTHY
M0026451,TRUSTWORTHY
M0026452,TRUSTWORTHY
M0026453,MALICIOUS
M0026454,TRUSTWORTHY
M0026455,SUSPICIOUS
M0026456,TRUSTWORTHY
M0026457,TRUSTWORTHY
M0026458,TRUSTWORTHY
M0026459,TRUSTWORTHY
M0026460,SUSPICIOUS
M0026461,TRUSTWORTHY
M0026462,TRUSTWORTHY
M0026463,TRUSTWORTHY
M0026464,MALICIOUS
M0026465,MALICIOUS
M0026466,TRUSTWORTHY
M0026467,SUSPICIOUS
M0026468,TRUSTWORTHY
M0026469,TRUSTWORTHY
M0026470,TRUSTWORTHY
M0026471,TRUSTWORTHY
M0026472,TRUSTWORTHY
M0026473,TRUSTWORTHY
M0026474,TRUSTWORTHY
M0026475,TRUSTWORTHY
M0026476,SUSPICIOUS
M0026477,MALICIOUS
M0026478,SUSPICIOUS
M0026479,TRUSTWORTHY
M0026480,TRUSTWORTHY
M0026481,TRUSTWORTHY
M0026482,TRUSTWORTHY
M0026483,TRUSTWORTHY
M0026484,SUSPICIOUS
M0026485,SUSPICIOUS
M0026486,TRUSTWORTHY
M0026487,TRUSTWORTHY
M0026488,TRUSTWORTHY
M0026489,TRUSTWORTHY
M0026490,TRUSTWORTHY
M0026491,TRUSTWORTHY
M0026492,TRUSTWORTHY
M0026493,TRUSTWORTHY
M0026494,TRUSTWORTHY
M0026495,SUSPICIOUS
M0026496,SUSPICIOUS
M0026497,TRUSTWORTHY
M0026498,MALICIOUS
M0026499,TRUSTWORTHY
M0026500,TRUSTWORTHY
M0026501,TRUSTWORTHY
M0026502,TRUSTWORTHY
M0026503,TRUSTWORTHY
M0026504,MALICIOUS
M0026505,TRUSTWORTHY
M0026506,TRUSTWORTHY
M0026507,MALICIOUS
M0026508,MALICIOUS
M0026509,TRUSTWORTHY
M0026510,TRUSTWORTHY
M0026511,SUSPICIOUS
M0026512,MALICIOUS
M0026513,TRUSTWORTHY
M0026514,TRUSTWORTHY
M0026515,TRUSTWORTHY
M0026516,TRUSTWORTHY
M0026517,TRUSTWORTHY
M0026518,TRUSTWORTHY
M0026519,TRUSTWORTHY
M0026520,TRUSTWORTHY
M0026521,SUSPICIOUS
M0026522,SUSPICIOUS
M0026523,TRUSTWORTHY
M0026524,MALICIOUS
M0026525,TRUSTWORTHY
M0026526,TRUSTWORTHY
M0026527,MALICIOUS
M0026528,TRUSTWORTHY
M0026529,TRUSTWORTHY
M0026530,TRUSTWORTHY
M0026531,TRUSTWORTHY
M0026532,TRUSTWORTHY
M0026533,MALICIOUS
M0026534,TRUSTWORTHY
M0026535,TRUSTWORTHY
M0026536,SUSPICIOUS
M0026537,TRUSTWORTHY
M0026538,TRUSTWORTHY
M0026539,TRUSTWORTHY
M0026540,TRUSTWORTHY
M0026541,TRUSTWORTHY
M0026542,TRUSTWORTHY
M0026543,TRUSTWORTHY
M0026544,TRUSTWORTHY
M0026545,TRUSTWORTHY
M0026546,TRUSTWORTHY
M0026547,TRUSTWORTHY
M0026548,TRUSTWORTHY
M0026549,TRUSTWORTHY
M0026550,TRUSTWORTHY
M0026551,TRUSTWORTHY
M0026552,TRUSTWORTHY
M0026553,TRUSTWORTHY
M0026554,TRUSTWORTHY
M0026555,TRUSTWORTHY
M0026556,TRUSTWORTHY
M0026557,SUSPICIOUS
M0026558,TRUSTWORTHY
M0026559,TRUSTWORTHY
M0026560,TRUSTWORTHY
M0026561,TRUSTWORTHY
M0026562,MALICIOUS
M0026563,TRUSTWORTHY
M0026564,TRUSTWORTHY
M0026565,TRUSTWORTHY
M0026566,TRUSTWORTHY
M0026567,TRUSTWORTHY
M0026568,TRUSTWORTHY
M0026569,TRUSTWORTHY
M0026570,TRUSTWORTHY
M0026571,SUSPICIOUS
M0026572,MALICIOUS
M0026573,TRUSTWORTHY
M0026574,TRUSTWORTHY
M0026575,TRUSTWORTHY
M0026576,TRUSTWORTHY
M0026577,MALICIOUS
M0026578,TRUSTWORTHY
M0026579,TRUSTWORTHY
M0026580,TRUSTWORTHY
M0026581,TRUSTWORTHY
M0026582,TRUSTWORTHY
M0026583,TRUSTWORTHY
M0026584,TRUSTWORTHY
M0026585,TRUSTWORTHY
M0026586,SUSPICIOUS
M0026587,TRUSTWORTHY
M0026588,TRUSTWORTHY
M0026589,TRUSTWORTHY
M0026590,SUSPICIOUS
M0026591,TRUSTWORTHY
M0026592,TRUSTWORTHY
M0026593,MALICIOUS
M0026594,TRUSTWORTHY
M0026595,TRUSTWORTHY
M0026596,TRUSTWORTHY
M0026597,TRUSTWORTHY
M0026598,MALICIOUS
M0026599,TRUSTWORTHY
M0026600,TRUSTWORTHY
M0026601,TRUSTWORTHY
M0026602,TRUSTWORTHY
M0026603,MALICIOUS
M0026604,TRUSTWORTHY
M0026605,TRUSTWORTHY
M0026606,TRUSTWORTHY
M0026607,TRUSTWORTHY
M0026608,TRUSTWORTHY
M0026609,TRUSTWORTHY
M0026610,TRUSTWORTHY
M0026611,TRUSTWORTHY
M0026612,TRUSTWORTHY
M0026613,TRUSTWORTHY
M0026614,TRUSTWORTHY
M0026615,TRUSTWORTHY
M0026616,TRUSTWORTHY
M0026617,TRUSTWORTHY
M0026618,MALICIOUS
M0026619,TRUSTWORTHY
M0026620,TRUSTWORTHY
M0026621,TRUSTWORTHY
M0026622,MALICIOUS
M0026623,SUSPICIOUS
M0026624,SUSPICIOUS
M0026625,TRUSTWORTHY
M0026626,MALICIOUS
M0026627,TRUSTWORTHY
M0026628,TRUSTWORTHY
M0026629,SUSPICIOUS
M0026630,MALICIOUS
M0026631,SUSPICIOUS
M0026632,TRUSTWORTHY
M0026633,TRUSTWORTHY
M0026634,TRUSTWORTHY
M0026635,TRUSTWORTHY
M0026636,TRUSTWORTHY
M0026637,SUSPICIOUS
M0026638,TRUSTWORTHY
M0026639,TRUSTWORTHY
M0026640,TRUSTWORTHY
M0026641,TRUSTWORTHY
M0026642,SUSPICIOUS
M0026643,MALICIOUS
M0026644,TRUSTWORTHY
M0026645,MALICIOUS
M0026646,MALICIOUS
M0026647,TRUSTWORTHY
M0026648,TRUSTWORTHY
M0026649,SUSPICIOUS
M0026650,TRUSTWORTHY
M0026651,MALICIOUS
M0026652,TRUSTWORTHY
M0026653,TRUSTWORTHY
M0026654,TRUSTWORTHY
M0026655,TRUSTWORTHY
M0026656,TRUSTWORTHY
M0026657,TRUSTWORTHY
M0026658,TRUSTWORTHY
M0026659,TRUSTWORTHY
M0026660,TRUSTWORTHY
M0026661,TRUSTWORTHY
M0026662,TRUSTWORTHY
M0026663,TRUSTWORTHY
M0026664,SUSPICIOUS
M0026665,SUSPICIOUS
M0026666,MALICIOUS
M0026667,MALICIOUS
M0026668,MALICIOUS
M0026669,SUSPICIOUS
M0026670,TRUSTWORTHY
M0026671,SUSPICIOUS
M0026672,TRUSTWORTHY
M0026673,SUSPICIOUS
M0026674,SUSPICIOUS
M0026675,TRUSTWORTHY
M0026676,TRUSTWORTHY
M0026677,TRUSTWORTHY
M0026678,TRUSTWORTHY
M0026679,SUSPICIOUS
M0026680,TRUSTWORTHY
M0026681,TRUSTWORTHY
M0026682,TRUSTWORTHY
M0026683,TRUSTWORTHY
M0026684,TRUSTWORTHY
M0026685,SUSPICIOUS
M0026686,SUSPICIOUS
M0026687,TRUSTWORTHY
M0026688,TRUSTWORTHY
M0026689,TRUSTWORTHY
M0026690,SUSPICIOUS
M0026691,SUSPICIOUS
M0026692,SUSPICIOUS
M0026693,TRUSTWORTHY
M0026694,TRUSTWORTHY
M0026695,TRUSTWORTHY
M0026696,TRUSTWORTHY
M0026697,TRUSTWORTHY
M0026698,MALICIOUS
M0026699,SUSPICIOUS
M0026700,TRUSTWORTHY
M0026701,TRUSTWORTHY
M0026702,TRUSTWORTHY
M0026703,TRUSTWORTHY
M0026704,TRUSTWORTHY
M0026705,TRUSTWORTHY
M0026706,SUSPICIOUS
M0026707,SUSPICIOUS
M0026708,MALICIOUS
M0026709,TRUSTWORTHY
M0026710,MALICIOUS
M0026711,TRUSTWORTHY
M0026712,TRUSTWORTHY
M0026713,SUSPICIOUS
M0026714,SUSPICIOUS
M0026715,TRUSTWORTHY
M0026716,SUSPICIOUS
M0026717,TRUSTWORTHY
M0026718,MALICIOUS
M0026719,TRUSTWORTHY
M0026720,TRUSTWORTHY
M0026721,TRUSTWORTHY
M0026722,TRUSTWORTHY
M0026723,SUSPICIOUS
M0026724,TRUSTWORTHY
M0026725,TRUSTWORTHY
M0026726,TRUSTWORTHY
M0026727,TRUSTWORTHY
M0026728,TRUSTWORTHY
M0026729,TRUSTWORTHY
M0026730,TRUSTWORTHY
M0026731,TRUSTWORTHY
M0026732,TRUSTWORTHY
M0026733,SUSPICIOUS
M0026734,TRUSTWORTHY
M0026735,TRUSTWORTHY
M0026736,TRUSTWORTHY
M0026737,TRUSTWORTHY
M0026738,TRUSTWORTHY
M0026739,TRUSTWORTHY
M0026740,TRUSTWORTHY
M0026741,TRUSTWORTHY
M0026742,SUSPICIOUS
M0026743,TRUSTWORTHY
M0026744,TRUSTWORTHY
M0026745,TRUSTWORTHY
M0026746,TRUSTWORTHY
M0026747,MALICIOUS
M0026748,TRUSTWORTHY
M0026749,TRUSTWORTHY
M0026750,TRUSTWORTHY
M0026751,TRUSTWORTHY
M0026752,TRUSTWORTHY
M0026753,SUSPICIOUS
M0026754,TRUSTWORTHY
M0026755,TRUSTWORTHY
M0026756,TRUSTWORTHY
M0026757,TRUSTWORTHY
M0026758,TRUSTWORTHY
M0026759,MALICIOUS
M0026760,TRUSTWORTHY
M0026761,SUSPICIOUS
M0026762,MALICIOUS
M0026763,TRUSTWORTHY
M0026764,TRUSTWORTHY
M0026765,TRUSTWORTHY
M0026766,TRUSTWORTHY
M0026767,SUSPICIOUS
M0026768,TRUSTWORTHY
M0026769,SUSPICIOUS
M0026770,TRUSTWORTHY
M0026771,TRUSTWORTHY
M0026772,MALICIOUS
M0026773,TRUSTWORTHY
M0026774,MALICIOUS
M0026775,MALICIOUS
M0026776,TRUSTWORTHY
M0026777,TRUSTWORTHY
M0026778,TRUSTWORTHY
M0026779,SUSPICIOUS
M0026780,TRUSTWORTHY
M0026781,TRUSTWORTHY
M0026782,TRUSTWORTHY
M0026783,TRUSTWORTHY
M0026784,TRUSTWORTHY
M0026785,TRUSTWORTHY
M0026786,TRUSTWORTHY
M0026787,TRUSTWORTHY
M0026788,TRUSTWORTHY
M0026789,TRUSTWORTHY
M0026790,SUSPICIOUS
M0026791,TRUSTWORTHY
M0026792,MALICIOUS
M0026793,TRUSTWORTHY
M0026794,TRUSTWORTHY
M0026795,MALICIOUS
M0026796,TRUSTWORTHY
M0026797,TRUSTWORTHY
M0026798,MALICIOUS
M0026799,TRUSTWORTHY
M0026800,TRUSTWORTHY
M0026801,TRUSTWORTHY
M0026802,TRUSTWORTHY
M0026803,TRUSTWORTHY
M0026804,TRUSTWORTHY
M0026805,TRUSTWORTHY
M0026806,SUSPICIOUS
M0026807,SUSPICIOUS
M0026808,SUSPICIOUS
M0026809,TRUSTWORTHY
M0026810,SUSPICIOUS
M0026811,TRUSTWORTHY
M0026812,TRUSTWORTHY
M0026813,TRUSTWORTHY
M0026814,TRUSTWORTHY
M0026815,TRUSTWORTHY
M0026816,SUSPICIOUS
M0026817,MALICIOUS
M0026818,TRUSTWORTHY
M0026819,TRUSTWORTHY
M0026820,TRUSTWORTHY
M0026821,TRUSTWORTHY
M0026822,TRUSTWORTHY
M0026823,TRUSTWORTHY
M0026824,TRUSTWORTHY
M0026825,TRUSTWORTHY
M0026826,SUSPICIOUS
M0026827,TRUSTWORTHY
M0026828,TRUSTWORTHY
M0026829,TRUSTWORTHY
M0026830,MALICIOUS
M0026831,TRUSTWORTHY
M0026832,MALICIOUS
M0026833,TRUSTWORTHY
M0026834,TRUSTWORTHY
M0026835,TRUSTWORTHY
M0026836,SUSPICIOUS
M0026837,TRUSTWORTHY
M0026838,TRUSTWORTHY
M0026839,TRUSTWORTHY
M0026840,TRUSTWORTHY
M0026841,TRUSTWORTHY
M0026842,TRUSTWORTHY
M0026843,TRUSTWORTHY
M0026844,TRUSTWORTHY
M0026845,TRUSTWORTHY
M0026846,TRUSTWORTHY
M0026847,TRUSTWORTHY
M0026848,TRUSTWORTHY
M0026849,TRUSTWORTHY
M0026850,TRUSTWORTHY
M0026851,TRUSTWORTHY
M0026852,TRUSTWORTHY
M0026853,TRUSTWORTHY
M0026854,SUSPICIOUS
M0026855,TRUSTWORTHY
M0026856,TRUSTWORTHY
M0026857,TRUSTWORTHY
M0026858,TRUSTWORTHY
M0026859,SUSPICIOUS
M0026860,TRUSTWORTHY
M0026861,MALICIOUS
M0026862,TRUSTWORTHY
M0026863,SUSPICIOUS
M0026864,TRUSTWORTHY
M0026865,TRUSTWORTHY
M0026866,TRUSTWORTHY
M0026867,TRUSTWORTHY
M0026868,MALICIOUS
M0026869,TRUSTWORTHY
M0026870,TRUSTWORTHY
M0026871,TRUSTWORTHY
M0026872,SUSPICIOUS
M0026873,TRUSTWORTHY
M0026874,TRUSTWORTHY
M0026875,TRUSTWORTHY
M0026876,SUSPICIOUS
M0026877,TRUSTWORTHY
M0026878,TRUSTWORTHY
M0026879,MALICIOUS
M0026880,TRUSTWORTHY
M0026881,SUSPICIOUS
M0026882,TRUSTWORTHY
M0026883,TRUSTWORTHY
M0026884,TRUSTWORTHY
M0026885,TRUSTWORTHY
M0026886,TRUSTWORTHY
M0026887,TRUSTWORTHY
M0026888,TRUSTWORTHY
M0026889,TRUSTWORTHY
M0026890,TRUSTWORTHY
M0026891,MALICIOUS
M0026892,MALICIOUS
M0026893,TRUSTWORTHY
M0026894,TRUSTWORTHY
M0026895,SUSPICIOUS
M0026896,SUSPICIOUS
M0026897,TRUSTWORTHY
M0026898,TRUSTWORTHY
M0026899,SUSPICIOUS
M0026900,TRUSTWORTHY
M0026901,MALICIOUS
M0026902,MALICIOUS
M0026903,TRUSTWORTHY
M0026904,TRUSTWORTHY
M0026905,TRUSTWORTHY
M0026906,TRUSTWORTHY
M0026907,TRUSTWORTHY
M0026908,TRUSTWORTHY
M0026909,MALICIOUS
M0026910,TRUSTWORTHY
M0026911,TRUSTWORTHY
M0026912,TRUSTWORTHY
M0026913,TRUSTWORTHY
M0026914,SUSPICIOUS
M0026915,TRUSTWORTHY
M0026916,TRUSTWORTHY
M0026917,SUSPICIOUS
M0026918,MALICIOUS
M0026919,MALICIOUS
M0026920,MALICIOUS
M0026921,TRUSTWORTHY
M0026922,TRUSTWORTHY
M0026923,SUSPICIOUS
M0026924,MALICIOUS
M0026925,TRUSTWORTHY
M0026926,TRUSTWORTHY
M0026927,TRUSTWORTHY
M0026928,TRUSTWORTHY
M0026929,TRUSTWORTHY
M0026930,TRUSTWORTHY
M0026931,TRUSTWORTHY
M0026932,MALICIOUS
M0026933,TRUSTWORTHY
M0026934,TRUSTWORTHY
M0026935,TRUSTWORTHY
M0026936,MALICIOUS
M0026937,TRUSTWORTHY
M0026938,MALICIOUS
M0026939,MALICIOUS
M0026940,TRUSTWORTHY
M0026941,TRUSTWORTHY
M0026942,TRUSTWORTHY
M0026943,TRUSTWORTHY
M0026944,TRUSTWORTHY
M0026945,SUSPICIOUS
M0026946,TRUSTWORTHY
M0026947,TRUSTWORTHY
M0026948,TRUSTWORTHY
M0026949,TRUSTWORTHY
M0026950,TRUSTWORTHY
M0026951,TRUSTWORTHY
M0026952,TRUSTWORTHY
M0026953,TRUSTWORTHY
M0026954,TRUSTWORTHY
M0026955,TRUSTWORTHY
M0026956,TRUSTWORTHY
M0026957,MALICIOUS
M0026958,TRUSTWORTHY
M0026959,SUSPICIOUS
M0026960,TRUSTWORTHY
M0026961,SUSPICIOUS
M0026962,TRUSTWORTHY
M0026963,TRUSTWORTHY
M0026964,TRUSTWORTHY
M0026965,TRUSTWORTHY
M0026966,SUSPICIOUS
M0026967,TRUSTWORTHY
M0026968,TRUSTWORTHY
M0026969,TRUSTWORTHY
M0026970,TRUSTWORTHY
M0026971,TRUSTWORTHY
M0026972,TRUSTWORTHY
M0026973,TRUSTWORTHY
M0026974,SUSPICIOUS
M0026975,TRUSTWORTHY
M0026976,SUSPICIOUS
M0026977,TRUSTWORTHY
M0026978,TRUSTWORTHY
M0026979,MALICIOUS
M0026980,MALICIOUS
M0026981,TRUSTWORTHY
M0026982,TRUSTWORTHY
M0026983,TRUSTWORTHY
M0026984,TRUSTWORTHY
M0026985,MALICIOUS
M0026986,TRUSTWORTHY
M0026987,TRUSTWORTHY
M0026988,TRUSTWORTHY
M0026989,SUSPICIOUS
M0026990,MALICIOUS
M0026991,TRUSTWORTHY
M0026992,TRUSTWORTHY
M0026993,TRUSTWORTHY
M0026994,TRUSTWORTHY
M0026995,TRUSTWORTHY
M0026996,TRUSTWORTHY
M0026997,MALICIOUS
M0026998,TRUSTWORTHY
M0026999,TRUSTWORTHY
M0027000,TRUSTWORTHY
M0027001,TRUSTWORTHY
M0027002,TRUSTWORTHY
M0027003,TRUSTWORTHY
M0027004,TRUSTWORTHY
M0027005,SUSPICIOUS
M0027006,TRUSTWORTHY
M0027007,TRUSTWORTHY
M0027008,SUSPICIOUS
M0027009,TRUSTWORTHY
M0027010,SUSPICIOUS
M0027011,TRUSTWORTHY
M0027012,TRUSTWORTHY
M0027013,TRUSTWORTHY
M0027014,TRUSTWORTHY
M0027015,MALICIOUS
M0027016,TRUSTWORTHY
M0027017,TRUSTWORTHY
M0027018,SUSPICIOUS
M0027019,TRUSTWORTHY
M0027020,TRUSTWORTHY
M0027021,SUSPICIOUS
M0027022,TRUSTWORTHY
M0027023,TRUSTWORTHY
M0027024,TRUSTWORTHY
M0027025,SUSPICIOUS
M0027026,TRUSTWORTHY
M0027027,TRUSTWORTHY
M0027028,TRUSTWORTHY
M0027029,TRUSTWORTHY
M0027030,TRUSTWORTHY
M0027031,TRUSTWORTHY
M0027032,TRUSTWORTHY
M0027033,MALICIOUS
M0027034,TRUSTWORTHY
M0027035,TRUSTWORTHY
M0027036,TRUSTWORTHY
M0027037,TRUSTWORTHY
M0027038,TRUSTWORTHY
M0027039,TRUSTWORTHY
M0027040,TRUSTWORTHY
M0027041,MALICIOUS
M0027042,MALICIOUS
M0027043,TRUSTWORTHY
M0027044,TRUSTWORTHY
M0027045,TRUSTWORTHY
M0027046,TRUSTWORTHY
M0027047,TRUSTWORTHY
M0027048,TRUSTWORTHY
M0027049,TRUSTWORTHY
M0027050,TRUSTWORTHY
M0027051,TRUSTWORTHY
M0027052,TRUSTWORTHY
M0027053,TRUSTWORTHY
M0027054,TRUSTWORTHY
M0027055,TRUSTWORTHY
M0027056,TRUSTWORTHY
M0027057,MALICIOUS
M0027058,SUSPICIOUS
M0027059,TRUSTWORTHY
M0027060,SUSPICIOUS
M0027061,TRUSTWORTHY
M0027062,TRUSTWORTHY
M0027063,TRUSTWORTHY
M0027064,MALICIOUS
M0027065,TRUSTWORTHY
M0027066,MALICIOUS
M0027067,TRUSTWORTHY
M0027068,TRUSTWORTHY
M0027069,TRUSTWORTHY
M0027070,TRUSTWORTHY
M0027071,TRUSTWORTHY
M0027072,TRUSTWORTHY
M0027073,TRUSTWORTHY
M0027074,TRUSTWORTHY
M0027075,TRUSTWORTHY
M0027076,SUSPICIOUS
M0027077,TRUSTWORTHY
M0027078,TRUSTWORTHY
M0027079,SUSPICIOUS
M0027080,TRUSTWORTHY
M0027081,TRUSTWORTHY
M0027082,TRUSTWORTHY
M0027083,TRUSTWORTHY
M0027084,TRUSTWORTHY
M0027085,TRUSTWORTHY
M0027086,TRUSTWORTHY
M0027087,TRUSTWORTHY
M0027088,TRUSTWORTHY
M0027089,MALICIOUS
M0027090,MALICIOUS
M0027091,TRUSTWORTHY
M0027092,TRUSTWORTHY
M0027093,SUSPICIOUS
M0027094,TRUSTWORTHY
M0027095,TRUSTWORTHY
M0027096,TRUSTWORTHY
M0027097,TRUSTWORTHY
M0027098,TRUSTWORTHY
M0027099,TRUSTWORTHY
M0027100,SUSPICIOUS
M0027101,TRUSTWORTHY
M0027102,TRUSTWORTHY
M0027103,TRUSTWORTHY
M0027104,TRUSTWORTHY
M0027105,TRUSTWORTHY
M0027106,SUSPICIOUS
M0027107,SUSPICIOUS
M0027108,TRUSTWORTHY
M0027109,TRUSTWORTHY
M0027110,SUSPICIOUS
M0027111,TRUSTWORTHY
M0027112,SUSPICIOUS
M0027113,TRUSTWORTHY
M0027114,TRUSTWORTHY
M0027115,TRUSTWORTHY
M0027116,MALICIOUS
M0027117,SUSPICIOUS
M0027118,TRUSTWORTHY
M0027119,TRUSTWORTHY
M0027120,TRUSTWORTHY
M0027121,TRUSTWORTHY
M0027122,TRUSTWORTHY
M0027123,TRUSTWORTHY
M0027124,MALICIOUS
M0027125,MALICIOUS
M0027126,TRUSTWORTHY
M0027127,TRUSTWORTHY
M0027128,TRUSTWORTHY
M0027129,TRUSTWORTHY
M0027130,TRUSTWORTHY
M0027131,TRUSTWORTHY
M0027132,MALICIOUS
M0027133,TRUSTWORTHY
M0027134,TRUSTWORTHY
M0027135,TRUSTWORTHY
M0027136,TRUSTWORTHY
M0027137,TRUSTWORTHY
M0027138,TRUSTWORTHY
M0027139,TRUSTWORTHY
M0027140,TRUSTWORTHY
M0027141,TRUSTWORTHY
M0027142,TRUSTWORTHY
M0027143,TRUSTWORTHY
M0027144,TRUSTWORTHY
M0027145,TRUSTWORTHY
M0027146,MALICIOUS
M0027147,SUSPICIOUS
M0027148,TRUSTWORTHY
M0027149,MALICIOUS
M0027150,TRUSTWORTHY
M0027151,TRUSTWORTHY
M0027152,TRUSTWORTHY
M0027153,TRUSTWORTHY
M0027154,TRUSTWORTHY
M0027155,TRUSTWORTHY
M0027156,TRUSTWORTHY
M0027157,TRUSTWORTHY
M0027158,TRUSTWORTHY
M0027159,SUSPICIOUS
M0027160,TRUSTWORTHY
M0027161,MALICIOUS
M0027162,TRUSTWORTHY
M0027163,SUSPICIOUS
M0027164,TRUSTWORTHY
M0027165,TRUSTWORTHY
M0027166,TRUSTWORTHY
M0027167,TRUSTWORTHY
M0027168,TRUSTWORTHY
M0027169,TRUSTWORTHY
M0027170,TRUSTWORTHY
M0027171,TRUSTWORTHY
M0027172,TRUSTWORTHY
M0027173,TRUSTWORTHY
M0027174,MALICIOUS
M0027175,TRUSTWORTHY
M0027176,SUSPICIOUS
M0027177,TRUSTWORTHY
M0027178,TRUSTWORTHY
M0027179,TRUSTWORTHY
M0027180,TRUSTWORTHY
M0027181,MALICIOUS
M0027182,TRUSTWORTHY
M0027183,MALICIOUS
M0027184,TRUSTWORTHY
M0027185,TRUSTWORTHY
M0027186,TRUSTWORTHY
M0027187,TRUSTWORTHY
M0027188,TRUSTWORTHY
M0027189,MALICIOUS
M0027190,TRUSTWORTHY
M0027191,TRUSTWORTHY
M0027192,TRUSTWORTHY
M0027193,SUSPICIOUS
M0027194,TRUSTWORTHY
M0027195,TRUSTWORTHY
M0027196,SUSPICIOUS
M0027197,SUSPICIOUS
M0027198,SUSPICIOUS
M0027199,TRUSTWORTHY
M0027200,TRUSTWORTHY
M0027201,TRUSTWORTHY
M0027202,TRUSTWORTHY
M0027203,TRUSTWORTHY
M0027204,TRUSTWORTHY
M0027205,MALICIOUS
M0027206,TRUSTWORTHY
M0027207,SUSPICIOUS
M0027208,TRUSTWORTHY
M0027209,TRUSTWORTHY
M0027210,TRUSTWORTHY
M0027211,SUSPICIOUS
M0027212,TRUSTWORTHY
M0027213,TRUSTWORTHY
M0027214,TRUSTWORTHY
M0027215,TRUSTWORTHY
M0027216,TRUSTWORTHY
M0027217,TRUSTWORTHY
M0027218,TRUSTWORTHY
M0027219,TRUSTWORTHY
M0027220,SUSPICIOUS
M0027221,TRUSTWORTHY
M0027222,SUSPICIOUS
M0027223,MALICIOUS
M0027224,MALICIOUS
M0027225,TRUSTWORTHY
M0027226,MALICIOUS
M0027227,TRUSTWORTHY
M0027228,TRUSTWORTHY
M0027229,TRUSTWORTHY
M0027230,TRUSTWORTHY
M0027231,TRUSTWORTHY
M0027232,TRUSTWORTHY
M0027233,TRUSTWORTHY
M0027234,TRUSTWORTHY
M0027235,TRUSTWORTHY
M0027236,TRUSTWORTHY
M0027237,TRUSTWORTHY
M0027238,SUSPICIOUS
M0027239,SUSPICIOUS
M0027240,TRUSTWORTHY
M0027241,SUSPICIOUS
M0027242,TRUSTWORTHY
M0027243,TRUSTWORTHY
M0027244,TRUSTWORTHY
M0027245,TRUSTWORTHY
M0027246,TRUSTWORTHY
M0027247,TRUSTWORTHY
M0027248,SUSPICIOUS
M0027249,TRUSTWORTHY
M0027250,TRUSTWORTHY
M0027251,TRUSTWORTHY
M0027252,TRUSTWORTHY
M0027253,TRUSTWORTHY
M0027254,TRUSTWORTHY
M0027255,MALICIOUS
M0027256,TRUSTWORTHY
M0027257,MALICIOUS
M0027258,TRUSTWORTHY
M0027259,SUSPICIOUS
M0027260,TRUSTWORTHY
M0027261,SUSPICIOUS
M0027262,TRUSTWORTHY
M0027263,TRUSTWORTHY
M0027264,SUSPICIOUS
M0027265,TRUSTWORTHY
M0027266,TRUSTWORTHY
M0027267,TRUSTWORTHY
M0027268,TRUSTWORTHY
M0027269,TRUSTWORTHY
M0027270,TRUSTWORTHY
M0027271,TRUSTWORTHY
M0027272,TRUSTWORTHY
M0027273,TRUSTWORTHY
M0027274,SUSPICIOUS
M0027275,SUSPICIOUS
M0027276,SUSPICIOUS
M0027277,TRUSTWORTHY
M0027278,MALICIOUS
M0027279,TRUSTWORTHY
M0027280,TRUSTWORTHY
M0027281,TRUSTWORTHY
M0027282,TRUSTWORTHY
M0027283,TRUSTWORTHY
M0027284,TRUSTWORTHY
M0027285,TRUSTWORTHY
M0027286,TRUSTWORTHY
M0027287,TRUSTWORTHY
M0027288,TRUSTWORTHY
M0027289,TRUSTWORTHY
M0027290,TRUSTWORTHY
M0027291,TRUSTWORTHY
M0027292,TRUSTWORTHY
M0027293,TRUSTWORTHY
M0027294,TRUSTWORTHY
M0027295,TRUSTWORTHY
M0027296,TRUSTWORTHY
M0027297,TRUSTWORTHY
M0027298,SUSPICIOUS
M0027299,TRUSTWORTHY
M0027300,TRUSTWORTHY
M0027301,TRUSTWORTHY
M0027302,SUSPICIOUS
M0027303,TRUSTWORTHY
M0027304,SUSPICIOUS
M0027305,TRUSTWORTHY
M0027306,TRUSTWORTHY
M0027307,TRUSTWORTHY
M0027308,TRUSTWORTHY
M0027309,TRUSTWORTHY
M0027310,TRUSTWORTHY
M0027311,MALICIOUS
M0027312,TRUSTWORTHY
M0027313,TRUSTWORTHY
M0027314,TRUSTWORTHY
M0027315,TRUSTWORTHY
M0027316,TRUSTWORTHY
M0027317,MALICIOUS
M0027318,TRUSTWORTHY
M0027319,TRUSTWORTHY
M0027320,TRUSTWORTHY
M0027321,TRUSTWORTHY
M0027322,TRUSTWORTHY
M0027323,TRUSTWORTHY
M0027324,TRUSTWORTHY
M0027325,SUSPICIOUS
M0027326,TRUSTWORTHY
M0027327,TRUSTWORTHY
M0027328,TRUSTWORTHY
M0027329,TRUSTWORTHY
M0027330,TRUSTWORTHY
M0027331,TRUSTWORTHY
M0027332,TRUSTWORTHY
M0027333,TRUSTWORTHY
M0027334,TRUSTWORTHY
M0027335,TRUSTWORTHY
M0027336,TRUSTWORTHY
M0027337,TRUSTWORTHY
M0027338,SUSPICIOUS
M0027339,TRUSTWORTHY
M0027340,MALICIOUS
M0027341,TRUSTWORTHY
M0027342,TRUSTWORTHY
M0027343,MALICIOUS
M0027344,TRUSTWORTHY
M0027345,TRUSTWORTHY
M0027346,MALICIOUS
M0027347,TRUSTWORTHY
M0027348,TRUSTWORTHY
M0027349,MALICIOUS
M0027350,TRUSTWORTHY
M0027351,TRUSTWORTHY
M0027352,TRUSTWORTHY
M0027353,TRUSTWORTHY
M0027354,TRUSTWORTHY
M0027355,TRUSTWORTHY
M0027356,TRUSTWORTHY
M0027357,TRUSTWORTHY
M0027358,TRUSTWORTHY
M0027359,SUSPICIOUS
M0027360,TRUSTWORTHY
M0027361,SUSPICIOUS
M0027362,MALICIOUS
M0027363,SUSPICIOUS
M0027364,TRUSTWORTHY
M0027365,TRUSTWORTHY
M0027366,TRUSTWORTHY
M0027367,TRUSTWORTHY
M0027368,TRUSTWORTHY
M0027369,TRUSTWORTHY
M0027370,TRUSTWORTHY
M0027371,SUSPICIOUS
M0027372,TRUSTWORTHY
M0027373,TRUSTWORTHY
M0027374,TRUSTWORTHY
M0027375,TRUSTWORTHY
M0027376,TRUSTWORTHY
M0027377,SUSPICIOUS
M0027378,TRUSTWORTHY
M0027379,TRUSTWORTHY
M0027380,TRUSTWORTHY
M0027381,TRUSTWORTHY
M0027382,TRUSTWORTHY
M0027383,TRUSTWORTHY
M0027384,TRUSTWORTHY
M0027385,TRUSTWORTHY
M0027386,TRUSTWORTHY
M0027387,TRUSTWORTHY
M0027388,SUSPICIOUS
M0027389,TRUSTWORTHY
M0027390,SUSPICIOUS
M0027391,MALICIOUS
M0027392,MALICIOUS
M0027393,MALICIOUS
M0027394,TRUSTWORTHY
M0027395,TRUSTWORTHY
M0027396,MALICIOUS
M0027397,TRUSTWORTHY
M0027398,TRUSTWORTHY
M0027399,TRUSTWORTHY
M0027400,MALICIOUS
M0027401,TRUSTWORTHY
M0027402,SUSPICIOUS
M0027403,TRUSTWORTHY
M0027404,TRUSTWORTHY
M0027405,TRUSTWORTHY
M0027406,TRUSTWORTHY
M0027407,TRUSTWORTHY
M0027408,TRUSTWORTHY
M0027409,MALICIOUS
M0027410,TRUSTWORTHY
M0027411,TRUSTWORTHY
M0027412,TRUSTWORTHY
M0027413,TRUSTWORTHY
M0027414,MALICIOUS
M0027415,TRUSTWORTHY
M0027416,SUSPICIOUS
M0027417,TRUSTWORTHY
M0027418,TRUSTWORTHY
M0027419,SUSPICIOUS
M0027420,TRUSTWORTHY
M0027421,MALICIOUS
M0027422,MALICIOUS
M0027423,TRUSTWORTHY
M0027424,TRUSTWORTHY
M0027425,MALICIOUS
M0027426,TRUSTWORTHY
M0027427,TRUSTWORTHY
M0027428,MALICIOUS
M0027429,MALICIOUS
M0027430,TRUSTWORTHY
M0027431,MALICIOUS
M0027432,TRUSTWORTHY
M0027433,MALICIOUS
M0027434,SUSPICIOUS
M0027435,TRUSTWORTHY
M0027436,TRUSTWORTHY
M0027437,TRUSTWORTHY
M0027438,TRUSTWORTHY
M0027439,TRUSTWORTHY
M0027440,TRUSTWORTHY
M0027441,TRUSTWORTHY
M0027442,SUSPICIOUS
M0027443,TRUSTWORTHY
M0027444,TRUSTWORTHY
M0027445,TRUSTWORTHY
M0027446,TRUSTWORTHY
M0027447,TRUSTWORTHY
M0027448,TRUSTWORTHY
M0027449,TRUSTWORTHY
M0027450,TRUSTWORTHY
M0027451,TRUSTWORTHY
M0027452,MALICIOUS
M0027453,TRUSTWORTHY
M0027454,TRUSTWORTHY
M0027455,TRUSTWORTHY
M0027456,MALICIOUS
M0027457,TRUSTWORTHY
M0027458,SUSPICIOUS
M0027459,TRUSTWORTHY
M0027460,SUSPICIOUS
M0027461,TRUSTWORTHY
M0027462,TRUSTWORTHY
M0027463,TRUSTWORTHY
M0027464,TRUSTWORTHY
M0027465,SUSPICIOUS
M0027466,TRUSTWORTHY
M0027467,SUSPICIOUS
M0027468,SUSPICIOUS
M0027469,TRUSTWORTHY
M0027470,TRUSTWORTHY
M0027471,TRUSTWORTHY
M0027472,SUSPICIOUS
M0027473,TRUSTWORTHY
M0027474,TRUSTWORTHY
M0027475,SUSPICIOUS
M0027476,MALICIOUS
M0027477,TRUSTWORTHY
M0027478,TRUSTWORTHY
M0027479,SUSPICIOUS
M0027480,MALICIOUS
M0027481,TRUSTWORTHY
M0027482,MALICIOUS
M0027483,SUSPICIOUS
M0027484,SUSPICIOUS
M0027485,SUSPICIOUS
M0027486,MALICIOUS
M0027487,TRUSTWORTHY
M0027488,TRUSTWORTHY
M0027489,TRUSTWORTHY
M0027490,TRUSTWORTHY
M0027491,TRUSTWORTHY
M0027492,SUSPICIOUS
M0027493,TRUSTWORTHY
M0027494,TRUSTWORTHY
M0027495,TRUSTWORTHY
M0027496,SUSPICIOUS
M0027497,TRUSTWORTHY
M0027498,TRUSTWORTHY
M0027499,TRUSTWORTHY
M0027500,TRUSTWORTHY
M0027501,SUSPICIOUS
M0027502,TRUSTWORTHY
M0027503,TRUSTWORTHY
M0027504,TRUSTWORTHY
M0027505,TRUSTWORTHY
M0027506,TRUSTWORTHY
M0027507,MALICIOUS
M0027508,TRUSTWORTHY
M0027509,TRUSTWORTHY
M0027510,TRUSTWORTHY
M0027511,MALICIOUS
M0027512,TRUSTWORTHY
M0027513,MALICIOUS
M0027514,TRUSTWORTHY
M0027515,SUSPICIOUS
M0027516,MALICIOUS
M0027517,MALICIOUS
M0027518,TRUSTWORTHY
M0027519,MALICIOUS
M0027520,TRUSTWORTHY
M0027521,TRUSTWORTHY
M0027522,MALICIOUS
M0027523,TRUSTWORTHY
M0027524,TRUSTWORTHY
M0027525,TRUSTWORTHY
M0027526,MALICIOUS
M0027527,TRUSTWORTHY
M0027528,TRUSTWORTHY
M0027529,TRUSTWORTHY
M0027530,MALICIOUS
M0027531,TRUSTWORTHY
M0027532,TRUSTWORTHY
M0027533,TRUSTWORTHY
M0027534,MALICIOUS
M0027535,TRUSTWORTHY
M0027536,TRUSTWORTHY
M0027537,MALICIOUS
M0027538,TRUSTWORTHY
M0027539,TRUSTWORTHY
M0027540,TRUSTWORTHY
M0027541,TRUSTWORTHY
M0027542,TRUSTWORTHY
M0027543,TRUSTWORTHY
M0027544,TRUSTWORTHY
M0027545,MALICIOUS
M0027546,TRUSTWORTHY
M0027547,TRUSTWORTHY
M0027548,TRUSTWORTHY
M0027549,TRUSTWORTHY
M0027550,TRUSTWORTHY
M0027551,TRUSTWORTHY
M0027552,TRUSTWORTHY
M0027553,TRUSTWORTHY
M0027554,TRUSTWORTHY
M0027555,TRUSTWORTHY
M0027556,TRUSTWORTHY
M0027557,TRUSTWORTHY
M0027558,TRUSTWORTHY
M0027559,SUSPICIOUS
M0027560,TRUSTWORTHY
M0027561,TRUSTWORTHY
M0027562,TRUSTWORTHY
M0027563,TRUSTWORTHY
M0027564,TRUSTWORTHY
M0027565,TRUSTWORTHY
M0027566,MALICIOUS
M0027567,TRUSTWORTHY
M0027568,MALICIOUS
M0027569,MALICIOUS
M0027570,SUSPICIOUS
M0027571,TRUSTWORTHY
M0027572,TRUSTWORTHY
M0027573,TRUSTWORTHY
M0027574,TRUSTWORTHY
M0027575,TRUSTWORTHY
M0027576,SUSPICIOUS
M0027577,TRUSTWORTHY
M0027578,MALICIOUS
M0027579,TRUSTWORTHY
M0027580,TRUSTWORTHY
M0027581,TRUSTWORTHY
M0027582,TRUSTWORTHY
M0027583,SUSPICIOUS
M0027584,TRUSTWORTHY
M0027585,TRUSTWORTHY
M0027586,TRUSTWORTHY
M0027587,TRUSTWORTHY
M0027588,TRUSTWORTHY
M0027589,TRUSTWORTHY
M0027590,TRUSTWORTHY
M0027591,TRUSTWORTHY
M0027592,TRUSTWORTHY
M0027593,TRUSTWORTHY
M0027594,SUSPICIOUS
M0027595,TRUSTWORTHY
M0027596,TRUSTWORTHY
M0027597,TRUSTWORTHY
M0027598,TRUSTWORTHY
M0027599,TRUSTWORTHY
M0027600,TRUSTWORTHY
M0027601,TRUSTWORTHY
M0027602,TRUSTWORTHY
M0027603,TRUSTWORTHY
M0027604,TRUSTWORTHY
M0027605,TRUSTWORTHY
M0027606,TRUSTWORTHY
M0027607,TRUSTWORTHY
M0027608,TRUSTWORTHY
M0027609,TRUSTWORTHY
M0027610,TRUSTWORTHY
M0027611,TRUSTWORTHY
M0027612,TRUSTWORTHY
M0027613,TRUSTWORTHY
M0027614,TRUSTWORTHY
M0027615,TRUSTWORTHY
M0027616,MALICIOUS
M0027617,SUSPICIOUS
M0027618,MALICIOUS
M0027619,TRUSTWORTHY
M0027620,TRUSTWORTHY
M0027621,SUSPICIOUS
M0027622,SUSPICIOUS
M0027623,TRUSTWORTHY
M0027624,TRUSTWORTHY
M0027625,TRUSTWORTHY
M0027626,TRUSTWORTHY
M0027627,TRUSTWORTHY
M0027628,TRUSTWORTHY
M0027629,SUSPICIOUS
M0027630,SUSPICIOUS
M0027631,TRUSTWORTHY
M0027632,TRUSTWORTHY
M0027633,TRUSTWORTHY
M0027634,TRUSTWORTHY
M0027635,TRUSTWORTHY
M0027636,TRUSTWORTHY
M0027637,TRUSTWORTHY
M0027638,TRUSTWORTHY
M0027639,SUSPICIOUS
M0027640,TRUSTWORTHY
M0027641,TRUSTWORTHY
M0027642,TRUSTWORTHY
M0027643,TRUSTWORTHY
M0027644,TRUSTWORTHY
M0027645,TRUSTWORTHY
M0027646,TRUSTWORTHY
M0027647,TRUSTWORTHY
M0027648,SUSPICIOUS
M0027649,TRUSTWORTHY
M0027650,TRUSTWORTHY
M0027651,TRUSTWORTHY
M0027652,TRUSTWORTHY
M0027653,TRUSTWORTHY
M0027654,SUSPICIOUS
M0027655,TRUSTWORTHY
M0027656,TRUSTWORTHY
M0027657,TRUSTWORTHY
M0027658,MALICIOUS
M0027659,TRUSTWORTHY
M0027660,TRUSTWORTHY
M0027661,TRUSTWORTHY
M0027662,SUSPICIOUS
M0027663,TRUSTWORTHY
M0027664,SUSPICIOUS
M0027665,TRUSTWORTHY
M0027666,MALICIOUS
M0027667,TRUSTWORTHY
M0027668,TRUSTWORTHY
M0027669,MALICIOUS
M0027670,TRUSTWORTHY
M0027671,TRUSTWORTHY
M0027672,SUSPICIOUS
M0027673,TRUSTWORTHY
M0027674,SUSPICIOUS
M0027675,TRUSTWORTHY
M0027676,MALICIOUS
M0027677,MALICIOUS
M0027678,TRUSTWORTHY
M0027679,TRUSTWORTHY
M0027680,MALICIOUS
M0027681,TRUSTWORTHY
M0027682,TRUSTWORTHY
M0027683,SUSPICIOUS
M0027684,TRUSTWORTHY
M0027685,TRUSTWORTHY
M0027686,TRUSTWORTHY
M0027687,TRUSTWORTHY
M0027688,TRUSTWORTHY
M0027689,MALICIOUS
M0027690,TRUSTWORTHY
M0027691,TRUSTWORTHY
M0027692,SUSPICIOUS
M0027693,TRUSTWORTHY
M0027694,MALICIOUS
M0027695,TRUSTWORTHY
M0027696,TRUSTWORTHY
M0027697,MALICIOUS
M0027698,TRUSTWORTHY
M0027699,TRUSTWORTHY
M0027700,SUSPICIOUS
M0027701,SUSPICIOUS
M0027702,TRUSTWORTHY
M0027703,MALICIOUS
M0027704,TRUSTWORTHY
M0027705,TRUSTWORTHY
M0027706,TRUSTWORTHY
M0027707,TRUSTWORTHY
M0027708,MALICIOUS
M0027709,MALICIOUS
M0027710,SUSPICIOUS
M0027711,TRUSTWORTHY
M0027712,TRUSTWORTHY
M0027713,TRUSTWORTHY
M0027714,TRUSTWORTHY
M0027715,TRUSTWORTHY
M0027716,TRUSTWORTHY
M0027717,TRUSTWORTHY
M0027718,TRUSTWORTHY
M0027719,TRUSTWORTHY
M0027720,TRUSTWORTHY
M0027721,TRUSTWORTHY
M0027722,TRUSTWORTHY
M0027723,SUSPICIOUS
M0027724,MALICIOUS
M0027725,TRUSTWORTHY
M0027726,TRUSTWORTHY
M0027727,TRUSTWORTHY
M0027728,MALICIOUS
M0027729,TRUSTWORTHY
M0027730,TRUSTWORTHY
M0027731,TRUSTWORTHY
M0027732,TRUSTWORTHY
M0027733,TRUSTWORTHY
M0027734,TRUSTWORTHY
M0027735,TRUSTWORTHY
M0027736,TRUSTWORTHY
M0027737,TRUSTWORTHY
M0027738,TRUSTWORTHY
M0027739,TRUSTWORTHY
M0027740,TRUSTWORTHY
M0027741,SUSPICIOUS
M0027742,TRUSTWORTHY
M0027743,MALICIOUS
M0027744,SUSPICIOUS
M0027745,TRUSTWORTHY
M0027746,TRUSTWORTHY
M0027747,TRUSTWORTHY
M0027748,TRUSTWORTHY
M0027749,MALICIOUS
M0027750,TRUSTWORTHY
M0027751,TRUSTWORTHY
M0027752,TRUSTWORTHY
M0027753,TRUSTWORTHY
M0027754,TRUSTWORTHY
M0027755,TRUSTWORTHY
M0027756,TRUSTWORTHY
M0027757,SUSPICIOUS
M0027758,TRUSTWORTHY
M0027759,TRUSTWORTHY
M0027760,TRUSTWORTHY
M0027761,TRUSTWORTHY
M0027762,TRUSTWORTHY
M0027763,TRUSTWORTHY
M0027764,TRUSTWORTHY
M0027765,MALICIOUS
M0027766,TRUSTWORTHY
M0027767,TRUSTWORTHY
M0027768,TRUSTWORTHY
M0027769,TRUSTWORTHY
M0027770,SUSPICIOUS
M0027771,TRUSTWORTHY
M0027772,TRUSTWORTHY
M0027773,TRUSTWORTHY
M0027774,TRUSTWORTHY
M0027775,TRUSTWORTHY
M0027776,SUSPICIOUS
M0027777,SUSPICIOUS
M0027778,TRUSTWORTHY
M0027779,TRUSTWORTHY
M0027780,TRUSTWORTHY
M0027781,MALICIOUS
M0027782,MALICIOUS
M0027783,TRUSTWORTHY
M0027784,TRUSTWORTHY
M0027785,SUSPICIOUS
M0027786,TRUSTWORTHY
M0027787,TRUSTWORTHY
M0027788,SUSPICIOUS
M0027789,SUSPICIOUS
M0027790,TRUSTWORTHY
M0027791,TRUSTWORTHY
M0027792,TRUSTWORTHY
M0027793,SUSPICIOUS
M0027794,TRUSTWORTHY
M0027795,SUSPICIOUS
M0027796,TRUSTWORTHY
M0027797,TRUSTWORTHY
M0027798,TRUSTWORTHY
M0027799,TRUSTWORTHY
M0027800,TRUSTWORTHY
M0027801,TRUSTWORTHY
M0027802,MALICIOUS
M0027803,TRUSTWORTHY
M0027804,TRUSTWORTHY
M0027805,TRUSTWORTHY
M0027806,TRUSTWORTHY
M0027807,TRUSTWORTHY
M0027808,TRUSTWORTHY
M0027809,TRUSTWORTHY
M0027810,SUSPICIOUS
M0027811,TRUSTWORTHY
M0027812,MALICIOUS
M0027813,TRUSTWORTHY
M0027814,TRUSTWORTHY
M0027815,TRUSTWORTHY
M0027816,TRUSTWORTHY
M0027817,TRUSTWORTHY
M0027818,TRUSTWORTHY
M0027819,TRUSTWORTHY
M0027820,SUSPICIOUS
M0027821,TRUSTWORTHY
M0027822,TRUSTWORTHY
M0027823,TRUSTWORTHY
M0027824,TRUSTWORTHY
M0027825,TRUSTWORTHY
M0027826,TRUSTWORTHY
M0027827,TRUSTWORTHY
M0027828,TRUSTWORTHY
M0027829,TRUSTWORTHY
M0027830,TRUSTWORTHY
M0027831,TRUSTWORTHY
M0027832,TRUSTWORTHY
M0027833,TRUSTWORTHY
M0027834,MALICIOUS
M0027835,TRUSTWORTHY
M0027836,TRUSTWORTHY
M0027837,TRUSTWORTHY
M0027838,SUSPICIOUS
M0027839,TRUSTWORTHY
M0027840,TRUSTWORTHY
M0027841,MALICIOUS
M0027842,TRUSTWORTHY
M0027843,MALICIOUS
M0027844,TRUSTWORTHY
M0027845,TRUSTWORTHY
M0027846,TRUSTWORTHY
M0027847,TRUSTWORTHY
M0027848,MALICIOUS
M0027849,TRUSTWORTHY
M0027850,TRUSTWORTHY
M0027851,TRUSTWORTHY
M0027852,TRUSTWORTHY
M0027853,TRUSTWORTHY
M0027854,TRUSTWORTHY
M0027855,TRUSTWORTHY
M0027856,TRUSTWORTHY
M0027857,TRUSTWORTHY
M0027858,TRUSTWORTHY
M0027859,SUSPICIOUS
M0027860,TRUSTWORTHY
M0027861,TRUSTWORTHY
M0027862,TRUSTWORTHY
M0027863,TRUSTWORTHY
M0027864,TRUSTWORTHY
M0027865,MALICIOUS
M0027866,TRUSTWORTHY
M0027867,MALICIOUS
M0027868,TRUSTWORTHY
M0027869,TRUSTWORTHY
M0027870,SUSPICIOUS
M0027871,SUSPICIOUS
M0027872,TRUSTWORTHY
M0027873,TRUSTWORTHY
M0027874,TRUSTWORTHY
M0027875,TRUSTWORTHY
M0027876,TRUSTWORTHY
M0027877,TRUSTWORTHY
M0027878,SUSPICIOUS
M0027879,TRUSTWORTHY
M0027880,TRUSTWORTHY
M0027881,TRUSTWORTHY
M0027882,TRUSTWORTHY
M0027883,TRUSTWORTHY
M0027884,TRUSTWORTHY
M0027885,TRUSTWORTHY
M0027886,TRUSTWORTHY
M0027887,TRUSTWORTHY
M0027888,MALICIOUS
M0027889,SUSPICIOUS
M0027890,TRUSTWORTHY
M0027891,SUSPICIOUS
M0027892,TRUSTWORTHY
M0027893,TRUSTWORTHY
M0027894,TRUSTWORTHY
M0027895,SUSPICIOUS
M0027896,TRUSTWORTHY
M0027897,TRUSTWORTHY
M0027898,TRUSTWORTHY
M0027899,TRUSTWORTHY
M0027900,SUSPICIOUS
M0027901,SUSPICIOUS
M0027902,TRUSTWORTHY
M0027903,TRUSTWORTHY
M0027904,TRUSTWORTHY
M0027905,TRUSTWORTHY
M0027906,MALICIOUS
M0027907,TRUSTWORTHY
M0027908,TRUSTWORTHY
M0027909,TRUSTWORTHY
M0027910,TRUSTWORTHY
M0027911,TRUSTWORTHY
M0027912,SUSPICIOUS
M0027913,TRUSTWORTHY
M0027914,TRUSTWORTHY
M0027915,TRUSTWORTHY
M0027916,TRUSTWORTHY
M0027917,TRUSTWORTHY
M0027918,SUSPICIOUS
M0027919,TRUSTWORTHY
M0027920,TRUSTWORTHY
M0027921,TRUSTWORTHY
M0027922,TRUSTWORTHY
M0027923,TRUSTWORTHY
M0027924,TRUSTWORTHY
M0027925,MALICIOUS
M0027926,TRUSTWORTHY
M0027927,TRUSTWORTHY
M0027928,TRUSTWORTHY
M0027929,TRUSTWORTHY
M0027930,TRUSTWORTHY
M0027931,TRUSTWORTHY
M0027932,TRUSTWORTHY
M0027933,TRUSTWORTHY
M0027934,MALICIOUS
M0027935,TRUSTWORTHY
M0027936,TRUSTWORTHY
M0027937,TRUSTWORTHY
M0027938,TRUSTWORTHY
M0027939,TRUSTWORTHY
M0027940,TRUSTWORTHY
M0027941,TRUSTWORTHY
M0027942,TRUSTWORTHY
M0027943,TRUSTWORTHY
M0027944,TRUSTWORTHY
M0027945,MALICIOUS
M0027946,TRUSTWORTHY
M0027947,TRUSTWORTHY
M0027948,MALICIOUS
M0027949,TRUSTWORTHY
M0027950,MALICIOUS
M0027951,TRUSTWORTHY
M0027952,TRUSTWORTHY
M0027953,TRUSTWORTHY
M0027954,MALICIOUS
M0027955,TRUSTWORTHY
M0027956,TRUSTWORTHY
M0027957,TRUSTWORTHY
M0027958,TRUSTWORTHY
M0027959,TRUSTWORTHY
M0027960,TRUSTWORTHY
M0027961,TRUSTWORTHY
M0027962,TRUSTWORTHY
M0027963,TRUSTWORTHY
M0027964,TRUSTWORTHY
M0027965,TRUSTWORTHY
M0027966,SUSPICIOUS
M0027967,TRUSTWORTHY
M0027968,TRUSTWORTHY
M0027969,MALICIOUS
M0027970,TRUSTWORTHY
M0027971,SUSPICIOUS
M0027972,SUSPICIOUS
M0027973,TRUSTWORTHY
M0027974,TRUSTWORTHY
M0027975,TRUSTWORTHY
M0027976,TRUSTWORTHY
M0027977,TRUSTWORTHY
M0027978,TRUSTWORTHY
M0027979,SUSPICIOUS
M0027980,TRUSTWORTHY
M0027981,TRUSTWORTHY
M0027982,TRUSTWORTHY
M0027983,SUSPICIOUS
M0027984,TRUSTWORTHY
M0027985,TRUSTWORTHY
M0027986,TRUSTWORTHY
M0027987,TRUSTWORTHY
M0027988,TRUSTWORTHY
M0027989,TRUSTWORTHY
M0027990,TRUSTWORTHY
M0027991,TRUSTWORTHY
M0027992,SUSPICIOUS
M0027993,TRUSTWORTHY
M0027994,TRUSTWORTHY
M0027995,TRUSTWORTHY
M0027996,TRUSTWORTHY
M0027997,TRUSTWORTHY
M0027998,SUSPICIOUS
M0027999,TRUSTWORTHY
M0028000,TRUSTWORTHY
M0028001,TRUSTWORTHY
M0028002,TRUSTWORTHY
M0028003,TRUSTWORTHY
M0028004,TRUSTWORTHY
M0028005,TRUSTWORTHY
M0028006,TRUSTWORTHY
M0028007,TRUSTWORTHY
M0028008,TRUSTWORTHY
M0028009,TRUSTWORTHY
M0028010,TRUSTWORTHY
M0028011,MALICIOUS
M0028012,TRUSTWORTHY
M0028013,TRUSTWORTHY
M0028014,TRUSTWORTHY
M0028015,TRUSTWORTHY
M0028016,SUSPICIOUS
M0028017,TRUSTWORTHY
M0028018,SUSPICIOUS
M0028019,TRUSTWORTHY
M0028020,TRUSTWORTHY
M0028021,TRUSTWORTHY
M0028022,TRUSTWORTHY
M0028023,SUSPICIOUS
M0028024,TRUSTWORTHY
M0028025,TRUSTWORTHY
M0028026,TRUSTWORTHY
M0028027,TRUSTWORTHY
M0028028,TRUSTWORTHY
M0028029,TRUSTWORTHY
M0028030,TRUSTWORTHY
M0028031,TRUSTWORTHY
M0028032,TRUSTWORTHY
M0028033,TRUSTWORTHY
M0028034,TRUSTWORTHY
M0028035,TRUSTWORTHY
M0028036,TRUSTWORTHY
M0028037,TRUSTWORTHY
M0028038,TRUSTWORTHY
M0028039,TRUSTWORTHY
M0028040,SUSPICIOUS
M0028041,TRUSTWORTHY
M0028042,TRUSTWORTHY
M0028043,TRUSTWORTHY
M0028044,SUSPICIOUS
M0028045,SUSPICIOUS
M0028046,TRUSTWORTHY
M0028047,TRUSTWORTHY
M0028048,TRUSTWORTHY
M0028049,TRUSTWORTHY
M0028050,MALICIOUS
M0028051,TRUSTWORTHY
M0028052,SUSPICIOUS
M0028053,MALICIOUS
M0028054,SUSPICIOUS
M0028055,MALICIOUS
M0028056,MALICIOUS
M0028057,MALICIOUS
M0028058,TRUSTWORTHY
M0028059,TRUSTWORTHY
M0028060,TRUSTWORTHY
M0028061,TRUSTWORTHY
M0028062,TRUSTWORTHY
M0028063,SUSPICIOUS
M0028064,TRUSTWORTHY
M0028065,TRUSTWORTHY
M0028066,TRUSTWORTHY
M0028067,TRUSTWORTHY
M0028068,SUSPICIOUS
M0028069,TRUSTWORTHY
M0028070,SUSPICIOUS
M0028071,TRUSTWORTHY
M0028072,TRUSTWORTHY
M0028073,TRUSTWORTHY
M0028074,TRUSTWORTHY
M0028075,TRUSTWORTHY
M0028076,TRUSTWORTHY
M0028077,SUSPICIOUS
M0028078,TRUSTWORTHY
M0028079,TRUSTWORTHY
M0028080,TRUSTWORTHY
M0028081,TRUSTWORTHY
M0028082,TRUSTWORTHY
M0028083,TRUSTWORTHY
M0028084,TRUSTWORTHY
M0028085,TRUSTWORTHY
M0028086,TRUSTWORTHY
M0028087,TRUSTWORTHY
M0028088,TRUSTWORTHY
M0028089,TRUSTWORTHY
M0028090,SUSPICIOUS
M0028091,MALICIOUS
M0028092,TRUSTWORTHY
M0028093,TRUSTWORTHY
M0028094,TRUSTWORTHY
M0028095,TRUSTWORTHY
M0028096,SUSPICIOUS
M0028097,TRUSTWORTHY
M0028098,TRUSTWORTHY
M0028099,MALICIOUS
M0028100,TRUSTWORTHY
M0028101,SUSPICIOUS
M0028102,TRUSTWORTHY
M0028103,TRUSTWORTHY
M0028104,TRUSTWORTHY
M0028105,TRUSTWORTHY
M0028106,SUSPICIOUS
M0028107,TRUSTWORTHY
M0028108,SUSPICIOUS
M0028109,TRUSTWORTHY
M0028110,SUSPICIOUS
M0028111,TRUSTWORTHY
M0028112,SUSPICIOUS
M0028113,TRUSTWORTHY
M0028114,MALICIOUS
M0028115,TRUSTWORTHY
M0028116,TRUSTWORTHY
M0028117,TRUSTWORTHY
M0028118,TRUSTWORTHY
M0028119,TRUSTWORTHY
M0028120,TRUSTWORTHY
M0028121,TRUSTWORTHY
M0028122,SUSPICIOUS
M0028123,SUSPICIOUS
M0028124,MALICIOUS
M0028125,TRUSTWORTHY
M0028126,TRUSTWORTHY
M0028127,TRUSTWORTHY
M0028128,TRUSTWORTHY
M0028129,TRUSTWORTHY
M0028130,TRUSTWORTHY
M0028131,TRUSTWORTHY
M0028132,TRUSTWORTHY
M0028133,TRUSTWORTHY
M0028134,TRUSTWORTHY
M0028135,SUSPICIOUS
M0028136,TRUSTWORTHY
M0028137,SUSPICIOUS
M0028138,TRUSTWORTHY
M0028139,TRUSTWORTHY
M0028140,TRUSTWORTHY
M0028141,MALICIOUS
M0028142,TRUSTWORTHY
M0028143,TRUSTWORTHY
M0028144,TRUSTWORTHY
M0028145,TRUSTWORTHY
M0028146,TRUSTWORTHY
M0028147,SUSPICIOUS
M0028148,MALICIOUS
M0028149,TRUSTWORTHY
M0028150,SUSPICIOUS
M0028151,SUSPICIOUS
M0028152,TRUSTWORTHY
M0028153,TRUSTWORTHY
M0028154,TRUSTWORTHY
M0028155,TRUSTWORTHY
M0028156,MALICIOUS
M0028157,TRUSTWORTHY
M0028158,SUSPICIOUS
M0028159,TRUSTWORTHY
M0028160,TRUSTWORTHY
M0028161,MALICIOUS
M0028162,SUSPICIOUS
M0028163,TRUSTWORTHY
M0028164,MALICIOUS
M0028165,TRUSTWORTHY
M0028166,SUSPICIOUS
M0028167,TRUSTWORTHY
M0028168,TRUSTWORTHY
M0028169,TRUSTWORTHY
M0028170,TRUSTWORTHY
M0028171,TRUSTWORTHY
M0028172,TRUSTWORTHY
M0028173,TRUSTWORTHY
M0028174,TRUSTWORTHY
M0028175,TRUSTWORTHY
M0028176,TRUSTWORTHY
M0028177,TRUSTWORTHY
M0028178,MALICIOUS
M0028179,TRUSTWORTHY
M0028180,TRUSTWORTHY
M0028181,TRUSTWORTHY
M0028182,TRUSTWORTHY
M0028183,TRUSTWORTHY
M0028184,TRUSTWORTHY
M0028185,TRUSTWORTHY
M0028186,TRUSTWORTHY
M0028187,TRUSTWORTHY
M0028188,MALICIOUS
M0028189,TRUSTWORTHY
M0028190,TRUSTWORTHY
M0028191,TRUSTWORTHY
M0028192,TRUSTWORTHY
M0028193,TRUSTWORTHY
M0028194,TRUSTWORTHY
M0028195,MALICIOUS
M0028196,TRUSTWORTHY
M0028197,TRUSTWORTHY
M0028198,TRUSTWORTHY
M0028199,TRUSTWORTHY
M0028200,TRUSTWORTHY
M0028201,TRUSTWORTHY
M0028202,MALICIOUS
M0028203,TRUSTWORTHY
M0028204,TRUSTWORTHY
M0028205,SUSPICIOUS
M0028206,TRUSTWORTHY
M0028207,TRUSTWORTHY
M0028208,SUSPICIOUS
M0028209,TRUSTWORTHY
M0028210,TRUSTWORTHY
M0028211,TRUSTWORTHY
M0028212,TRUSTWORTHY
M0028213,TRUSTWORTHY
M0028214,TRUSTWORTHY
M0028215,SUSPICIOUS
M0028216,MALICIOUS
M0028217,TRUSTWORTHY
M0028218,TRUSTWORTHY
M0028219,TRUSTWORTHY
M0028220,TRUSTWORTHY
M0028221,MALICIOUS
M0028222,TRUSTWORTHY
M0028223,TRUSTWORTHY
M0028224,MALICIOUS
M0028225,TRUSTWORTHY
M0028226,TRUSTWORTHY
M0028227,SUSPICIOUS
M0028228,TRUSTWORTHY
M0028229,TRUSTWORTHY
M0028230,TRUSTWORTHY
M0028231,TRUSTWORTHY
M0028232,TRUSTWORTHY
M0028233,TRUSTWORTHY
M0028234,TRUSTWORTHY
M0028235,TRUSTWORTHY
M0028236,TRUSTWORTHY
M0028237,TRUSTWORTHY
M0028238,TRUSTWORTHY
M0028239,SUSPICIOUS
M0028240,MALICIOUS
M0028241,TRUSTWORTHY
M0028242,TRUSTWORTHY
M0028243,TRUSTWORTHY
M0028244,TRUSTWORTHY
M0028245,SUSPICIOUS
M0028246,TRUSTWORTHY
M0028247,SUSPICIOUS
M0028248,TRUSTWORTHY
M0028249,TRUSTWORTHY
M0028250,TRUSTWORTHY
M0028251,TRUSTWORTHY
M0028252,TRUSTWORTHY
M0028253,TRUSTWORTHY
M0028254,TRUSTWORTHY
M0028255,SUSPICIOUS
M0028256,SUSPICIOUS
M0028257,TRUSTWORTHY
M0028258,TRUSTWORTHY
M0028259,TRUSTWORTHY
M0028260,TRUSTWORTHY
M0028261,TRUSTWORTHY
M0028262,TRUSTWORTHY
M0028263,SUSPICIOUS
M0028264,TRUSTWORTHY
M0028265,TRUSTWORTHY
M0028266,TRUSTWORTHY
M0028267,TRUSTWORTHY
M0028268,TRUSTWORTHY
M0028269,MALICIOUS
M0028270,TRUSTWORTHY
M0028271,TRUSTWORTHY
M0028272,TRUSTWORTHY
M0028273,TRUSTWORTHY
M0028274,TRUSTWORTHY
M0028275,TRUSTWORTHY
M0028276,TRUSTWORTHY
M0028277,TRUSTWORTHY
M0028278,TRUSTWORTHY
M0028279,MALICIOUS
M0028280,TRUSTWORTHY
M0028281,TRUSTWORTHY
M0028282,TRUSTWORTHY
M0028283,SUSPICIOUS
M0028284,TRUSTWORTHY
M0028285,TRUSTWORTHY
M0028286,TRUSTWORTHY
M0028287,MALICIOUS
M0028288,TRUSTWORTHY
M0028289,MALICIOUS
M0028290,TRUSTWORTHY
M0028291,TRUSTWORTHY
M0028292,TRUSTWORTHY
M0028293,TRUSTWORTHY
M0028294,TRUSTWORTHY
M0028295,TRUSTWORTHY
M0028296,TRUSTWORTHY
M0028297,TRUSTWORTHY
M0028298,TRUSTWORTHY
M0028299,TRUSTWORTHY
M0028300,TRUSTWORTHY
M0028301,TRUSTWORTHY
M0028302,SUSPICIOUS
M0028303,TRUSTWORTHY
M0028304,TRUSTWORTHY
M0028305,TRUSTWORTHY
M0028306,MALICIOUS
M0028307,TRUSTWORTHY
M0028308,TRUSTWORTHY
M0028309,TRUSTWORTHY
M0028310,TRUSTWORTHY
M0028311,TRUSTWORTHY
M0028312,TRUSTWORTHY
M0028313,TRUSTWORTHY
M0028314,SUSPICIOUS
M0028315,TRUSTWORTHY
M0028316,TRUSTWORTHY
M0028317,SUSPICIOUS
M0028318,TRUSTWORTHY
M0028319,SUSPICIOUS
M0028320,TRUSTWORTHY
M0028321,TRUSTWORTHY
M0028322,TRUSTWORTHY
M0028323,TRUSTWORTHY
M0028324,TRUSTWORTHY
M0028325,TRUSTWORTHY
M0028326,MALICIOUS
M0028327,TRUSTWORTHY
M0028328,TRUSTWORTHY
M0028329,TRUSTWORTHY
M0028330,SUSPICIOUS
M0028331,TRUSTWORTHY
M0028332,TRUSTWORTHY
M0028333,TRUSTWORTHY
M0028334,TRUSTWORTHY
M0028335,TRUSTWORTHY
M0028336,MALICIOUS
M0028337,SUSPICIOUS
M0028338,TRUSTWORTHY
M0028339,TRUSTWORTHY
M0028340,SUSPICIOUS
M0028341,TRUSTWORTHY
M0028342,TRUSTWORTHY
M0028343,TRUSTWORTHY
M0028344,TRUSTWORTHY
M0028345,TRUSTWORTHY
M0028346,SUSPICIOUS
M0028347,SUSPICIOUS
M0028348,TRUSTWORTHY
M0028349,TRUSTWORTHY
M0028350,TRUSTWORTHY
M0028351,TRUSTWORTHY
M0028352,MALICIOUS
M0028353,TRUSTWORTHY
M0028354,TRUSTWORTHY
M0028355,MALICIOUS
M0028356,TRUSTWORTHY
M0028357,TRUSTWORTHY
M0028358,TRUSTWORTHY
M0028359,TRUSTWORTHY
M0028360,SUSPICIOUS
M0028361,TRUSTWORTHY
M0028362,TRUSTWORTHY
M0028363,SUSPICIOUS
M0028364,TRUSTWORTHY
M0028365,TRUSTWORTHY
M0028366,MALICIOUS
M0028367,TRUSTWORTHY
M0028368,TRUSTWORTHY
M0028369,TRUSTWORTHY
M0028370,TRUSTWORTHY
M0028371,TRUSTWORTHY
M0028372,SUSPICIOUS
M0028373,TRUSTWORTHY
M0028374,TRUSTWORTHY
M0028375,TRUSTWORTHY
M0028376,SUSPICIOUS
M0028377,TRUSTWORTHY
M0028378,TRUSTWORTHY
M0028379,TRUSTWORTHY
M0028380,TRUSTWORTHY
M0028381,TRUSTWORTHY
M0028382,TRUSTWORTHY
M0028383,TRUSTWORTHY
M0028384,TRUSTWORTHY
M0028385,TRUSTWORTHY
M0028386,TRUSTWORTHY
M0028387,SUSPICIOUS
M0028388,TRUSTWORTHY
M0028389,TRUSTWORTHY
M0028390,MALICIOUS
M0028391,TRUSTWORTHY
M0028392,TRUSTWORTHY
M0028393,MALICIOUS
M0028394,TRUSTWORTHY
M0028395,MALICIOUS
M0028396,TRUSTWORTHY
M0028397,TRUSTWORTHY
M0028398,TRUSTWORTHY
M0028399,TRUSTWORTHY
M0028400,TRUSTWORTHY
M0028401,SUSPICIOUS
M0028402,TRUSTWORTHY
M0028403,SUSPICIOUS
M0028404,TRUSTWORTHY
M0028405,TRUSTWORTHY
M0028406,TRUSTWORTHY
M0028407,TRUSTWORTHY
M0028408,TRUSTWORTHY
M0028409,TRUSTWORTHY
M0028410,TRUSTWORTHY
M0028411,TRUSTWORTHY
M0028412,TRUSTWORTHY
M0028413,SUSPICIOUS
M0028414,TRUSTWORTHY
M0028415,MALICIOUS
M0028416,SUSPICIOUS
M0028417,TRUSTWORTHY
M0028418,MALICIOUS
M0028419,TRUSTWORTHY
M0028420,TRUSTWORTHY
M0028421,SUSPICIOUS
M0028422,TRUSTWORTHY
M0028423,TRUSTWORTHY
M0028424,TRUSTWORTHY
M0028425,MALICIOUS
M0028426,SUSPICIOUS
M0028427,MALICIOUS
M0028428,TRUSTWORTHY
M0028429,TRUSTWORTHY
M0028430,MALICIOUS
M0028431,TRUSTWORTHY
M0028432,TRUSTWORTHY
M0028433,MALICIOUS
M0028434,TRUSTWORTHY
M0028435,MALICIOUS
M0028436,TRUSTWORTHY
M0028437,TRUSTWORTHY
M0028438,TRUSTWORTHY
M0028439,SUSPICIOUS
M0028440,TRUSTWORTHY
M0028441,TRUSTWORTHY
M0028442,TRUSTWORTHY
M0028443,TRUSTWORTHY
M0028444,SUSPICIOUS
M0028445,TRUSTWORTHY
M0028446,TRUSTWORTHY
M0028447,TRUSTWORTHY
M0028448,SUSPICIOUS
M0028449,TRUSTWORTHY
M0028450,TRUSTWORTHY
M0028451,TRUSTWORTHY
M0028452,TRUSTWORTHY
M0028453,SUSPICIOUS
M0028454,MALICIOUS
M0028455,TRUSTWORTHY
M0028456,TRUSTWORTHY
M0028457,TRUSTWORTHY
M0028458,TRUSTWORTHY
M0028459,SUSPICIOUS
M0028460,TRUSTWORTHY
M0028461,TRUSTWORTHY
M0028462,TRUSTWORTHY
M0028463,MALICIOUS
M0028464,MALICIOUS
M0028465,TRUSTWORTHY
M0028466,TRUSTWORTHY
M0028467,SUSPICIOUS
M0028468,TRUSTWORTHY
M0028469,TRUSTWORTHY
M0028470,SUSPICIOUS
M0028471,TRUSTWORTHY
M0028472,TRUSTWORTHY
M0028473,TRUSTWORTHY
M0028474,TRUSTWORTHY
M0028475,TRUSTWORTHY
M0028476,TRUSTWORTHY
M0028477,TRUSTWORTHY
M0028478,TRUSTWORTHY
M0028479,TRUSTWORTHY
M0028480,TRUSTWORTHY
M0028481,TRUSTWORTHY
M0028482,MALICIOUS
M0028483,TRUSTWORTHY
M0028484,TRUSTWORTHY
M0028485,TRUSTWORTHY
M0028486,TRUSTWORTHY
M0028487,TRUSTWORTHY
M0028488,TRUSTWORTHY
M0028489,TRUSTWORTHY
M0028490,TRUSTWORTHY
M0028491,TRUSTWORTHY
M0028492,TRUSTWORTHY
M0028493,TRUSTWORTHY
M0028494,MALICIOUS
M0028495,MALICIOUS
M0028496,TRUSTWORTHY
M0028497,SUSPICIOUS
M0028498,MALICIOUS
M0028499,TRUSTWORTHY
M0028500,SUSPICIOUS
M0028501,TRUSTWORTHY
M0028502,TRUSTWORTHY
M0028503,TRUSTWORTHY
M0028504,MALICIOUS
M0028505,MALICIOUS
M0028506,TRUSTWORTHY
M0028507,TRUSTWORTHY
M0028508,TRUSTWORTHY
M0028509,TRUSTWORTHY
M0028510,TRUSTWORTHY
M0028511,TRUSTWORTHY
M0028512,SUSPICIOUS
M0028513,TRUSTWORTHY
M0028514,SUSPICIOUS
M0028515,TRUSTWORTHY
M0028516,TRUSTWORTHY
M0028517,TRUSTWORTHY
M0028518,MALICIOUS
M0028519,SUSPICIOUS
M0028520,TRUSTWORTHY
M0028521,TRUSTWORTHY
M0028522,TRUSTWORTHY
M0028523,MALICIOUS
M0028524,MALICIOUS
M0028525,TRUSTWORTHY
M0028526,MALICIOUS
M0028527,TRUSTWORTHY
M0028528,SUSPICIOUS
M0028529,MALICIOUS
M0028530,TRUSTWORTHY
M0028531,TRUSTWORTHY
M0028532,MALICIOUS
M0028533,TRUSTWORTHY
M0028534,MALICIOUS
M0028535,TRUSTWORTHY
M0028536,TRUSTWORTHY
M0028537,MALICIOUS
M0028538,TRUSTWORTHY
M0028539,SUSPICIOUS
M0028540,TRUSTWORTHY
M0028541,TRUSTWORTHY
M0028542,SUSPICIOUS
M0028543,TRUSTWORTHY
M0028544,SUSPICIOUS
M0028545,MALICIOUS
M0028546,TRUSTWORTHY
M0028547,TRUSTWORTHY
M0028548,TRUSTWORTHY
M0028549,TRUSTWORTHY
M0028550,TRUSTWORTHY
M0028551,TRUSTWORTHY
M0028552,SUSPICIOUS
M0028553,TRUSTWORTHY
M0028554,SUSPICIOUS
M0028555,TRUSTWORTHY
M0028556,MALICIOUS
M0028557,TRUSTWORTHY
M0028558,SUSPICIOUS
M0028559,MALICIOUS
M0028560,SUSPICIOUS
M0028561,SUSPICIOUS
M0028562,TRUSTWORTHY
M0028563,TRUSTWORTHY
M0028564,TRUSTWORTHY
M0028565,TRUSTWORTHY
M0028566,TRUSTWORTHY
M0028567,TRUSTWORTHY
M0028568,TRUSTWORTHY
M0028569,TRUSTWORTHY
M0028570,SUSPICIOUS
M0028571,TRUSTWORTHY
M0028572,TRUSTWORTHY
M0028573,TRUSTWORTHY
M0028574,TRUSTWORTHY
M0028575,TRUSTWORTHY
M0028576,TRUSTWORTHY
M0028577,TRUSTWORTHY
M0028578,TRUSTWORTHY
M0028579,TRUSTWORTHY
M0028580,TRUSTWORTHY
M0028581,SUSPICIOUS
M0028582,TRUSTWORTHY
M0028583,TRUSTWORTHY
M0028584,TRUSTWORTHY
M0028585,TRUSTWORTHY
M0028586,TRUSTWORTHY
M0028587,TRUSTWORTHY
M0028588,TRUSTWORTHY
M0028589,TRUSTWORTHY
M0028590,TRUSTWORTHY
M0028591,SUSPICIOUS
M0028592,MALICIOUS
M0028593,TRUSTWORTHY
M0028594,TRUSTWORTHY
M0028595,TRUSTWORTHY
M0028596,TRUSTWORTHY
M0028597,TRUSTWORTHY
M0028598,TRUSTWORTHY
M0028599,MALICIOUS
M0028600,TRUSTWORTHY
M0028601,TRUSTWORTHY
M0028602,TRUSTWORTHY
M0028603,TRUSTWORTHY
M0028604,MALICIOUS
M0028605,TRUSTWORTHY
M0028606,TRUSTWORTHY
M0028607,SUSPICIOUS
M0028608,TRUSTWORTHY
M0028609,MALICIOUS
M0028610,TRUSTWORTHY
M0028611,TRUSTWORTHY
M0028612,TRUSTWORTHY
M0028613,TRUSTWORTHY
M0028614,TRUSTWORTHY
M0028615,TRUSTWORTHY
M0028616,MALICIOUS
M0028617,TRUSTWORTHY
M0028618,TRUSTWORTHY
M0028619,MALICIOUS
M0028620,SUSPICIOUS
M0028621,MALICIOUS
M0028622,TRUSTWORTHY
M0028623,SUSPICIOUS
M0028624,SUSPICIOUS
M0028625,TRUSTWORTHY
M0028626,TRUSTWORTHY
M0028627,TRUSTWORTHY
M0028628,TRUSTWORTHY
M0028629,TRUSTWORTHY
M0028630,TRUSTWORTHY
M0028631,TRUSTWORTHY
M0028632,TRUSTWORTHY
M0028633,TRUSTWORTHY
M0028634,TRUSTWORTHY
M0028635,TRUSTWORTHY
M0028636,SUSPICIOUS
M0028637,TRUSTWORTHY
M0028638,TRUSTWORTHY
M0028639,MALICIOUS
M0028640,SUSPICIOUS
M0028641,TRUSTWORTHY
M0028642,MALICIOUS
M0028643,TRUSTWORTHY
M0028644,TRUSTWORTHY
M0028645,MALICIOUS
M0028646,SUSPICIOUS
M0028647,SUSPICIOUS
M0028648,TRUSTWORTHY
M0028649,TRUSTWORTHY
M0028650,TRUSTWORTHY
M0028651,SUSPICIOUS
M0028652,TRUSTWORTHY
M0028653,TRUSTWORTHY
M0028654,SUSPICIOUS
M0028655,TRUSTWORTHY
M0028656,TRUSTWORTHY
M0028657,TRUSTWORTHY
M0028658,TRUSTWORTHY
M0028659,TRUSTWORTHY
M0028660,TRUSTWORTHY
M0028661,TRUSTWORTHY
M0028662,TRUSTWORTHY
M0028663,TRUSTWORTHY
M0028664,TRUSTWORTHY
M0028665,TRUSTWORTHY
M0028666,MALICIOUS
M0028667,MALICIOUS
M0028668,SUSPICIOUS
M0028669,SUSPICIOUS
M0028670,TRUSTWORTHY
M0028671,TRUSTWORTHY
M0028672,MALICIOUS
M0028673,TRUSTWORTHY
M0028674,TRUSTWORTHY
M0028675,TRUSTWORTHY
M0028676,SUSPICIOUS
M0028677,TRUSTWORTHY
M0028678,TRUSTWORTHY
M0028679,TRUSTWORTHY
M0028680,TRUSTWORTHY
M0028681,SUSPICIOUS
M0028682,TRUSTWORTHY
M0028683,TRUSTWORTHY
M0028684,TRUSTWORTHY
M0028685,MALICIOUS
M0028686,TRUSTWORTHY
M0028687,TRUSTWORTHY
M0028688,TRUSTWORTHY
M0028689,TRUSTWORTHY
M0028690,TRUSTWORTHY
M0028691,TRUSTWORTHY
M0028692,TRUSTWORTHY
M0028693,TRUSTWORTHY
M0028694,TRUSTWORTHY
M0028695,TRUSTWORTHY
M0028696,TRUSTWORTHY
M0028697,TRUSTWORTHY
M0028698,TRUSTWORTHY
M0028699,TRUSTWORTHY
M0028700,TRUSTWORTHY
M0028701,TRUSTWORTHY
M0028702,TRUSTWORTHY
M0028703,MALICIOUS
M0028704,TRUSTWORTHY
M0028705,TRUSTWORTHY
M0028706,TRUSTWORTHY
M0028707,MALICIOUS
M0028708,SUSPICIOUS
M0028709,TRUSTWORTHY
M0028710,TRUSTWORTHY
M0028711,TRUSTWORTHY
M0028712,TRUSTWORTHY
M0028713,TRUSTWORTHY
M0028714,TRUSTWORTHY
M0028715,TRUSTWORTHY
M0028716,MALICIOUS
M0028717,TRUSTWORTHY
M0028718,SUSPICIOUS
M0028719,TRUSTWORTHY
M0028720,TRUSTWORTHY
M0028721,SUSPICIOUS
M0028722,TRUSTWORTHY
M0028723,MALICIOUS
M0028724,SUSPICIOUS
M0028725,TRUSTWORTHY
M0028726,TRUSTWORTHY
M0028727,TRUSTWORTHY
M0028728,TRUSTWORTHY
M0028729,TRUSTWORTHY
M0028730,SUSPICIOUS
M0028731,TRUSTWORTHY
M0028732,TRUSTWORTHY
M0028733,TRUSTWORTHY
M0028734,TRUSTWORTHY
M0028735,SUSPICIOUS
M0028736,TRUSTWORTHY
M0028737,TRUSTWORTHY
M0028738,SUSPICIOUS
M0028739,TRUSTWORTHY
M0028740,SUSPICIOUS
M0028741,SUSPICIOUS
M0028742,TRUSTWORTHY
M0028743,TRUSTWORTHY
M0028744,SUSPICIOUS
M0028745,SUSPICIOUS
M0028746,TRUSTWORTHY
M0028747,TRUSTWORTHY
M0028748,TRUSTWORTHY
M0028749,SUSPICIOUS
M0028750,SUSPICIOUS
M0028751,TRUSTWORTHY
M0028752,TRUSTWORTHY
M0028753,TRUSTWORTHY
M0028754,TRUSTWORTHY
M0028755,MALICIOUS
M0028756,TRUSTWORTHY
M0028757,TRUSTWORTHY
M0028758,SUSPICIOUS
M0028759,TRUSTWORTHY
M0028760,TRUSTWORTHY
M0028761,MALICIOUS
M0028762,TRUSTWORTHY
M0028763,MALICIOUS
M0028764,TRUSTWORTHY
M0028765,TRUSTWORTHY
M0028766,TRUSTWORTHY
M0028767,TRUSTWORTHY
M0028768,TRUSTWORTHY
M0028769,TRUSTWORTHY
M0028770,TRUSTWORTHY
M0028771,MALICIOUS
M0028772,MALICIOUS
M0028773,MALICIOUS
M0028774,SUSPICIOUS
M0028775,SUSPICIOUS
M0028776,TRUSTWORTHY
M0028777,TRUSTWORTHY
M0028778,TRUSTWORTHY
M0028779,TRUSTWORTHY
M0028780,TRUSTWORTHY
M0028781,MALICIOUS
M0028782,SUSPICIOUS
M0028783,TRUSTWORTHY
M0028784,TRUSTWORTHY
M0028785,TRUSTWORTHY
M0028786,TRUSTWORTHY
M0028787,TRUSTWORTHY
M0028788,TRUSTWORTHY
M0028789,TRUSTWORTHY
M0028790,TRUSTWORTHY
M0028791,TRUSTWORTHY
M0028792,MALICIOUS
M0028793,TRUSTWORTHY
M0028794,TRUSTWORTHY
M0028795,SUSPICIOUS
M0028796,TRUSTWORTHY
M0028797,TRUSTWORTHY
M0028798,TRUSTWORTHY
M0028799,MALICIOUS
M0028800,SUSPICIOUS
M0028801,MALICIOUS
M0028802,TRUSTWORTHY
M0028803,MALICIOUS
M0028804,TRUSTWORTHY
M0028805,MALICIOUS
M0028806,SUSPICIOUS
M0028807,TRUSTWORTHY
M0028808,TRUSTWORTHY
M0028809,TRUSTWORTHY
M0028810,TRUSTWORTHY
M0028811,TRUSTWORTHY
M0028812,TRUSTWORTHY
M0028813,MALICIOUS
M0028814,TRUSTWORTHY
M0028815,TRUSTWORTHY
M0028816,SUSPICIOUS
M0028817,TRUSTWORTHY
M0028818,TRUSTWORTHY
M0028819,TRUSTWORTHY
M0028820,MALICIOUS
M0028821,TRUSTWORTHY
M0028822,MALICIOUS
M0028823,TRUSTWORTHY
M0028824,TRUSTWORTHY
M0028825,TRUSTWORTHY
M0028826,MALICIOUS
M0028827,TRUSTWORTHY
M0028828,TRUSTWORTHY
M0028829,TRUSTWORTHY
M0028830,SUSPICIOUS
M0028831,TRUSTWORTHY
M0028832,TRUSTWORTHY
M0028833,TRUSTWORTHY
M0028834,TRUSTWORTHY
M0028835,SUSPICIOUS
M0028836,TRUSTWORTHY
M0028837,TRUSTWORTHY
M0028838,TRUSTWORTHY
M0028839,TRUSTWORTHY
M0028840,TRUSTWORTHY
M0028841,TRUSTWORTHY
M0028842,TRUSTWORTHY
M0028843,TRUSTWORTHY
M0028844,TRUSTWORTHY
M0028845,TRUSTWORTHY
M0028846,TRUSTWORTHY
M0028847,MALICIOUS
M0028848,TRUSTWORTHY
M0028849,SUSPICIOUS
M0028850,TRUSTWORTHY
M0028851,TRUSTWORTHY
M0028852,TRUSTWORTHY
M0028853,SUSPICIOUS
M0028854,MALICIOUS
M0028855,TRUSTWORTHY
M0028856,TRUSTWORTHY
M0028857,TRUSTWORTHY
M0028858,TRUSTWORTHY
M0028859,TRUSTWORTHY
M0028860,MALICIOUS
M0028861,TRUSTWORTHY
M0028862,MALICIOUS
M0028863,TRUSTWORTHY
M0028864,TRUSTWORTHY
M0028865,TRUSTWORTHY
M0028866,TRUSTWORTHY
M0028867,TRUSTWORTHY
M0028868,TRUSTWORTHY
M0028869,TRUSTWORTHY
M0028870,TRUSTWORTHY
M0028871,SUSPICIOUS
M0028872,TRUSTWORTHY
M0028873,TRUSTWORTHY
M0028874,SUSPICIOUS
M0028875,SUSPICIOUS
M0028876,SUSPICIOUS
M0028877,TRUSTWORTHY
M0028878,TRUSTWORTHY
M0028879,TRUSTWORTHY
M0028880,TRUSTWORTHY
M0028881,TRUSTWORTHY
M0028882,TRUSTWORTHY
M0028883,TRUSTWORTHY
M0028884,SUSPICIOUS
M0028885,TRUSTWORTHY
M0028886,TRUSTWORTHY
M0028887,TRUSTWORTHY
M0028888,TRUSTWORTHY
M0028889,TRUSTWORTHY
M0028890,TRUSTWORTHY
M0028891,MALICIOUS
M0028892,TRUSTWORTHY
M0028893,TRUSTWORTHY
M0028894,TRUSTWORTHY
M0028895,TRUSTWORTHY
M0028896,TRUSTWORTHY
M0028897,TRUSTWORTHY
M0028898,SUSPICIOUS
M0028899,MALICIOUS
M0028900,TRUSTWORTHY
M0028901,TRUSTWORTHY
M0028902,TRUSTWORTHY
M0028903,TRUSTWORTHY
M0028904,SUSPICIOUS
M0028905,TRUSTWORTHY
M0028906,TRUSTWORTHY
M0028907,TRUSTWORTHY
M0028908,MALICIOUS
M0028909,TRUSTWORTHY
M0028910,TRUSTWORTHY
M0028911,TRUSTWORTHY
M0028912,SUSPICIOUS
M0028913,TRUSTWORTHY
M0028914,SUSPICIOUS
M0028915,TRUSTWORTHY
M0028916,SUSPICIOUS
M0028917,TRUSTWORTHY
M0028918,TRUSTWORTHY
M0028919,SUSPICIOUS
M0028920,TRUSTWORTHY
M0028921,SUSPICIOUS
M0028922,TRUSTWORTHY
M0028923,TRUSTWORTHY
M0028924,SUSPICIOUS
M0028925,TRUSTWORTHY
M0028926,TRUSTWORTHY
M0028927,TRUSTWORTHY
M0028928,TRUSTWORTHY
M0028929,TRUSTWORTHY
M0028930,TRUSTWORTHY
M0028931,TRUSTWORTHY
M0028932,TRUSTWORTHY
M0028933,TRUSTWORTHY
M0028934,TRUSTWORTHY
M0028935,TRUSTWORTHY
M0028936,TRUSTWORTHY
M0028937,TRUSTWORTHY
M0028938,SUSPICIOUS
M0028939,TRUSTWORTHY
M0028940,TRUSTWORTHY
M0028941,SUSPICIOUS
M0028942,MALICIOUS
M0028943,TRUSTWORTHY
M0028944,TRUSTWORTHY
M0028945,TRUSTWORTHY
M0028946,TRUSTWORTHY
M0028947,SUSPICIOUS
M0028948,SUSPICIOUS
M0028949,MALICIOUS
M0028950,TRUSTWORTHY
M0028951,MALICIOUS
M0028952,TRUSTWORTHY
M0028953,TRUSTWORTHY
M0028954,TRUSTWORTHY
M0028955,TRUSTWORTHY
M0028956,TRUSTWORTHY
M0028957,TRUSTWORTHY
M0028958,TRUSTWORTHY
M0028959,TRUSTWORTHY
M0028960,TRUSTWORTHY
M0028961,SUSPICIOUS
M0028962,TRUSTWORTHY
M0028963,TRUSTWORTHY
M0028964,TRUSTWORTHY
M0028965,TRUSTWORTHY
M0028966,TRUSTWORTHY
M0028967,TRUSTWORTHY
M0028968,MALICIOUS
M0028969,MALICIOUS
M0028970,MALICIOUS
M0028971,TRUSTWORTHY
M0028972,TRUSTWORTHY
M0028973,TRUSTWORTHY
M0028974,TRUSTWORTHY
M0028975,TRUSTWORTHY
M0028976,TRUSTWORTHY
M0028977,MALICIOUS
M0028978,TRUSTWORTHY
M0028979,TRUSTWORTHY
M0028980,TRUSTWORTHY
M0028981,TRUSTWORTHY
M0028982,TRUSTWORTHY
M0028983,TRUSTWORTHY
M0028984,SUSPICIOUS
M0028985,TRUSTWORTHY
M0028986,SUSPICIOUS
M0028987,TRUSTWORTHY
M0028988,TRUSTWORTHY
M0028989,TRUSTWORTHY
M0028990,SUSPICIOUS
M0028991,TRUSTWORTHY
M0028992,TRUSTWORTHY
M0028993,TRUSTWORTHY
M0028994,TRUSTWORTHY
M0028995,TRUSTWORTHY
M0028996,TRUSTWORTHY
M0028997,MALICIOUS
M0028998,MALICIOUS
M0028999,TRUSTWORTHY
M0029000,TRUSTWORTHY
M0029001,TRUSTWORTHY
M0029002,TRUSTWORTHY
M0029003,TRUSTWORTHY
M0029004,MALICIOUS
M0029005,MALICIOUS
M0029006,TRUSTWORTHY
M0029007,TRUSTWORTHY
M0029008,TRUSTWORTHY
M0029009,SUSPICIOUS
M0029010,MALICIOUS
M0029011,TRUSTWORTHY
M0029012,TRUSTWORTHY
M0029013,TRUSTWORTHY
M0029014,MALICIOUS
M0029015,TRUSTWORTHY
M0029016,SUSPICIOUS
M0029017,TRUSTWORTHY
M0029018,TRUSTWORTHY
M0029019,TRUSTWORTHY
M0029020,MALICIOUS
M0029021,TRUSTWORTHY
M0029022,TRUSTWORTHY
M0029023,TRUSTWORTHY
M0029024,SUSPICIOUS
M0029025,TRUSTWORTHY
M0029026,MALICIOUS
M0029027,TRUSTWORTHY
M0029028,TRUSTWORTHY
M0029029,TRUSTWORTHY
M0029030,TRUSTWORTHY
M0029031,SUSPICIOUS
M0029032,TRUSTWORTHY
M0029033,TRUSTWORTHY
M0029034,TRUSTWORTHY
M0029035,TRUSTWORTHY
M0029036,TRUSTWORTHY
M0029037,TRUSTWORTHY
M0029038,TRUSTWORTHY
M0029039,TRUSTWORTHY
M0029040,TRUSTWORTHY
M0029041,SUSPICIOUS
M0029042,SUSPICIOUS
M0029043,MALICIOUS
M0029044,TRUSTWORTHY
M0029045,MALICIOUS
M0029046,TRUSTWORTHY
M0029047,TRUSTWORTHY
M0029048,TRUSTWORTHY
M0029049,TRUSTWORTHY
M0029050,TRUSTWORTHY
M0029051,TRUSTWORTHY
M0029052,TRUSTWORTHY
M0029053,SUSPICIOUS
M0029054,TRUSTWORTHY
M0029055,TRUSTWORTHY
M0029056,MALICIOUS
M0029057,TRUSTWORTHY
M0029058,TRUSTWORTHY
M0029059,TRUSTWORTHY
M0029060,TRUSTWORTHY
M0029061,MALICIOUS
M0029062,TRUSTWORTHY
M0029063,TRUSTWORTHY
M0029064,MALICIOUS
M0029065,TRUSTWORTHY
M0029066,TRUSTWORTHY
M0029067,TRUSTWORTHY
M0029068,TRUSTWORTHY
M0029069,TRUSTWORTHY
M0029070,TRUSTWORTHY
M0029071,TRUSTWORTHY
M0029072,TRUSTWORTHY
M0029073,TRUSTWORTHY
M0029074,SUSPICIOUS
M0029075,TRUSTWORTHY
M0029076,TRUSTWORTHY
M0029077,TRUSTWORTHY
M0029078,TRUSTWORTHY
M0029079,MALICIOUS
M0029080,TRUSTWORTHY
M0029081,TRUSTWORTHY
M0029082,TRUSTWORTHY
M0029083,TRUSTWORTHY
M0029084,TRUSTWORTHY
M0029085,TRUSTWORTHY
M0029086,TRUSTWORTHY
M0029087,SUSPICIOUS
M0029088,SUSPICIOUS
M0029089,TRUSTWORTHY
M0029090,TRUSTWORTHY
M0029091,TRUSTWORTHY
M0029092,SUSPICIOUS
M0029093,TRUSTWORTHY
M0029094,TRUSTWORTHY
M0029095,TRUSTWORTHY
M0029096,TRUSTWORTHY
M0029097,MALICIOUS
M0029098,TRUSTWORTHY
M0029099,TRUSTWORTHY
M0029100,TRUSTWORTHY
M0029101,TRUSTWORTHY
M0029102,TRUSTWORTHY
M0029103,TRUSTWORTHY
M0029104,SUSPICIOUS
M0029105,TRUSTWORTHY
M0029106,TRUSTWORTHY
M0029107,TRUSTWORTHY
M0029108,TRUSTWORTHY
M0029109,TRUSTWORTHY
M0029110,TRUSTWORTHY
M0029111,TRUSTWORTHY
M0029112,TRUSTWORTHY
M0029113,TRUSTWORTHY
M0029114,TRUSTWORTHY
M0029115,TRUSTWORTHY
M0029116,TRUSTWORTHY
M0029117,TRUSTWORTHY
M0029118,TRUSTWORTHY
M0029119,TRUSTWORTHY
M0029120,TRUSTWORTHY
M0029121,TRUSTWORTHY
M0029122,TRUSTWORTHY
M0029123,SUSPICIOUS
M0029124,MALICIOUS
M0029125,TRUSTWORTHY
M0029126,TRUSTWORTHY
M0029127,TRUSTWORTHY
M0029128,TRUSTWORTHY
M0029129,MALICIOUS
M0029130,MALICIOUS
M0029131,TRUSTWORTHY
M0029132,TRUSTWORTHY
M0029133,SUSPICIOUS
M0029134,TRUSTWORTHY
M0029135,TRUSTWORTHY
M0029136,TRUSTWORTHY
M0029137,TRUSTWORTHY
M0029138,MALICIOUS
M0029139,TRUSTWORTHY
M0029140,TRUSTWORTHY
M0029141,TRUSTWORTHY
M0029142,TRUSTWORTHY
M0029143,TRUSTWORTHY
M0029144,TRUSTWORTHY
M0029145,TRUSTWORTHY
M0029146,TRUSTWORTHY
M0029147,TRUSTWORTHY
M0029148,TRUSTWORTHY
M0029149,TRUSTWORTHY
M0029150,TRUSTWORTHY
M0029151,TRUSTWORTHY
M0029152,TRUSTWORTHY
M0029153,TRUSTWORTHY
M0029154,TRUSTWORTHY
M0029155,TRUSTWORTHY
M0029156,MALICIOUS
M0029157,TRUSTWORTHY
M0029158,TRUSTWORTHY
M0029159,SUSPICIOUS
M0029160,MALICIOUS
M0029161,TRUSTWORTHY
M0029162,MALICIOUS
M0029163,MALICIOUS
M0029164,TRUSTWORTHY
M0029165,TRUSTWORTHY
M0029166,SUSPICIOUS
M0029167,SUSPICIOUS
M0029168,TRUSTWORTHY
M0029169,MALICIOUS
M0029170,MALICIOUS
M0029171,TRUSTWORTHY
M0029172,TRUSTWORTHY
M0029173,TRUSTWORTHY
M0029174,SUSPICIOUS
M0029190,TRUSTWORTHY
M0029209,TRUSTWORTHY
M0029222,TRUSTWORTHY
