id,trust_label,compromised,compromise_timestamp,cluster_id
M0023363,TRUSTWORTHY,-1,NONE,NONE
M0023364,TRUSTWORTHY,-1,NONE,NONE
M0023365,SUSPICIOUS,-1,NONE,NONE
M0023366,TRUSTWORTHY,-1,NONE,NONE
M0023367,TRUSTWORTHY,-1,NONE,NONE
M0023368,TRUSTWORTHY,-1,NONE,NONE
M0023369,MALICIOUS,-1,NONE,NONE
M0023370,TRUSTWORTHY,-1,NONE,NONE
M0023371,TRUSTWORTHY,-1,NONE,NONE
M0023372,TRUSTWORTHY,-1,NONE,NONE
M0023374,TRUSTWORTHY,-1,NONE,NONE
M0023375,TRUSTWORTHY,-1,NONE,NONE
M0023376,TRUSTWORTHY,-1,NONE,NONE
M0023377,TRUSTWORTHY,-1,NONE,NONE
M0023378,TRUSTWORTHY,-1,NONE,NONE
M0023379,SUSPICIOUS,-1,NONE,NONE
M0023380,TRUSTWORTHY,-1,NONE,NONE
M0023381,TRUSTWORTHY,-1,NONE,NONE
M0023382,SUSPICIOUS,-1,NONE,NONE
M0023383,TRUSTWORTHY,-1,NONE,NONE
M0023384,TRUSTWORTHY,-1,NONE,NONE
M0023385,TRUSTWORTHY,-1,NONE,NONE
M0023386,MALICIOUS,-1,NONE,NONE
M0023387,SUSPICIOUS,-1,NONE,NONE
M0023388,TRUSTWORTHY,-1,NONE,NONE
M0023389,MALICIOUS,-1,NONE,NONE
M0023391,TRUSTWORTHY,-1,NONE,NONE
M0023392,SUSPICIOUS,-1,NONE,NONE
M0023393,TRUSTWORTHY,-1,NONE,NONE
M0023394,TRUSTWORTHY,-1,NONE,NONE
M0023395,TRUSTWORTHY,-1,NONE,NONE
M0023396,TRUSTWORTHY,-1,NONE,NONE
M0023397,TRUSTWORTHY,-1,NONE,NONE
M0023399,TRUSTWORTHY,-1,NONE,NONE
M0023400,TRUSTWORTHY,-1,NONE,NONE
M0023401,TRUSTWORTHY,-1,NONE,NONE
M0023402,TRUSTWORTHY,-1,NONE,NONE
M0023403,MALICIOUS,-1,NONE,NONE
M0023404,TRUSTWORTHY,-1,NONE,NONE
M0023405,TRUSTWORTHY,-1,NONE,NONE
M0023406,TRUSTWORTHY,-1,NONE,NONE
M0023407,TRUSTWORTHY,-1,NONE,NONE
M0023408,TRUSTWORTHY,-1,NONE,NONE
M0023409,TRUSTWORTHY,-1,NONE,NONE
M0023410,TRUSTWORTHY,-1,NONE,NONE
M0023411,TRUSTWORTHY,-1,NONE,NONE
M0023412,TRUSTWORTHY,-1,NONE,NONE
M0023413,TRUSTWORTHY,-1,NONE,NONE
M0023414,SUSPICIOUS,-1,NONE,NONE
M0023415,TRUSTWORTHY,-1,NONE,NONE
M0023416,TRUSTWORTHY,-1,NONE,NONE
M0023417,TRUSTWORTHY,-1,NONE,NONE
M0023418,TRUSTWORTHY,-1,NONE,NONE
M0023419,TRUSTWORTHY,-1,NONE,NONE
M0023420,MALICIOUS,-1,NONE,NONE
M0023421,TRUSTWORTHY,-1,NONE,NONE
M0023422,TRUSTWORTHY,-1,NONE,NONE
M0023423,TRUSTWORTHY,-1,NONE,NONE
M0023424,TRUSTWORTHY,-1,NONE,NONE
M0023425,TRUSTWORTHY,-1,NONE,NONE
M0023426,TRUSTWORTHY,-1,NONE,NONE
M0023427,TRUSTWORTHY,-1,NONE,NONE
M0023428,TRUSTWORTHY,-1,NONE,NONE
M0023429,MALICIOUS,-1,NONE,NONE
M0023430,MALICIOUS,-1,NONE,NONE
M0023431,MALICIOUS,-1,NONE,NONE
M0023432,TRUSTWORTHY,-1,NONE,NONE
M0023433,SUSPICIOUS,-1,NONE,NONE
M0023434,TRUSTWORTHY,-1,NONE,NONE
M0023435,TRUSTWORTHY,-1,NONE,NONE
M0023436,TRUSTWORTHY,-1,NONE,NONE
M0023437,TRUSTWORTHY,-1,NONE,NONE
M0023438,TRUSTWORTHY,-1,NONE,NONE
M0023439,TRUSTWORTHY,-1,NONE,NONE
M0023440,TRUSTWORTHY,-1,NONE,NONE
M0023441,TRUSTWORTHY,-1,NONE,NONE
M0023442,TRUSTWORTHY,-1,NONE,NONE
M0023443,TRUSTWORTHY,-1,NONE,NONE
M0023444,TRUSTWORTHY,-1,NONE,NONE
M0023445,TRUSTWORTHY,-1,NONE,NONE
M0023446,TRUSTWORTHY,-1,NONE,NONE
M0023447,TRUSTWORTHY,-1,NONE,NONE
M0023448,TRUSTWORTHY,-1,NONE,NONE
M0023449,MALICIOUS,-1,NONE,NONE
M0023450,SUSPICIOUS,-1,NONE,NONE
M0023451,TRUSTWORTHY,-1,NONE,NONE
M0023452,SUSPICIOUS,-1,NONE,NONE
M0023453,TRUSTWORTHY,-1,NONE,NONE
M0023454,TRUSTWORTHY,-1,NONE,NONE
M0023455,TRUSTWORTHY,-1,NONE,NONE
M0023456,TRUSTWORTHY,-1,NONE,NONE
M0023457,TRUSTWORTHY,-1,NONE,NONE
M0023458,MALICIOUS,-1,NONE,NONE
M0023459,MALICIOUS,-1,NONE,NONE
M0023460,TRUSTWORTHY,-1,NONE,NONE
M0023461,TRUSTWORTHY,-1,NONE,NONE
M0023462,SUSPICIOUS,-1,NONE,NONE
M0023463,MALICIOUS,-1,NONE,NONE
M0023464,TRUSTWORTHY,-1,NONE,NONE
M0023465,TRUSTWORTHY,-1,NONE,NONE
M0023466,MALICIOUS,-1,NONE,NONE
M0023467,TRUSTWORTHY,-1,NONE,NONE
M0023468,TRUSTWORTHY,-1,NONE,NONE
M0023469,TRUSTWORTHY,-1,NONE,NONE
M0023470,TRUSTWORTHY,-1,NONE,NONE
M0023471,TRUSTWORTHY,-1,NONE,NONE
M0023472,SUSPICIOUS,-1,NONE,NONE
M0023473,TRUSTWORTHY,-1,NONE,NONE
M0023474,TRUSTWORTHY,-1,NONE,NONE
M0023475,TRUSTWORTHY,-1,NONE,NONE
M0023476,TRUSTWORTHY,-1,NONE,NONE
M0023477,TRUSTWORTHY,-1,NONE,NONE
M0023478,MALICIOUS,-1,NONE,NONE
M0023479,TRUSTWORTHY,-1,NONE,NONE
M0023480,TRUSTWORTHY,-1,NONE,NONE
M0023481,TRUSTWORTHY,-1,NONE,NONE
M0023482,TRUSTWORTHY,-1,NONE,NONE
M0023483,MALICIOUS,-1,NONE,NONE
M0023484,TRUSTWORTHY,-1,NONE,NONE
M0023485,TRUSTWORTHY,-1,NONE,NONE
M0023486,TRUSTWORTHY,-1,NONE,NONE
M0023487,SUSPICIOUS,-1,NONE,NONE
M0023488,TRUSTWORTHY,-1,NONE,NONE
M0023489,TRUSTWORTHY,-1,NONE,NONE
M0023490,TRUSTWORTHY,-1,NONE,NONE
M0023491,TRUSTWORTHY,-1,NONE,NONE
M0023492,TRUSTWORTHY,-1,NONE,NONE
M0023493,TRUSTWORTHY,-1,NONE,NONE
M0023494,TRUSTWORTHY,-1,NONE,NONE
M0023495,TRUSTWORTHY,-1,NONE,NONE
M0023496,MALICIOUS,-1,NONE,NONE
M0023497,SUSPICIOUS,-1,NONE,NONE
M0023498,TRUSTWORTHY,-1,NONE,NONE
M0023499,SUSPICIOUS,-1,NONE,NONE
M0023500,SUSPICIOUS,-1,NONE,NONE
M0023501,MALICIOUS,-1,NONE,NONE
M0023502,TRUSTWORTHY,-1,NONE,NONE
M0023503,MALICIOUS,-1,NONE,NONE
M0023504,TRUSTWORTHY,-1,NONE,NONE
M0023505,MALICIOUS,-1,NONE,NONE
M0023506,TRUSTWORTHY,-1,NONE,NONE
M0023507,TRUSTWORTHY,-1,NONE,NONE
M0023508,TRUSTWORTHY,-1,NONE,NONE
M0023509,TRUSTWORTHY,-1,NONE,NONE
M0023510,TRUSTWORTHY,-1,NONE,NONE
M0023511,TRUSTWORTHY,-1,NONE,NONE
M0023512,TRUSTWORTHY,-1,NONE,NONE
M0023513,TRUSTWORTHY,-1,NONE,NONE
M0023514,TRUSTWORTHY,-1,NONE,NONE
M0023515,TRUSTWORTHY,-1,NONE,NONE
M0023516,TRUSTWORTHY,-1,NONE,NONE
M0023517,TRUSTWORTHY,-1,NONE,NONE
M0023518,TRUSTWORTHY,-1,NONE,NONE
M0023519,TRUSTWORTHY,-1,NONE,NONE
M0023520,TRUSTWORTHY,-1,NONE,NONE
M0023521,TRUSTWORTHY,-1,NONE,NONE
M0023522,SUSPICIOUS,-1,NONE,NONE
M0023523,SUSPICIOUS,-1,NONE,NONE
M0023524,TRUSTWORTHY,-1,NONE,NONE
M0023525,TRUSTWORTHY,-1,NONE,NONE
M0023526,TRUSTWORTHY,-1,NONE,NONE
M0023527,SUSPICIOUS,-1,NONE,NONE
M0023528,SUSPICIOUS,-1,NONE,NONE
M0023529,SUSPICIOUS,-1,NONE,NONE
M0023530,TRUSTWORTHY,-1,NONE,NONE
M0023531,TRUSTWORTHY,-1,NONE,NONE
M0023532,TRUSTWORTHY,-1,NONE,NONE
M0023533,TRUSTWORTHY,-1,NONE,NONE
M0023534,TRUSTWORTHY,-1,NONE,NONE
M0023535,TRUSTWORTHY,-1,NONE,NONE
M0023536,TRUSTWORTHY,-1,NONE,NONE
M0023537,TRUSTWORTHY,-1,NONE,NONE
M0023538,MALICIOUS,-1,NONE,NONE
M0023539,TRUSTWORTHY,-1,NONE,NONE
M0023540,MALICIOUS,-1,NONE,NONE
M0023541,MALICIOUS,-1,NONE,NONE
M0023542,TRUSTWORTHY,-1,NONE,NONE
M0023543,TRUSTWORTHY,-1,NONE,NONE
M0023544,MALICIOUS,-1,NONE,NONE
M0023545,TRUSTWORTHY,-1,NONE,NONE
M0023546,TRUSTWORTHY,-1,NONE,NONE
M0023547,TRUSTWORTHY,-1,NONE,NONE
M0023548,TRUSTWORTHY,-1,NONE,NONE
M0023549,SUSPICIOUS,-1,NONE,NONE
M0023550,TRUSTWORTHY,-1,NONE,NONE
M0023551,SUSPICIOUS,-1,NONE,NONE
M0023552,TRUSTWORTHY,-1,NONE,NONE
M0023553,MALICIOUS,-1,NONE,NONE
M0023554,TRUSTWORTHY,-1,NONE,NONE
M0023555,SUSPICIOUS,-1,NONE,NONE
M0023556,SUSPICIOUS,-1,NONE,NONE
M0023557,TRUSTWORTHY,-1,NONE,NONE
M0023558,TRUSTWORTHY,-1,NONE,NONE
M0023559,SUSPICIOUS,-1,NONE,NONE
M0023560,TRUSTWORTHY,-1,NONE,NONE
M0023561,TRUSTWORTHY,-1,NONE,NONE
M0023562,SUSPICIOUS,-1,NONE,NONE
M0023563,TRUSTWORTHY,-1,NONE,NONE
M0023564,SUSPICIOUS,-1,NONE,NONE
M0023565,TRUSTWORTHY,-1,NONE,NONE
M0023566,SUSPICIOUS,-1,NONE,NONE
M0023567,TRUSTWORTHY,-1,NONE,NONE
M0023568,SUSPICIOUS,-1,NONE,NONE
M0023569,TRUSTWORTHY,-1,NONE,NONE
M0023570,TRUSTWORTHY,-1,NONE,NONE
M0023571,TRUSTWORTHY,-1,NONE,NONE
M0023572,TRUSTWORTHY,-1,NONE,NONE
M0023573,TRUSTWORTHY,-1,NONE,NONE
M0023574,SUSPICIOUS,-1,NONE,NONE
M0023575,MALICIOUS,-1,NONE,NONE
M0023576,TRUSTWORTHY,-1,NONE,NONE
M0023577,TRUSTWORTHY,-1,NONE,NONE
M0023578,TRUSTWORTHY,-1,NONE,NONE
M0023579,TRUSTWORTHY,-1,NONE,NONE
M0023580,MALICIOUS,-1,NONE,NONE
M0023581,TRUSTWORTHY,-1,NONE,NONE
M0023582,MALICIOUS,-1,NONE,NONE
M0023583,TRUSTWORTHY,-1,NONE,NONE
M0023584,TRUSTWORTHY,-1,NONE,NONE
M0023585,MALICIOUS,-1,NONE,NONE
M0023586,TRUSTWORTHY,-1,NONE,NONE
M0023587,MALICIOUS,-1,NONE,NONE
M0023588,TRUSTWORTHY,-1,NONE,NONE
M0023589,TRUSTWORTHY,-1,NONE,NONE
M0023590,TRUSTWORTHY,-1,NONE,NONE
M0023591,TRUSTWORTHY,-1,NONE,NONE
M0023592,TRUSTWORTHY,-1,NONE,NONE
M0023593,TRUSTWORTHY,-1,NONE,NONE
M0023594,TRUSTWORTHY,-1,NONE,NONE
M0023595,SUSPICIOUS,-1,NONE,NONE
M0023596,TRUSTWORTHY,-1,NONE,NONE
M0023597,MALICIOUS,-1,NONE,NONE
M0023598,TRUSTWORTHY,-1,NONE,NONE
M0023599,MALICIOUS,-1,NONE,NONE
M0023600,SUSPICIOUS,-1,NONE,NONE
M0023601,MALICIOUS,-1,NONE,NONE
M0023602,TRUSTWORTHY,-1,NONE,NONE
M0023603,TRUSTWORTHY,-1,NONE,NONE
M0023604,TRUSTWORTHY,-1,NONE,NONE
M0023605,SUSPICIOUS,-1,NONE,NONE
M0023606,TRUSTWORTHY,-1,NONE,NONE
M0023607,TRUSTWORTHY,-1,NONE,NONE
M0023608,TRUSTWORTHY,-1,NONE,NONE
M0023609,TRUSTWORTHY,-1,NONE,NONE
M0023610,TRUSTWORTHY,-1,NONE,NONE
M0023611,TRUSTWORTHY,-1,NONE,NONE
M0023612,TRUSTWORTHY,-1,NONE,NONE
M0023613,TRUSTWORTHY,-1,NONE,NONE
M0023614,TRUSTWORTHY,-1,NONE,NONE
M0023615,SUSPICIOUS,-1,NONE,NONE
M0023616,TRUSTWORTHY,-1,NONE,NONE
M0023617,TRUSTWORTHY,-1,NONE,NONE
M0023618,TRUSTWORTHY,-1,NONE,NONE
M0023619,TRUSTWORTHY,-1,NONE,NONE
M0023620,SUSPICIOUS,-1,NONE,NONE
M0023621,TRUSTWORTHY,-1,NONE,NONE
M0023622,TRUSTWORTHY,-1,NONE,NONE
M0023623,TRUSTWORTHY,-1,NONE,NONE
M0023624,TRUSTWORTHY,-1,NONE,NONE
M0023625,TRUSTWORTHY,-1,NONE,NONE
M0023626,SUSPICIOUS,-1,NONE,NONE
M0023627,MALICIOUS,-1,NONE,NONE
M0023628,TRUSTWORTHY,-1,NONE,NONE
M0023629,TRUSTWORTHY,-1,NONE,NONE
M0023630,TRUSTWORTHY,-1,NONE,NONE
M0023631,TRUSTWORTHY,-1,NONE,NONE
M0023632,SUSPICIOUS,-1,NONE,NONE
M0023633,TRUSTWORTHY,-1,NONE,NONE
M0023634,SUSPICIOUS,-1,NONE,NONE
M0023635,TRUSTWORTHY,-1,NONE,NONE
M0023636,TRUSTWORTHY,-1,NONE,NONE
M0023637,TRUSTWORTHY,-1,NONE,NONE
M0023638,TRUSTWORTHY,-1,NONE,NONE
M0023639,MALICIOUS,-1,NONE,NONE
M0023640,MALICIOUS,-1,NONE,NONE
M0023641,TRUSTWORTHY,-1,NONE,NONE
M0023642,MALICIOUS,-1,NONE,NONE
M0023643,TRUSTWORTHY,-1,NONE,NONE
M0023644,TRUSTWORTHY,-1,NONE,NONE
M0023645,TRUSTWORTHY,-1,NONE,NONE
M0023646,SUSPICIOUS,-1,NONE,NONE
M0023647,TRUSTWORTHY,-1,NONE,NONE
M0023648,TRUSTWORTHY,-1,NONE,NONE
M0023649,TRUSTWORTHY,-1,NONE,NONE
M0023650,TRUSTWORTHY,-1,NONE,NONE
M0023651,TRUSTWORTHY,-1,NONE,NONE
M0023652,SUSPICIOUS,-1,NONE,NONE
M0023653,TRUSTWORTHY,-1,NONE,NONE
M0023654,MALICIOUS,-1,NONE,NONE
M0023655,TRUSTWORTHY,-1,NONE,NONE
M0023656,SUSPICIOUS,-1,NONE,NONE
M0023657,MALICIOUS,-1,NONE,NONE
M0023658,TRUSTWORTHY,-1,NONE,NONE
M0023659,MALICIOUS,-1,NONE,NONE
M0023660,TRUSTWORTHY,-1,NONE,NONE
M0023661,MALICIOUS,-1,NONE,NONE
M0023662,TRUSTWORTHY,-1,NONE,NONE
M0023663,SUSPICIOUS,-1,NONE,NONE
M0023664,TRUSTWORTHY,-1,NONE,NONE
M0023665,TRUSTWORTHY,-1,NONE,NONE
M0023666,TRUSTWORTHY,-1,NONE,NONE
M0023667,TRUSTWORTHY,-1,NONE,NONE
M0023668,TRUSTWORTHY,-1,NONE,NONE
M0023669,TRUSTWORTHY,-1,NONE,NONE
M0023670,TRUSTWORTHY,-1,NONE,NONE
M0023671,TRUSTWORTHY,-1,NONE,NONE
M0023672,TRUSTWORTHY,-1,NONE,NONE
M0023673,SUSPICIOUS,-1,NONE,NONE
M0023674,TRUSTWORTHY,-1,NONE,NONE
M0023675,TRUSTWORTHY,-1,NONE,NONE
M0023676,TRUSTWORTHY,-1,NONE,NONE
M0023677,TRUSTWORTHY,-1,NONE,NONE
M0023678,MALICIOUS,-1,NONE,NONE
M0023679,TRUSTWORTHY,-1,NONE,NONE
M0023680,SUSPICIOUS,-1,NONE,NONE
M0023681,TRUSTWORTHY,-1,NONE,NONE
M0023682,MALICIOUS,-1,NONE,NONE
M0023683,MALICIOUS,-1,NONE,NONE
M0023684,TRUSTWORTHY,-1,NONE,NONE
M0023685,TRUSTWORTHY,-1,NONE,NONE
M0023686,TRUSTWORTHY,-1,NONE,NONE
M0023687,TRUSTWORTHY,-1,NONE,NONE
M0023688,MALICIOUS,-1,NONE,NONE
M0023689,TRUSTWORTHY,-1,NONE,NONE
M0023690,SUSPICIOUS,-1,NONE,NONE
M0023691,TRUSTWORTHY,-1,NONE,NONE
M0023692,TRUSTWORTHY,-1,NONE,NONE
M0023693,TRUSTWORTHY,-1,NONE,NONE
M0023694,TRUSTWORTHY,-1,NONE,NONE
M0023695,TRUSTWORTHY,-1,NONE,NONE
M0023696,TRUSTWORTHY,-1,NONE,NONE
M0023697,TRUSTWORTHY,-1,NONE,NONE
M0023698,MALICIOUS,-1,NONE,NONE
M0023699,TRUSTWORTHY,-1,NONE,NONE
M0023700,SUSPICIOUS,-1,NONE,NONE
M0023701,TRUSTWORTHY,-1,NONE,NONE
M0023702,TRUSTWORTHY,-1,NONE,NONE
M0023703,SUSPICIOUS,-1,NONE,NONE
M0023704,TRUSTWORTHY,-1,NONE,NONE
M0023705,SUSPICIOUS,-1,NONE,NONE
M0023706,TRUSTWORTHY,-1,NONE,NONE
M0023707,TRUSTWORTHY,-1,NONE,NONE
M0023708,SUSPICIOUS,-1,NONE,NONE
M0023709,TRUSTWORTHY,-1,NONE,NONE
M0023710,SUSPICIOUS,-1,NONE,NONE
M0023711,TRUSTWORTHY,-1,NONE,NONE
M0023712,TRUSTWORTHY,-1,NONE,NONE
M0023713,TRUSTWORTHY,-1,NONE,NONE
M0023714,SUSPICIOUS,-1,NONE,NONE
M0023715,TRUSTWORTHY,-1,NONE,NONE
M0023716,TRUSTWORTHY,-1,NONE,NONE
M0023717,TRUSTWORTHY,-1,NONE,NONE
M0023718,TRUSTWORTHY,-1,NONE,NONE
M0023719,TRUSTWORTHY,-1,NONE,NONE
M0023720,TRUSTWORTHY,-1,NONE,NONE
M0023721,TRUSTWORTHY,-1,NONE,NONE
M0023722,TRUSTWORTHY,-1,NONE,NONE
M0023723,TRUSTWORTHY,-1,NONE,NONE
M0023724,TRUSTWORTHY,-1,NONE,NONE
M0023725,TRUSTWORTHY,-1,NONE,NONE
M0023726,TRUSTWORTHY,-1,NONE,NONE
M0023727,TRUSTWORTHY,-1,NONE,NONE
M0023728,TRUSTWORTHY,-1,NONE,NONE
M0023729,TRUSTWORTHY,-1,NONE,NONE
M0023730,TRUSTWORTHY,-1,NONE,NONE
M0023731,TRUSTWORTHY,-1,NONE,NONE
M0023732,TRUSTWORTHY,-1,NONE,NONE
M0023733,MALICIOUS,-1,NONE,NONE
M0023734,TRUSTWORTHY,-1,NONE,NONE
M0023735,TRUSTWORTHY,-1,NONE,NONE
M0023736,TRUSTWORTHY,-1,NONE,NONE
M0023737,TRUSTWORTHY,-1,NONE,NONE
M0023738,TRUSTWORTHY,-1,NONE,NONE
M0023739,MALICIOUS,-1,NONE,NONE
M0023740,TRUSTWORTHY,-1,NONE,NONE
M0023741,TRUSTWORTHY,-1,NONE,NONE
M0023742,MALICIOUS,-1,NONE,NONE
M0023743,TRUSTWORTHY,-1,NONE,NONE
M0023744,TRUSTWORTHY,-1,NONE,NONE
M0023745,TRUSTWORTHY,-1,NONE,NONE
M0023746,SUSPICIOUS,-1,NONE,NONE
M0023747,TRUSTWORTHY,-1,NONE,NONE
M0023748,TRUSTWORTHY,-1,NONE,NONE
M0023749,TRUSTWORTHY,-1,NONE,NONE
M0023750,TRUSTWORTHY,-1,NONE,NONE
M0023751,TRUSTWORTHY,-1,NONE,NONE
M0023752,TRUSTWORTHY,-1,NONE,NONE
M0023753,SUSPICIOUS,-1,NONE,NONE
M0023754,TRUSTWORTHY,-1,NONE,NONE
M0023755,TRUSTWORTHY,-1,NONE,NONE
M0023756,TRUSTWORTHY,-1,NONE,NONE
M0023757,SUSPICIOUS,-1,NONE,NONE
M0023758,MALICIOUS,-1,NONE,NONE
M0023759,TRUSTWORTHY,-1,NONE,NONE
M0023760,TRUSTWORTHY,-1,NONE,NONE
M0023761,TRUSTWORTHY,-1,NONE,NONE
M0023762,TRUSTWORTHY,-1,NONE,NONE
M0023763,TRUSTWORTHY,-1,NONE,NONE
M0023764,TRUSTWORTHY,-1,NONE,NONE
M0023765,TRUSTWORTHY,-1,NONE,NONE
M0023766,TRUSTWORTHY,-1,NONE,NONE
M0023767,TRUSTWORTHY,-1,NONE,NONE
M0023768,TRUSTWORTHY,-1,NONE,NONE
M0023769,TRUSTWORTHY,-1,NONE,NONE
M0023770,TRUSTWORTHY,-1,NONE,NONE
M0023771,TRUSTWORTHY,-1,NONE,NONE
M0023772,TRUSTWORTHY,-1,NONE,NONE
M0023773,MALICIOUS,-1,NONE,NONE
M0023774,TRUSTWORTHY,-1,NONE,NONE
M0023775,SUSPICIOUS,-1,NONE,NONE
M0023776,TRUSTWORTHY,-1,NONE,NONE
M0023777,TRUSTWORTHY,-1,NONE,NONE
M0023778,TRUSTWORTHY,-1,NONE,NONE
M0023779,TRUSTWORTHY,-1,NONE,NONE
M0023780,TRUSTWORTHY,-1,NONE,NONE
M0023781,TRUSTWORTHY,-1,NONE,NONE
M0023782,TRUSTWORTHY,-1,NONE,NONE
M0023783,SUSPICIOUS,-1,NONE,NONE
M0023784,MALICIOUS,-1,NONE,NONE
M0023785,TRUSTWORTHY,-1,NONE,NONE
M0023786,TRUSTWORTHY,-1,NONE,NONE
M0023787,TRUSTWORTHY,-1,NONE,NONE
M0023788,TRUSTWORTHY,-1,NONE,NONE
M0023789,TRUSTWORTHY,-1,NONE,NONE
M0023790,MALICIOUS,-1,NONE,NONE
M0023791,TRUSTWORTHY,-1,NONE,NONE
M0023792,MALICIOUS,-1,NONE,NONE
M0023793,TRUSTWORTHY,-1,NONE,NONE
M0023794,TRUSTWORTHY,-1,NONE,NONE
M0023795,TRUSTWORTHY,-1,NONE,NONE
M0023796,TRUSTWORTHY,-1,NONE,NONE
M0023797,TRUSTWORTHY,-1,NONE,NONE
M0023798,TRUSTWORTHY,-1,NONE,NONE
M0023799,TRUSTWORTHY,-1,NONE,NONE
M0023800,SUSPICIOUS,-1,NONE,NONE
M0023801,TRUSTWORTHY,-1,NONE,NONE
M0023802,TRUSTWORTHY,-1,NONE,NONE
M0023803,TRUSTWORTHY,-1,NONE,NONE
M0023804,TRUSTWORTHY,-1,NONE,NONE
M0023805,TRUSTWORTHY,-1,NONE,NONE
M0023806,TRUSTWORTHY,-1,NONE,NONE
M0023807,MALICIOUS,-1,NONE,NONE
M0023808,TRUSTWORTHY,-1,NONE,NONE
M0023809,TRUSTWORTHY,-1,NONE,NONE
M0023810,TRUSTWORTHY,-1,NONE,NONE
M0023811,MALICIOUS,-1,NONE,NONE
M0023812,TRUSTWORTHY,-1,NONE,NONE
M0023813,TRUSTWORTHY,-1,NONE,NONE
M0023814,TRUSTWORTHY,-1,NONE,NONE
M0023815,MALICIOUS,-1,NONE,NONE
M0023816,SUSPICIOUS,-1,NONE,NONE
M0023817,MALICIOUS,-1,NONE,NONE
M0023818,TRUSTWORTHY,-1,NONE,NONE
M0023819,TRUSTWORTHY,-1,NONE,NONE
M0023820,SUSPICIOUS,-1,NONE,NONE
M0023821,TRUSTWORTHY,-1,NONE,NONE
M0023822,TRUSTWORTHY,-1,NONE,NONE
M0023823,TRUSTWORTHY,-1,NONE,NONE
M0023824,TRUSTWORTHY,-1,NONE,NONE
M0023825,TRUSTWORTHY,-1,NONE,NONE
M0023826,TRUSTWORTHY,-1,NONE,NONE
M0023827,TRUSTWORTHY,-1,NONE,NONE
M0023828,TRUSTWORTHY,-1,NONE,NONE
M0023829,TRUSTWORTHY,-1,NONE,NONE
M0023830,TRUSTWORTHY,-1,NONE,NONE
M0023831,MALICIOUS,-1,NONE,NONE
M0023832,TRUSTWORTHY,-1,NONE,NONE
M0023833,TRUSTWORTHY,-1,NONE,NONE
M0023834,TRUSTWORTHY,-1,NONE,NONE
M0023835,TRUSTWORTHY,-1,NONE,NONE
M0023836,SUSPICIOUS,-1,NONE,NONE
M0023837,MALICIOUS,-1,NONE,NONE
M0023838,TRUSTWORTHY,-1,NONE,NONE
M0023839,TRUSTWORTHY,-1,NONE,NONE
M0023840,TRUSTWORTHY,-1,NONE,NONE
M0023841,TRUSTWORTHY,-1,NONE,NONE
M0023842,TRUSTWORTHY,-1,NONE,NONE
M0023843,TRUSTWORTHY,-1,NONE,NONE
M0023844,SUSPICIOUS,-1,NONE,NONE
M0023845,TRUSTWORTHY,-1,NONE,NONE
M0023846,TRUSTWORTHY,-1,NONE,NONE
M0023847,SUSPICIOUS,-1,NONE,NONE
M0023848,MALICIOUS,-1,NONE,NONE
M0023849,MALICIOUS,-1,NONE,NONE
M0023850,TRUSTWORTHY,-1,NONE,NONE
M0023851,MALICIOUS,-1,NONE,NONE
M0023852,TRUSTWORTHY,-1,NONE,NONE
M0023853,TRUSTWORTHY,-1,NONE,NONE
M0023854,TRUSTWORTHY,-1,NONE,NONE
M0023855,TRUSTWORTHY,-1,NONE,NONE
M0023856,MALICIOUS,-1,NONE,NONE
M0023857,MALICIOUS,-1,NONE,NONE
M0023858,MALICIOUS,-1,NONE,NONE
M0023859,SUSPICIOUS,-1,NONE,NONE
M0023860,TRUSTWORTHY,-1,NONE,NONE
M0023861,TRUSTWORTHY,-1,NONE,NONE
M0023862,TRUSTWORTHY,-1,NONE,NONE
M0023863,TRUSTWORTHY,-1,NONE,NONE
M0023864,TRUSTWORTHY,-1,NONE,NONE
M0023865,TRUSTWORTHY,-1,NONE,NONE
M0023866,TRUSTWORTHY,-1,NONE,NONE
M0023867,SUSPICIOUS,-1,NONE,NONE
M0023868,TRUSTWORTHY,-1,NONE,NONE
M0023869,TRUSTWORTHY,-1,NONE,NONE
M0023870,MALICIOUS,-1,NONE,NONE
M0023871,MALICIOUS,-1,NONE,NONE
M0023872,TRUSTWORTHY,-1,NONE,NONE
M0023873,TRUSTWORTHY,-1,NONE,NONE
M0023874,TRUSTWORTHY,-1,NONE,NONE
M0023875,SUSPICIOUS,-1,NONE,NONE
M0023876,TRUSTWORTHY,-1,NONE,NONE
M0023877,TRUSTWORTHY,-1,NONE,NONE
M0023878,TRUSTWORTHY,-1,NONE,NONE
M0023879,TRUSTWORTHY,-1,NONE,NONE
M0023880,SUSPICIOUS,-1,NONE,NONE
M0023881,TRUSTWORTHY,-1,NONE,NONE
M0023882,SUSPICIOUS,-1,NONE,NONE
M0023883,TRUSTWORTHY,-1,NONE,NONE
M0023884,TRUSTWORTHY,-1,NONE,NONE
M0023885,TRUSTWORTHY,-1,NONE,NONE
M0023886,TRUSTWORTHY,-1,NONE,NONE
M0023887,TRUSTWORTHY,-1,NONE,NONE
M0023888,TRUSTWORTHY,-1,NONE,NONE
M0023889,TRUSTWORTHY,-1,NONE,NONE
M0023890,SUSPICIOUS,-1,NONE,NONE
M0023891,MALICIOUS,-1,NONE,NONE
M0023892,TRUSTWORTHY,-1,NONE,NONE
M0023893,TRUSTWORTHY,-1,NONE,NONE
M0023894,SUSPICIOUS,-1,NONE,NONE
M0023895,TRUSTWORTHY,-1,NONE,NONE
M0023896,TRUSTWORTHY,-1,NONE,NONE
M0023897,SUSPICIOUS,-1,NONE,NONE
M0023898,TRUSTWORTHY,-1,NONE,NONE
M0023899,SUSPICIOUS,-1,NONE,NONE
M0023900,MALICIOUS,-1,NONE,NONE
M0023901,TRUSTWORTHY,-1,NONE,NONE
M0023902,MALICIOUS,-1,NONE,NONE
M0023903,TRUSTWORTHY,-1,NONE,NONE
M0023904,TRUSTWORTHY,-1,NONE,NONE
M0023905,TRUSTWORTHY,-1,NONE,NONE
M0023906,TRUSTWORTHY,-1,NONE,NONE
M0023907,TRUSTWORTHY,-1,NONE,NONE
M0023908,TRUSTWORTHY,-1,NONE,NONE
M0023909,TRUSTWORTHY,-1,NONE,NONE
M0023910,SUSPICIOUS,-1,NONE,NONE
M0023911,MALICIOUS,-1,NONE,NONE
M0023912,MALICIOUS,-1,NONE,NONE
M0023913,SUSPICIOUS,-1,NONE,NONE
M0023914,TRUSTWORTHY,-1,NONE,NONE
M0023915,TRUSTWORTHY,-1,NONE,NONE
M0023916,SUSPICIOUS,-1,NONE,NONE
M0023917,TRUSTWORTHY,-1,NONE,NONE
M0023918,TRUSTWORTHY,-1,NONE,NONE
M0023919,MALICIOUS,-1,NONE,NONE
M0023920,TRUSTWORTHY,-1,NONE,NONE
M0023921,TRUSTWORTHY,-1,NONE,NONE
M0023922,TRUSTWORTHY,-1,NONE,NONE
M0023923,TRUSTWORTHY,-1,NONE,NONE
M0023924,TRUSTWORTHY,-1,NONE,NONE
M0023925,TRUSTWORTHY,-1,NONE,NONE
M0023926,TRUSTWORTHY,-1,NONE,NONE
M0023927,SUSPICIOUS,-1,NONE,NONE
M0023928,TRUSTWORTHY,-1,NONE,NONE
M0023929,TRUSTWORTHY,-1,NONE,NONE
M0023930,TRUSTWORTHY,-1,NONE,NONE
M0023931,TRUSTWORTHY,-1,NONE,NONE
M0023932,TRUSTWORTHY,-1,NONE,NONE
M0023933,SUSPICIOUS,-1,NONE,NONE
M0023934,TRUSTWORTHY,-1,NONE,NONE
M0023935,TRUSTWORTHY,-1,NONE,NONE
M0023936,TRUSTWORTHY,-1,NONE,NONE
M0023937,TRUSTWORTHY,-1,NONE,NONE
M0023938,TRUSTWORTHY,-1,NONE,NONE
M0023939,MALICIOUS,-1,NONE,NONE
M0023940,TRUSTWORTHY,-1,NONE,NONE
M0023941,MALICIOUS,-1,NONE,NONE
M0023942,MALICIOUS,-1,NONE,NONE
M0023943,SUSPICIOUS,-1,NONE,NONE
M0023944,MALICIOUS,-1,NONE,NONE
M0023945,TRUSTWORTHY,-1,NONE,NONE
M0023946,TRUSTWORTHY,-1,NONE,NONE
M0023947,TRUSTWORTHY,-1,NONE,NONE
M0023948,MALICIOUS,-1,NONE,NONE
M0023949,TRUSTWORTHY,-1,NONE,NONE
M0023950,SUSPICIOUS,-1,NONE,NONE
M0023951,TRUSTWORTHY,-1,NONE,NONE
M0023952,TRUSTWORTHY,-1,NONE,NONE
M0023953,TRUSTWORTHY,-1,NONE,NONE
M0023954,TRUSTWORTHY,-1,NONE,NONE
M0023955,TRUSTWORTHY,-1,NONE,NONE
M0023956,TRUSTWORTHY,-1,NONE,NONE
M0023957,SUSPICIOUS,-1,NONE,NONE
M0023958,TRUSTWORTHY,-1,NONE,NONE
M0023959,TRUSTWORTHY,-1,NONE,NONE
M0023960,MALICIOUS,-1,NONE,NONE
M0023961,TRUSTWORTHY,-1,NONE,NONE
M0023962,TRUSTWORTHY,-1,NONE,NONE
M0023963,SUSPICIOUS,-1,NONE,NONE
M0023964,MALICIOUS,-1,NONE,NONE
M0023965,MALICIOUS,-1,NONE,NONE
M0023966,TRUSTWORTHY,-1,NONE,NONE
M0023967,TRUSTWORTHY,-1,NONE,NONE
M0023968,SUSPICIOUS,-1,NONE,NONE
M0023969,TRUSTWORTHY,-1,NONE,NONE
M0023970,TRUSTWORTHY,-1,NONE,NONE
M0023971,TRUSTWORTHY,-1,NONE,NONE
M0023972,TRUSTWORTHY,-1,NONE,NONE
M0023973,TRUSTWORTHY,-1,NONE,NONE
M0023974,TRUSTWORTHY,-1,NONE,NONE
M0023975,SUSPICIOUS,-1,NONE,NONE
M0023976,TRUSTWORTHY,-1,NONE,NONE
M0023977,TRUSTWORTHY,-1,NONE,NONE
M0023978,TRUSTWORTHY,-1,NONE,NONE
M0023979,TRUSTWORTHY,-1,NONE,NONE
M0023980,TRUSTWORTHY,-1,NONE,NONE
M0023981,TRUSTWORTHY,-1,NONE,NONE
M0023982,TRUSTWORTHY,-1,NONE,NONE
M0023983,SUSPICIOUS,-1,NONE,NONE
M0023984,SUSPICIOUS,-1,NONE,NONE
M0023985,MALICIOUS,-1,NONE,NONE
M0023986,SUSPICIOUS,-1,NONE,NONE
M0023987,TRUSTWORTHY,-1,NONE,NONE
M0023988,TRUSTWORTHY,-1,NONE,NONE
M0023989,SUSPICIOUS,-1,NONE,NONE
M0023990,TRUSTWORTHY,-1,NONE,NONE
M0023991,TRUSTWORTHY,-1,NONE,NONE
M0023992,TRUSTWORTHY,-1,NONE,NONE
M0023993,TRUSTWORTHY,-1,NONE,NONE
M0023994,SUSPICIOUS,-1,NONE,NONE
M0023995,TRUSTWORTHY,-1,NONE,NONE
M0023996,MALICIOUS,-1,NONE,NONE
M0023997,TRUSTWORTHY,-1,NONE,NONE
M0023998,TRUSTWORTHY,-1,NONE,NONE
M0023999,SUSPICIOUS,-1,NONE,NONE
M0024000,TRUSTWORTHY,-1,NONE,NONE
M0024001,TRUSTWORTHY,-1,NONE,NONE
M0024002,TRUSTWORTHY,-1,NONE,NONE
M0024003,MALICIOUS,-1,NONE,NONE
M0024004,TRUSTWORTHY,-1,NONE,NONE
M0024005,TRUSTWORTHY,-1,NONE,NONE
M0024006,TRUSTWORTHY,-1,NONE,NONE
M0024007,TRUSTWORTHY,-1,NONE,NONE
M0024008,TRUSTWORTHY,-1,NONE,NONE
M0024009,MALICIOUS,-1,NONE,NONE
M0024010,TRUSTWORTHY,-1,NONE,NONE
M0024011,MALICIOUS,-1,NONE,NONE
M0024012,SUSPICIOUS,-1,NONE,NONE
M0024013,TRUSTWORTHY,-1,NONE,NONE
M0024014,TRUSTWORTHY,-1,NONE,NONE
M0024015,TRUSTWORTHY,-1,NONE,NONE
M0024016,TRUSTWORTHY,-1,NONE,NONE
M0024017,TRUSTWORTHY,-1,NONE,NONE
M0024018,TRUSTWORTHY,-1,NONE,NONE
M0024019,TRUSTWORTHY,-1,NONE,NONE
M0024020,TRUSTWORTHY,-1,NONE,NONE
M0024021,TRUSTWORTHY,-1,NONE,NONE
M0024022,SUSPICIOUS,-1,NONE,NONE
M0024023,TRUSTWORTHY,-1,NONE,NONE
M0024024,TRUSTWORTHY,-1,NONE,NONE
M0024025,TRUSTWORTHY,-1,NONE,NONE
M0024026,SUSPICIOUS,-1,NONE,NONE
M0024027,SUSPICIOUS,-1,NONE,NONE
M0024028,TRUSTWORTHY,-1,NONE,NONE
M0024029,TRUSTWORTHY,-1,NONE,NONE
M0024030,TRUSTWORTHY,-1,NONE,NONE
M0024031,MALICIOUS,-1,NONE,NONE
M0024032,TRUSTWORTHY,-1,NONE,NONE
M0024033,TRUSTWORTHY,-1,NONE,NONE
M0024034,TRUSTWORTHY,-1,NONE,NONE
M0024035,TRUSTWORTHY,-1,NONE,NONE
M0024036,TRUSTWORTHY,-1,NONE,NONE
M0024037,SUSPICIOUS,-1,NONE,NONE
M0024038,SUSPICIOUS,-1,NONE,NONE
M0024039,TRUSTWORTHY,-1,NONE,NONE
M0024040,TRUSTWORTHY,-1,NONE,NONE
M0024041,TRUSTWORTHY,-1,NONE,NONE
M0024042,TRUSTWORTHY,-1,NONE,NONE
M0024043,MALICIOUS,-1,NONE,NONE
M0024044,TRUSTWORTHY,-1,NONE,NONE
M0024045,TRUSTWORTHY,-1,NONE,NONE
M0024046,TRUSTWORTHY,-1,NONE,NONE
M0024047,TRUSTWORTHY,-1,NONE,NONE
M0024048,TRUSTWORTHY,-1,NONE,NONE
M0024049,TRUSTWORTHY,-1,NONE,NONE
M0024050,TRUSTWORTHY,-1,NONE,NONE
M0024051,TRUSTWORTHY,-1,NONE,NONE
M0024052,TRUSTWORTHY,-1,NONE,NONE
M0024053,TRUSTWORTHY,-1,NONE,NONE
M0024054,TRUSTWORTHY,-1,NONE,NONE
M0024055,TRUSTWORTHY,-1,NONE,NONE
M0024056,TRUSTWORTHY,-1,NONE,NONE
M0024057,TRUSTWORTHY,-1,NONE,NONE
M0024058,TRUSTWORTHY,-1,NONE,NONE
M0024059,TRUSTWORTHY,-1,NONE,NONE
M0024060,TRUSTWORTHY,-1,NONE,NONE
M0024061,TRUSTWORTHY,-1,NONE,NONE
M0024062,TRUSTWORTHY,-1,NONE,NONE
M0024063,TRUSTWORTHY,-1,NONE,NONE
M0024064,SUSPICIOUS,-1,NONE,NONE
M0024065,TRUSTWORTHY,-1,NONE,NONE
M0024066,TRUSTWORTHY,-1,NONE,NONE
M0024067,TRUSTWORTHY,-1,NONE,NONE
M0024068,TRUSTWORTHY,-1,NONE,NONE
M0024069,TRUSTWORTHY,-1,NONE,NONE
M0024070,SUSPICIOUS,-1,NONE,NONE
M0024071,SUSPICIOUS,-1,NONE,NONE
M0024072,TRUSTWORTHY,-1,NONE,NONE
M0024073,MALICIOUS,-1,NONE,NONE
M0024074,TRUSTWORTHY,-1,NONE,NONE
M0024075,TRUSTWORTHY,-1,NONE,NONE
M0024076,MALICIOUS,-1,NONE,NONE
M0024077,TRUSTWORTHY,-1,NONE,NONE
M0024078,TRUSTWORTHY,-1,NONE,NONE
M0024079,SUSPICIOUS,-1,NONE,NONE
M0024080,TRUSTWORTHY,-1,NONE,NONE
M0024081,TRUSTWORTHY,-1,NONE,NONE
M0024082,MALICIOUS,-1,NONE,NONE
M0024083,TRUSTWORTHY,-1,NONE,NONE
M0024084,MALICIOUS,-1,NONE,NONE
M0024085,TRUSTWORTHY,-1,NONE,NONE
M0024086,MALICIOUS,-1,NONE,NONE
M0024087,MALICIOUS,-1,NONE,NONE
M0024088,TRUSTWORTHY,-1,NONE,NONE
M0024089,TRUSTWORTHY,-1,NONE,NONE
M0024090,TRUSTWORTHY,-1,NONE,NONE
M0024091,TRUSTWORTHY,-1,NONE,NONE
M0024092,SUSPICIOUS,-1,NONE,NONE
M0024093,TRUSTWORTHY,-1,NONE,NONE
M0024094,TRUSTWORTHY,-1,NONE,NONE
M0024095,MALICIOUS,-1,NONE,NONE
M0024096,SUSPICIOUS,-1,NONE,NONE
M0024097,TRUSTWORTHY,-1,NONE,NONE
M0024098,TRUSTWORTHY,-1,NONE,NONE
M0024099,TRUSTWORTHY,-1,NONE,NONE
M0024100,TRUSTWORTHY,-1,NONE,NONE
M0024101,TRUSTWORTHY,-1,NONE,NONE
M0024102,SUSPICIOUS,-1,NONE,NONE
M0024103,TRUSTWORTHY,-1,NONE,NONE
M0024104,TRUSTWORTHY,-1,NONE,NONE
M0024105,TRUSTWORTHY,-1,NONE,NONE
M0024106,SUSPICIOUS,-1,NONE,NONE
M0024107,TRUSTWORTHY,-1,NONE,NONE
M0024108,TRUSTWORTHY,-1,NONE,NONE
M0024109,TRUSTWORTHY,-1,NONE,NONE
M0024110,TRUSTWORTHY,-1,NONE,NONE
M0024111,TRUSTWORTHY,-1,NONE,NONE
M0024112,SUSPICIOUS,-1,NONE,NONE
M0024113,TRUSTWORTHY,-1,NONE,NONE
M0024114,TRUSTWORTHY,-1,NONE,NONE
M0024115,TRUSTWORTHY,-1,NONE,NONE
M0024116,TRUSTWORTHY,-1,NONE,NONE
M0024117,SUSPICIOUS,-1,NONE,NONE
M0024118,SUSPICIOUS,-1,NONE,NONE
M0024119,TRUSTWORTHY,-1,NONE,NONE
M0024120,TRUSTWORTHY,-1,NONE,NONE
M0024121,TRUSTWORTHY,-1,NONE,NONE
M0024122,TRUSTWORTHY,-1,NONE,NONE
M0024123,TRUSTWORTHY,-1,NONE,NONE
M0024124,TRUSTWORTHY,-1,NONE,NONE
M0024125,TRUSTWORTHY,-1,NONE,NONE
M0024126,TRUSTWORTHY,-1,NONE,NONE
M0024127,TRUSTWORTHY,-1,NONE,NONE
M0024128,TRUSTWORTHY,-1,NONE,NONE
M0024129,TRUSTWORTHY,-1,NONE,NONE
M0024130,TRUSTWORTHY,-1,NONE,NONE
M0024131,TRUSTWORTHY,-1,NONE,NONE
M0024132,TRUSTWORTHY,-1,NONE,NONE
M0024133,TRUSTWORTHY,-1,NONE,NONE
M0024134,TRUSTWORTHY,-1,NONE,NONE
M0024135,TRUSTWORTHY,-1,NONE,NONE
M0024136,TRUSTWORTHY,-1,NONE,NONE
M0024137,SUSPICIOUS,-1,NONE,NONE
M0024138,TRUSTWORTHY,-1,NONE,NONE
M0024139,SUSPICIOUS,-1,NONE,NONE
M0024140,TRUSTWORTHY,-1,NONE,NONE
M0024141,TRUSTWORTHY,-1,NONE,NONE
M0024142,TRUSTWORTHY,-1,NONE,NONE
M0024143,TRUSTWORTHY,-1,NONE,NONE
M0024144,TRUSTWORTHY,-1,NONE,NONE
M0024145,TRUSTWORTHY,-1,NONE,NONE
M0024146,TRUSTWORTHY,-1,NONE,NONE
M0024147,TRUSTWORTHY,-1,NONE,NONE
M0024148,TRUSTWORTHY,-1,NONE,NONE
M0024149,TRUSTWORTHY,-1,NONE,NONE
M0024150,TRUSTWORTHY,-1,NONE,NONE
M0024151,TRUSTWORTHY,-1,NONE,NONE
M0024152,MALICIOUS,-1,NONE,NONE
M0024153,TRUSTWORTHY,-1,NONE,NONE
M0024154,TRUSTWORTHY,-1,NONE,NONE
M0024155,TRUSTWORTHY,-1,NONE,NONE
M0024156,MALICIOUS,-1,NONE,NONE
M0024157,TRUSTWORTHY,-1,NONE,NONE
M0024158,TRUSTWORTHY,-1,NONE,NONE
M0024159,TRUSTWORTHY,-1,NONE,NONE
M0024160,TRUSTWORTHY,-1,NONE,NONE
M0024161,TRUSTWORTHY,-1,NONE,NONE
M0024162,TRUSTWORTHY,-1,NONE,NONE
M0024163,TRUSTWORTHY,-1,NONE,NONE
M0024164,TRUSTWORTHY,-1,NONE,NONE
M0024165,TRUSTWORTHY,-1,NONE,NONE
M0024166,TRUSTWORTHY,-1,NONE,NONE
M0024167,TRUSTWORTHY,-1,NONE,NONE
M0024168,TRUSTWORTHY,-1,NONE,NONE
M0024169,TRUSTWORTHY,-1,NONE,NONE
M0024170,TRUSTWORTHY,-1,NONE,NONE
M0024171,TRUSTWORTHY,-1,NONE,NONE
M0024172,SUSPICIOUS,-1,NONE,NONE
M0024173,TRUSTWORTHY,-1,NONE,NONE
M0024174,MALICIOUS,-1,NONE,NONE
M0024175,SUSPICIOUS,-1,NONE,NONE
M0024176,TRUSTWORTHY,-1,NONE,NONE
M0024177,TRUSTWORTHY,-1,NONE,NONE
M0024178,TRUSTWORTHY,-1,NONE,NONE
M0024179,TRUSTWORTHY,-1,NONE,NONE
M0024180,TRUSTWORTHY,-1,NONE,NONE
M0024181,TRUSTWORTHY,-1,NONE,NONE
M0024182,TRUSTWORTHY,-1,NONE,NONE
M0024183,SUSPICIOUS,-1,NONE,NONE
M0024184,TRUSTWORTHY,-1,NONE,NONE
M0024185,MALICIOUS,-1,NONE,NONE
M0024186,MALICIOUS,-1,NONE,NONE
M0024187,SUSPICIOUS,-1,NONE,NONE
M0024188,TRUSTWORTHY,-1,NONE,NONE
M0024189,TRUSTWORTHY,-1,NONE,NONE
M0024190,TRUSTWORTHY,-1,NONE,NONE
M0024191,TRUSTWORTHY,-1,NONE,NONE
M0024192,TRUSTWORTHY,-1,NONE,NONE
M0024193,TRUSTWORTHY,-1,NONE,NONE
M0024194,TRUSTWORTHY,-1,NONE,NONE
M0024195,MALICIOUS,-1,NONE,NONE
M0024196,TRUSTWORTHY,-1,NONE,NONE
M0024197,MALICIOUS,-1,NONE,NONE
M0024198,TRUSTWORTHY,-1,NONE,NONE
M0024199,TRUSTWORTHY,-1,NONE,NONE
M0024200,TRUSTWORTHY,-1,NONE,NONE
M0024201,MALICIOUS,-1,NONE,NONE
M0024202,TRUSTWORTHY,-1,NONE,NONE
M0024203,MALICIOUS,-1,NONE,NONE
M0024204,SUSPICIOUS,-1,NONE,NONE
M0024205,TRUSTWORTHY,-1,NONE,NONE
M0024206,TRUSTWORTHY,-1,NONE,NONE
M0024207,TRUSTWORTHY,-1,NONE,NONE
M0024208,SUSPICIOUS,-1,NONE,NONE
M0024209,SUSPICIOUS,-1,NONE,NONE
M0024210,MALICIOUS,-1,NONE,NONE
M0024211,TRUSTWORTHY,-1,NONE,NONE
M0024212,SUSPICIOUS,-1,NONE,NONE
M0024213,TRUSTWORTHY,-1,NONE,NONE
M0024214,TRUSTWORTHY,-1,NONE,NONE
M0024215,TRUSTWORTHY,-1,NONE,NONE
M0024216,TRUSTWORTHY,-1,NONE,NONE
M0024217,MALICIOUS,-1,NONE,NONE
M0024218,TRUSTWORTHY,-1,NONE,NONE
M0024219,MALICIOUS,-1,NONE,NONE
M0024220,TRUSTWORTHY,-1,NONE,NONE
M0024221,TRUSTWORTHY,-1,NONE,NONE
M0024222,TRUSTWORTHY,-1,NONE,NONE
M0024223,TRUSTWORTHY,-1,NONE,NONE
M0024224,SUSPICIOUS,-1,NONE,NONE
M0024225,TRUSTWORTHY,-1,NONE,NONE
M0024226,TRUSTWORTHY,-1,NONE,NONE
M0024227,MALICIOUS,-1,NONE,NONE
M0024228,TRUSTWORTHY,-1,NONE,NONE
M0024229,TRUSTWORTHY,-1,NONE,NONE
M0024230,TRUSTWORTHY,-1,NONE,NONE
M0024231,MALICIOUS,-1,NONE,NONE
M0024232,TRUSTWORTHY,-1,NONE,NONE
M0024233,TRUSTWORTHY,-1,NONE,NONE
M0024234,TRUSTWORTHY,-1,NONE,NONE
M0024235,TRUSTWORTHY,-1,NONE,NONE
M0024236,TRUSTWORTHY,-1,NONE,NONE
M0024237,TRUSTWORTHY,-1,NONE,NONE
M0024238,TRUSTWORTHY,-1,NONE,NONE
M0024239,SUSPICIOUS,-1,NONE,NONE
M0024240,TRUSTWORTHY,-1,NONE,NONE
M0024241,TRUSTWORTHY,-1,NONE,NONE
M0024242,TRUSTWORTHY,-1,NONE,NONE
M0024243,MALICIOUS,-1,NONE,NONE
M0024244,SUSPICIOUS,-1,NONE,NONE
M0024245,TRUSTWORTHY,-1,NONE,NONE
M0024246,TRUSTWORTHY,-1,NONE,NONE
M0024247,TRUSTWORTHY,-1,NONE,NONE
M0024248,TRUSTWORTHY,-1,NONE,NONE
M0024249,TRUSTWORTHY,-1,NONE,NONE
M0024250,TRUSTWORTHY,-1,NONE,NONE
M0024251,TRUSTWORTHY,-1,NONE,NONE
M0024252,TRUSTWORTHY,-1,NONE,NONE
M0024253,TRUSTWORTHY,-1,NONE,NONE
M0024254,TRUSTWORTHY,-1,NONE,NONE
M0024255,TRUSTWORTHY,-1,NONE,NONE
M0024256,TRUSTWORTHY,-1,NONE,NONE
M0024257,SUSPICIOUS,-1,NONE,NONE
M0024258,TRUSTWORTHY,-1,NONE,NONE
M0024259,TRUSTWORTHY,-1,NONE,NONE
M0024260,TRUSTWORTHY,-1,NONE,NONE
M0024261,MALICIOUS,-1,NONE,NONE
M0024262,TRUSTWORTHY,-1,NONE,NONE
M0024263,TRUSTWORTHY,-1,NONE,NONE
M0024264,TRUSTWORTHY,-1,NONE,NONE
M0024265,SUSPICIOUS,-1,NONE,NONE
M0024266,MALICIOUS,-1,NONE,NONE
M0024267,TRUSTWORTHY,-1,NONE,NONE
M0024268,SUSPICIOUS,-1,NONE,NONE
M0024269,TRUSTWORTHY,-1,NONE,NONE
M0024270,TRUSTWORTHY,-1,NONE,NONE
M0024271,TRUSTWORTHY,-1,NONE,NONE
M0024272,TRUSTWORTHY,-1,NONE,NONE
M0024273,TRUSTWORTHY,-1,NONE,NONE
M0024274,TRUSTWORTHY,-1,NONE,NONE
M0024275,TRUSTWORTHY,-1,NONE,NONE
M0024276,TRUSTWORTHY,-1,NONE,NONE
M0024277,TRUSTWORTHY,-1,NONE,NONE
M0024278,TRUSTWORTHY,-1,NONE,NONE
M0024279,SUSPICIOUS,-1,NONE,NONE
M0024280,TRUSTWORTHY,-1,NONE,NONE
M0024281,SUSPICIOUS,-1,NONE,NONE
M0024282,MALICIOUS,-1,NONE,NONE
M0024283,TRUSTWORTHY,-1,NONE,NONE
M0024284,TRUSTWORTHY,-1,NONE,NONE
M0024285,TRUSTWORTHY,-1,NONE,NONE
M0024286,SUSPICIOUS,-1,NONE,NONE
M0024287,TRUSTWORTHY,-1,NONE,NONE
M0024288,TRUSTWORTHY,-1,NONE,NONE
M0024289,TRUSTWORTHY,-1,NONE,NONE
M0024290,TRUSTWORTHY,-1,NONE,NONE
M0024291,TRUSTWORTHY,-1,NONE,NONE
M0024292,TRUSTWORTHY,-1,NONE,NONE
M0024293,TRUSTWORTHY,-1,NONE,NONE
M0024294,TRUSTWORTHY,-1,NONE,NONE
M0024295,TRUSTWORTHY,-1,NONE,NONE
M0024296,MALICIOUS,-1,NONE,NONE
M0024297,TRUSTWORTHY,-1,NONE,NONE
M0024298,SUSPICIOUS,-1,NONE,NONE
M0024299,TRUSTWORTHY,-1,NONE,NONE
M0024300,TRUSTWORTHY,-1,NONE,NONE
M0024301,TRUSTWORTHY,-1,NONE,NONE
M0024302,TRUSTWORTHY,-1,NONE,NONE
M0024303,TRUSTWORTHY,-1,NONE,NONE
M0024304,TRUSTWORTHY,-1,NONE,NONE
M0024305,TRUSTWORTHY,-1,NONE,NONE
M0024306,TRUSTWORTHY,-1,NONE,NONE
M0024307,TRUSTWORTHY,-1,NONE,NONE
M0024308,TRUSTWORTHY,-1,NONE,NONE
M0024309,TRUSTWORTHY,-1,NONE,NONE
M0024310,TRUSTWORTHY,-1,NONE,NONE
M0024311,TRUSTWORTHY,-1,NONE,NONE
M0024312,TRUSTWORTHY,-1,NONE,NONE
M0024313,TRUSTWORTHY,-1,NONE,NONE
M0024314,TRUSTWORTHY,-1,NONE,NONE
M0024315,MALICIOUS,-1,NONE,NONE
M0024316,TRUSTWORTHY,-1,NONE,NONE
M0024317,SUSPICIOUS,-1,NONE,NONE
M0024318,MALICIOUS,-1,NONE,NONE
M0024319,TRUSTWORTHY,-1,NONE,NONE
M0024320,TRUSTWORTHY,-1,NONE,NONE
M0024321,SUSPICIOUS,-1,NONE,NONE
M0024322,TRUSTWORTHY,-1,NONE,NONE
M0024323,TRUSTWORTHY,-1,NONE,NONE
M0024324,TRUSTWORTHY,-1,NONE,NONE
M0024325,SUSPICIOUS,-1,NONE,NONE
M0024326,TRUSTWORTHY,-1,NONE,NONE
M0024327,TRUSTWORTHY,-1,NONE,NONE
M0024328,TRUSTWORTHY,-1,NONE,NONE
M0024329,MALICIOUS,-1,NONE,NONE
M0024330,TRUSTWORTHY,-1,NONE,NONE
M0024331,TRUSTWORTHY,-1,NONE,NONE
M0024332,TRUSTWORTHY,-1,NONE,NONE
M0024333,TRUSTWORTHY,-1,NONE,NONE
M0024334,TRUSTWORTHY,-1,NONE,NONE
M0024335,TRUSTWORTHY,-1,NONE,NONE
M0024336,TRUSTWORTHY,-1,NONE,NONE
M0024337,TRUSTWORTHY,-1,NONE,NONE
M0024338,TRUSTWORTHY,-1,NONE,NONE
M0024339,TRUSTWORTHY,-1,NONE,NONE
M0024340,TRUSTWORTHY,-1,NONE,NONE
M0024341,SUSPICIOUS,-1,NONE,NONE
M0024342,SUSPICIOUS,-1,NONE,NONE
M0024343,TRUSTWORTHY,-1,NONE,NONE
M0024344,TRUSTWORTHY,-1,NONE,NONE
M0024345,MALICIOUS,-1,NONE,NONE
M0024346,SUSPICIOUS,-1,NONE,NONE
M0024347,TRUSTWORTHY,-1,NONE,NONE
M0024348,TRUSTWORTHY,-1,NONE,NONE
M0024349,MALICIOUS,-1,NONE,NONE
M0024350,TRUSTWORTHY,-1,NONE,NONE
M0024351,TRUSTWORTHY,-1,NONE,NONE
M0024352,TRUSTWORTHY,-1,NONE,NONE
M0024353,TRUSTWORTHY,-1,NONE,NONE
M0024354,TRUSTWORTHY,-1,NONE,NONE
M0024355,TRUSTWORTHY,-1,NONE,NONE
M0024356,TRUSTWORTHY,-1,NONE,NONE
M0024357,TRUSTWORTHY,-1,NONE,NONE
M0024358,TRUSTWORTHY,-1,NONE,NONE
M0024359,MALICIOUS,-1,NONE,NONE
M0024360,MALICIOUS,-1,NONE,NONE
M0024361,TRUSTWORTHY,-1,NONE,NONE
M0024362,TRUSTWORTHY,-1,NONE,NONE
M0024363,MALICIOUS,-1,NONE,NONE
M0024364,SUSPICIOUS,-1,NONE,NONE
M0024365,TRUSTWORTHY,-1,NONE,NONE
M0024366,TRUSTWORTHY,-1,NONE,NONE
M0024367,TRUSTWORTHY,-1,NONE,NONE
M0024368,TRUSTWORTHY,-1,NONE,NONE
M0024369,TRUSTWORTHY,-1,NONE,NONE
M0024370,TRUSTWORTHY,-1,NONE,NONE
M0024371,SUSPICIOUS,-1,NONE,NONE
M0024372,TRUSTWORTHY,-1,NONE,NONE
M0024373,TRUSTWORTHY,-1,NONE,NONE
M0024374,TRUSTWORTHY,-1,NONE,NONE
M0024375,TRUSTWORTHY,-1,NONE,NONE
M0024376,TRUSTWORTHY,-1,NONE,NONE
M0024377,TRUSTWORTHY,-1,NONE,NONE
M0024378,SUSPICIOUS,-1,NONE,NONE
M0024379,TRUSTWORTHY,-1,NONE,NONE
M0024380,MALICIOUS,-1,NONE,NONE
M0024381,TRUSTWORTHY,-1,NONE,NONE
M0024382,MALICIOUS,-1,NONE,NONE
M0024383,TRUSTWORTHY,-1,NONE,NONE
M0024384,TRUSTWORTHY,-1,NONE,NONE
M0024385,TRUSTWORTHY,-1,NONE,NONE
M0024386,SUSPICIOUS,-1,NONE,NONE
M0024387,TRUSTWORTHY,-1,NONE,NONE
M0024388,TRUSTWORTHY,-1,NONE,NONE
M0024389,TRUSTWORTHY,-1,NONE,NONE
M0024390,MALICIOUS,-1,NONE,NONE
M0024391,TRUSTWORTHY,-1,NONE,NONE
M0024392,SUSPICIOUS,-1,NONE,NONE
M0024393,TRUSTWORTHY,-1,NONE,NONE
M0024394,TRUSTWORTHY,-1,NONE,NONE
M0024395,TRUSTWORTHY,-1,NONE,NONE
M0024396,MALICIOUS,-1,NONE,NONE
M0024397,TRUSTWORTHY,-1,NONE,NONE
M0024398,MALICIOUS,-1,NONE,NONE
M0024399,TRUSTWORTHY,-1,NONE,NONE
M0024400,TRUSTWORTHY,-1,NONE,NONE
M0024401,TRUSTWORTHY,-1,NONE,NONE
M0024402,TRUSTWORTHY,-1,NONE,NONE
M0024403,TRUSTWORTHY,-1,NONE,NONE
M0024404,TRUSTWORTHY,-1,NONE,NONE
M0024405,TRUSTWORTHY,-1,NONE,NONE
M0024406,TRUSTWORTHY,-1,NONE,NONE
M0024407,MALICIOUS,-1,NONE,NONE
M0024408,TRUSTWORTHY,-1,NONE,NONE
M0024409,TRUSTWORTHY,-1,NONE,NONE
M0024410,MALICIOUS,-1,NONE,NONE
M0024411,TRUSTWORTHY,-1,NONE,NONE
M0024412,TRUSTWORTHY,-1,NONE,NONE
M0024413,TRUSTWORTHY,-1,NONE,NONE
M0024414,MALICIOUS,-1,NONE,NONE
M0024415,MALICIOUS,-1,NONE,NONE
M0024416,SUSPICIOUS,-1,NONE,NONE
M0024417,TRUSTWORTHY,-1,NONE,NONE
M0024418,TRUSTWORTHY,-1,NONE,NONE
M0024419,TRUSTWORTHY,-1,NONE,NONE
M0024420,TRUSTWORTHY,-1,NONE,NONE
M0024421,TRUSTWORTHY,-1,NONE,NONE
M0024422,TRUSTWORTHY,-1,NONE,NONE
M0024423,TRUSTWORTHY,-1,NONE,NONE
M0024424,TRUSTWORTHY,-1,NONE,NONE
M0024425,TRUSTWORTHY,-1,NONE,NONE
M0024426,TRUSTWORTHY,-1,NONE,NONE
M0024427,MALICIOUS,-1,NONE,NONE
M0024428,MALICIOUS,-1,NONE,NONE
M0024429,TRUSTWORTHY,-1,NONE,NONE
M0024430,TRUSTWORTHY,-1,NONE,NONE
M0024431,TRUSTWORTHY,-1,NONE,NONE
M0024432,TRUSTWORTHY,-1,NONE,NONE
M0024433,TRUSTWORTHY,-1,NONE,NONE
M0024434,MALICIOUS,-1,NONE,NONE
M0024435,TRUSTWORTHY,-1,NONE,NONE
M0024436,TRUSTWORTHY,-1,NONE,NONE
M0024437,SUSPICIOUS,-1,NONE,NONE
M0024438,TRUSTWORTHY,-1,NONE,NONE
M0024439,TRUSTWORTHY,-1,NONE,NONE
M0024440,TRUSTWORTHY,-1,NONE,NONE
M0024441,MALICIOUS,-1,NONE,NONE
M0024442,TRUSTWORTHY,-1,NONE,NONE
M0024443,TRUSTWORTHY,-1,NONE,NONE
M0024444,TRUSTWORTHY,-1,NONE,NONE
M0024445,MALICIOUS,-1,NONE,NONE
M0024446,TRUSTWORTHY,-1,NONE,NONE
M0024447,TRUSTWORTHY,-1,NONE,NONE
M0024448,SUSPICIOUS,-1,NONE,NONE
M0024449,TRUSTWORTHY,-1,NONE,NONE
M0024450,TRUSTWORTHY,-1,NONE,NONE
M0024451,TRUSTWORTHY,-1,NONE,NONE
M0024452,TRUSTWORTHY,-1,NONE,NONE
M0024453,MALICIOUS,-1,NONE,NONE
M0024454,MALICIOUS,-1,NONE,NONE
M0024455,TRUSTWORTHY,-1,NONE,NONE
M0024456,MALICIOUS,-1,NONE,NONE
M0024457,SUSPICIOUS,-1,NONE,NONE
M0024458,TRUSTWORTHY,-1,NONE,NONE
M0024459,TRUSTWORTHY,-1,NONE,NONE
M0024460,TRUSTWORTHY,-1,NONE,NONE
M0024461,TRUSTWORTHY,-1,NONE,NONE
M0024462,MALICIOUS,-1,NONE,NONE
M0024463,TRUSTWORTHY,-1,NONE,NONE
M0024464,TRUSTWORTHY,-1,NONE,NONE
M0024465,TRUSTWORTHY,-1,NONE,NONE
M0024466,TRUSTWORTHY,-1,NONE,NONE
M0024467,TRUSTWORTHY,-1,NONE,NONE
M0024468,MALICIOUS,-1,NONE,NONE
M0024469,TRUSTWORTHY,-1,NONE,NONE
M0024470,TRUSTWORTHY,-1,NONE,NONE
M0024471,MALICIOUS,-1,NONE,NONE
M0024472,TRUSTWORTHY,-1,NONE,NONE
M0024473,TRUSTWORTHY,-1,NONE,NONE
M0024474,SUSPICIOUS,-1,NONE,NONE
M0024475,TRUSTWORTHY,-1,NONE,NONE
M0024476,TRUSTWORTHY,-1,NONE,NONE
M0024477,TRUSTWORTHY,-1,NONE,NONE
M0024478,TRUSTWORTHY,-1,NONE,NONE
M0024479,TRUSTWORTHY,-1,NONE,NONE
M0024480,TRUSTWORTHY,-1,NONE,NONE
M0024481,MALICIOUS,-1,NONE,NONE
M0024482,TRUSTWORTHY,-1,NONE,NONE
M0024483,TRUSTWORTHY,-1,NONE,NONE
M0024484,TRUSTWORTHY,-1,NONE,NONE
M0024485,TRUSTWORTHY,-1,NONE,NONE
M0024486,TRUSTWORTHY,-1,NONE,NONE
M0024487,TRUSTWORTHY,-1,NONE,NONE
M0024488,TRUSTWORTHY,-1,NONE,NONE
M0024489,TRUSTWORTHY,-1,NONE,NONE
M0024490,MALICIOUS,-1,NONE,NONE
M0024491,TRUSTWORTHY,-1,NONE,NONE
M0024492,TRUSTWORTHY,-1,NONE,NONE
M0024493,TRUSTWORTHY,-1,NONE,NONE
M0024494,MALICIOUS,-1,NONE,NONE
M0024495,TRUSTWORTHY,-1,NONE,NONE
M0024496,MALICIOUS,-1,NONE,NONE
M0024497,SUSPICIOUS,-1,NONE,NONE
M0024498,SUSPICIOUS,-1,NONE,NONE
M0024499,TRUSTWORTHY,-1,NONE,NONE
M0024500,TRUSTWORTHY,-1,NONE,NONE
M0024501,TRUSTWORTHY,-1,NONE,NONE
M0024502,TRUSTWORTHY,-1,NONE,NONE
M0024503,TRUSTWORTHY,-1,NONE,NONE
M0024504,TRUSTWORTHY,-1,NONE,NONE
M0024505,SUSPICIOUS,-1,NONE,NONE
M0024506,SUSPICIOUS,-1,NONE,NONE
M0024507,TRUSTWORTHY,-1,NONE,NONE
M0024508,SUSPICIOUS,-1,NONE,NONE
M0024509,SUSPICIOUS,-1,NONE,NONE
M0024510,TRUSTWORTHY,-1,NONE,NONE
M0024511,SUSPICIOUS,-1,NONE,NONE
M0024512,TRUSTWORTHY,-1,NONE,NONE
M0024513,TRUSTWORTHY,-1,NONE,NONE
M0024514,TRUSTWORTHY,-1,NONE,NONE
M0024515,TRUSTWORTHY,-1,NONE,NONE
M0024516,TRUSTWORTHY,-1,NONE,NONE
M0024517,TRUSTWORTHY,-1,NONE,NONE
M0024518,TRUSTWORTHY,-1,NONE,NONE
M0024519,SUSPICIOUS,-1,NONE,NONE
M0024520,TRUSTWORTHY,-1,NONE,NONE
M0024521,TRUSTWORTHY,-1,NONE,NONE
M0024522,TRUSTWORTHY,-1,NONE,NONE
M0024523,TRUSTWORTHY,-1,NONE,NONE
M0024524,TRUSTWORTHY,-1,NONE,NONE
M0024525,TRUSTWORTHY,-1,NONE,NONE
M0024526,TRUSTWORTHY,-1,NONE,NONE
M0024527,TRUSTWORTHY,-1,NONE,NONE
M0024528,TRUSTWORTHY,-1,NONE,NONE
M0024529,TRUSTWORTHY,-1,NONE,NONE
M0024530,TRUSTWORTHY,-1,NONE,NONE
M0024531,TRUSTWORTHY,-1,NONE,NONE
M0024532,SUSPICIOUS,-1,NONE,NONE
M0024533,TRUSTWORTHY,-1,NONE,NONE
M0024534,TRUSTWORTHY,-1,NONE,NONE
M0024535,MALICIOUS,-1,NONE,NONE
M0024536,TRUSTWORTHY,-1,NONE,NONE
M0024537,MALICIOUS,-1,NONE,NONE
M0024538,TRUSTWORTHY,-1,NONE,NONE
M0024539,TRUSTWORTHY,-1,NONE,NONE
M0024540,TRUSTWORTHY,-1,NONE,NONE
M0024541,SUSPICIOUS,-1,NONE,NONE
M0024542,TRUSTWORTHY,-1,NONE,NONE
M0024543,TRUSTWORTHY,-1,NONE,NONE
M0024544,TRUSTWORTHY,-1,NONE,NONE
M0024545,TRUSTWORTHY,-1,NONE,NONE
M0024546,TRUSTWORTHY,-1,NONE,NONE
M0024547,TRUSTWORTHY,-1,NONE,NONE
M0024548,TRUSTWORTHY,-1,NONE,NONE
M0024549,MALICIOUS,-1,NONE,NONE
M0024550,TRUSTWORTHY,-1,NONE,NONE
M0024551,TRUSTWORTHY,-1,NONE,NONE
M0024552,TRUSTWORTHY,-1,NONE,NONE
M0024553,TRUSTWORTHY,-1,NONE,NONE
M0024554,TRUSTWORTHY,-1,NONE,NONE
M0024555,TRUSTWORTHY,-1,NONE,NONE
M0024556,TRUSTWORTHY,-1,NONE,NONE
M0024557,TRUSTWORTHY,-1,NONE,NONE
M0024558,MALICIOUS,-1,NONE,NONE
M0024559,TRUSTWORTHY,-1,NONE,NONE
M0024560,SUSPICIOUS,-1,NONE,NONE
M0024561,TRUSTWORTHY,-1,NONE,NONE
M0024562,TRUSTWORTHY,-1,NONE,NONE
M0024563,TRUSTWORTHY,-1,NONE,NONE
M0024564,TRUSTWORTHY,-1,NONE,NONE
M0024565,TRUSTWORTHY,-1,NONE,NONE
M0024566,TRUSTWORTHY,-1,NONE,NONE
M0024567,TRUSTWORTHY,-1,NONE,NONE
M0024568,MALICIOUS,-1,NONE,NONE
M0024569,TRUSTWORTHY,-1,NONE,NONE
M0024570,TRUSTWORTHY,-1,NONE,NONE
M0024571,TRUSTWORTHY,-1,NONE,NONE
M0024572,MALICIOUS,-1,NONE,NONE
M0024573,TRUSTWORTHY,-1,NONE,NONE
M0024574,TRUSTWORTHY,-1,NONE,NONE
M0024575,TRUSTWORTHY,-1,NONE,NONE
M0024576,TRUSTWORTHY,-1,NONE,NONE
M0024577,SUSPICIOUS,-1,NONE,NONE
M0024578,TRUSTWORTHY,-1,NONE,NONE
M0024579,TRUSTWORTHY,-1,NONE,NONE
M0024580,SUSPICIOUS,-1,NONE,NONE
M0024581,TRUSTWORTHY,-1,NONE,NONE
M0024582,TRUSTWORTHY,-1,NONE,NONE
M0024583,TRUSTWORTHY,-1,NONE,NONE
M0024584,TRUSTWORTHY,-1,NONE,NONE
M0024585,SUSPICIOUS,-1,NONE,NONE
M0024586,MALICIOUS,-1,NONE,NONE
M0024587,TRUSTWORTHY,-1,NONE,NONE
M0024588,SUSPICIOUS,-1,NONE,NONE
M0024589,TRUSTWORTHY,-1,NONE,NONE
M0024590,TRUSTWORTHY,-1,NONE,NONE
M0024591,TRUSTWORTHY,-1,NONE,NONE
M0024592,MALICIOUS,-1,NONE,NONE
M0024593,TRUSTWORTHY,-1,NONE,NONE
M0024594,TRUSTWORTHY,-1,NONE,NONE
M0024595,SUSPICIOUS,-1,NONE,NONE
M0024596,SUSPICIOUS,-1,NONE,NONE
M0024597,TRUSTWORTHY,-1,NONE,NONE
M0024598,MALICIOUS,-1,NONE,NONE
M0024599,TRUSTWORTHY,-1,NONE,NONE
M0024600,TRUSTWORTHY,-1,NONE,NONE
M0024601,TRUSTWORTHY,-1,NONE,NONE
M0024602,TRUSTWORTHY,-1,NONE,NONE
M0024603,TRUSTWORTHY,-1,NONE,NONE
M0024604,TRUSTWORTHY,-1,NONE,NONE
M0024605,TRUSTWORTHY,-1,NONE,NONE
M0024606,TRUSTWORTHY,-1,NONE,NONE
M0024607,TRUSTWORTHY,-1,NONE,NONE
M0024608,TRUSTWORTHY,-1,NONE,NONE
M0024609,TRUSTWORTHY,-1,NONE,NONE
M0024610,TRUSTWORTHY,-1,NONE,NONE
M0024611,SUSPICIOUS,-1,NONE,NONE
M0024612,TRUSTWORTHY,-1,NONE,NONE
M0024613,TRUSTWORTHY,-1,NONE,NONE
M0024614,MALICIOUS,-1,NONE,NONE
M0024615,TRUSTWORTHY,-1,NONE,NONE
M0024616,TRUSTWORTHY,-1,NONE,NONE
M0024617,TRUSTWORTHY,-1,NONE,NONE
M0024618,TRUSTWORTHY,-1,NONE,NONE
M0024619,SUSPICIOUS,-1,NONE,NONE
M0024620,TRUSTWORTHY,-1,NONE,NONE
M0024621,TRUSTWORTHY,-1,NONE,NONE
M0024622,TRUSTWORTHY,-1,NONE,NONE
M0024623,TRUSTWORTHY,-1,NONE,NONE
M0024624,TRUSTWORTHY,-1,NONE,NONE
M0024625,TRUSTWORTHY,-1,NONE,NONE
M0024626,TRUSTWORTHY,-1,NONE,NONE
M0024627,TRUSTWORTHY,-1,NONE,NONE
M0024628,TRUSTWORTHY,-1,NONE,NONE
M0024629,TRUSTWORTHY,-1,NONE,NONE
M0024630,TRUSTWORTHY,-1,NONE,NONE
M0024631,SUSPICIOUS,-1,NONE,NONE
M0024632,MALICIOUS,-1,NONE,NONE
M0024633,TRUSTWORTHY,-1,NONE,NONE
M0024634,TRUSTWORTHY,-1,NONE,NONE
M0024635,TRUSTWORTHY,-1,NONE,NONE
M0024636,TRUSTWORTHY,-1,NONE,NONE
M0024637,SUSPICIOUS,-1,NONE,NONE
M0024638,TRUSTWORTHY,-1,NONE,NONE
M0024639,MALICIOUS,-1,NONE,NONE
M0024640,MALICIOUS,-1,NONE,NONE
M0024641,TRUSTWORTHY,-1,NONE,NONE
M0024642,TRUSTWORTHY,-1,NONE,NONE
M0024643,TRUSTWORTHY,-1,NONE,NONE
M0024644,TRUSTWORTHY,-1,NONE,NONE
M0024645,TRUSTWORTHY,-1,NONE,NONE
M0024646,TRUSTWORTHY,-1,NONE,NONE
M0024647,TRUSTWORTHY,-1,NONE,NONE
M0024648,SUSPICIOUS,-1,NONE,NONE
M0024649,TRUSTWORTHY,-1,NONE,NONE
M0024650,TRUSTWORTHY,-1,NONE,NONE
M0024651,TRUSTWORTHY,-1,NONE,NONE
M0024652,SUSPICIOUS,-1,NONE,NONE
M0024653,TRUSTWORTHY,-1,NONE,NONE
M0024654,MALICIOUS,-1,NONE,NONE
M0024655,TRUSTWORTHY,-1,NONE,NONE
M0024656,TRUSTWORTHY,-1,NONE,NONE
M0024657,TRUSTWORTHY,-1,NONE,NONE
M0024658,SUSPICIOUS,-1,NONE,NONE
M0024659,TRUSTWORTHY,-1,NONE,NONE
M0024660,SUSPICIOUS,-1,NONE,NONE
M0024661,SUSPICIOUS,-1,NONE,NONE
M0024662,TRUSTWORTHY,-1,NONE,NONE
M0024663,TRUSTWORTHY,-1,NONE,NONE
M0024664,TRUSTWORTHY,-1,NONE,NONE
M0024665,TRUSTWORTHY,-1,NONE,NONE
M0024666,TRUSTWORTHY,-1,NONE,NONE
M0024667,TRUSTWORTHY,-1,NONE,NONE
M0024668,TRUSTWORTHY,-1,NONE,NONE
M0024669,MALICIOUS,-1,NONE,NONE
M0024670,TRUSTWORTHY,-1,NONE,NONE
M0024671,TRUSTWORTHY,-1,NONE,NONE
M0024672,TRUSTWORTHY,-1,NONE,NONE
M0024673,TRUSTWORTHY,-1,NONE,NONE
M0024674,TRUSTWORTHY,-1,NONE,NONE
M0024675,TRUSTWORTHY,-1,NONE,NONE
M0024676,SUSPICIOUS,-1,NONE,NONE
M0024677,TRUSTWORTHY,-1,NONE,NONE
M0024678,TRUSTWORTHY,-1,NONE,NONE
M0024679,TRUSTWORTHY,-1,NONE,NONE
M0024680,MALICIOUS,-1,NONE,NONE
M0024681,TRUSTWORTHY,-1,NONE,NONE
M0024682,TRUSTWORTHY,-1,NONE,NONE
M0024683,MALICIOUS,-1,NONE,NONE
M0024684,SUSPICIOUS,-1,NONE,NONE
M0024685,SUSPICIOUS,-1,NONE,NONE
M0024686,SUSPICIOUS,-1,NONE,NONE
M0024687,TRUSTWORTHY,-1,NONE,NONE
M0024688,TRUSTWORTHY,-1,NONE,NONE
M0024689,TRUSTWORTHY,-1,NONE,NONE
M0024690,TRUSTWORTHY,-1,NONE,NONE
M0024691,TRUSTWORTHY,-1,NONE,NONE
M0024692,TRUSTWORTHY,-1,NONE,NONE
M0024693,TRUSTWORTHY,-1,NONE,NONE
M0024694,SUSPICIOUS,-1,NONE,NONE
M0024695,TRUSTWORTHY,-1,NONE,NONE
M0024696,TRUSTWORTHY,-1,NONE,NONE
M0024697,TRUSTWORTHY,-1,NONE,NONE
M0024698,SUSPICIOUS,-1,NONE,NONE
M0024699,TRUSTWORTHY,-1,NONE,NONE
M0024700,TRUSTWORTHY,-1,NONE,NONE
M0024701,TRUSTWORTHY,-1,NONE,NONE
M0024702,SUSPICIOUS,-1,NONE,NONE
M0024703,TRUSTWORTHY,-1,NONE,NONE
M0024704,MALICIOUS,-1,NONE,NONE
M0024705,MALICIOUS,-1,NONE,NONE
M0024706,TRUSTWORTHY,-1,NONE,NONE
M0024707,TRUSTWORTHY,-1,NONE,NONE
M0024708,TRUSTWORTHY,-1,NONE,NONE
M0024709,TRUSTWORTHY,-1,NONE,NONE
M0024710,MALICIOUS,-1,NONE,NONE
M0024711,TRUSTWORTHY,-1,NONE,NONE
M0024712,TRUSTWORTHY,-1,NONE,NONE
M0024713,TRUSTWORTHY,-1,NONE,NONE
M0024714,TRUSTWORTHY,-1,NONE,NONE
M0024715,SUSPICIOUS,-1,NONE,NONE
M0024716,SUSPICIOUS,-1,NONE,NONE
M0024717,TRUSTWORTHY,-1,NONE,NONE
M0024718,TRUSTWORTHY,-1,NONE,NONE
M0024719,TRUSTWORTHY,-1,NONE,NONE
M0024720,TRUSTWORTHY,-1,NONE,NONE
M0024721,TRUSTWORTHY,-1,NONE,NONE
M0024722,TRUSTWORTHY,-1,NONE,NONE
M0024723,SUSPICIOUS,-1,NONE,NONE
M0024724,MALICIOUS,-1,NONE,NONE
M0024725,TRUSTWORTHY,-1,NONE,NONE
M0024726,MALICIOUS,-1,NONE,NONE
M0024727,TRUSTWORTHY,-1,NONE,NONE
M0024728,TRUSTWORTHY,-1,NONE,NONE
M0024729,TRUSTWORTHY,-1,NONE,NONE
M0024730,TRUSTWORTHY,-1,NONE,NONE
M0024731,TRUSTWORTHY,-1,NONE,NONE
M0024732,TRUSTWORTHY,-1,NONE,NONE
M0024733,TRUSTWORTHY,-1,NONE,NONE
M0024734,SUSPICIOUS,-1,NONE,NONE
M0024735,TRUSTWORTHY,-1,NONE,NONE
M0024736,TRUSTWORTHY,-1,NONE,NONE
M0024737,TRUSTWORTHY,-1,NONE,NONE
M0024738,TRUSTWORTHY,-1,NONE,NONE
M0024739,TRUSTWORTHY,-1,NONE,NONE
M0024740,SUSPICIOUS,-1,NONE,NONE
M0024741,TRUSTWORTHY,-1,NONE,NONE
M0024742,TRUSTWORTHY,-1,NONE,NONE
M0024743,TRUSTWORTHY,-1,NONE,NONE
M0024744,TRUSTWORTHY,-1,NONE,NONE
M0024745,TRUSTWORTHY,-1,NONE,NONE
M0024746,TRUSTWORTHY,-1,NONE,NONE
M0024747,TRUSTWORTHY,-1,NONE,NONE
M0024748,TRUSTWORTHY,-1,NONE,NONE
M0024749,TRUSTWORTHY,-1,NONE,NONE
M0024750,TRUSTWORTHY,-1,NONE,NONE
M0024751,TRUSTWORTHY,-1,NONE,NONE
M0024752,TRUSTWORTHY,-1,NONE,NONE
M0024753,TRUSTWORTHY,-1,NONE,NONE
M0024754,TRUSTWORTHY,-1,NONE,NONE
M0024755,TRUSTWORTHY,-1,NONE,NONE
M0024756,TRUSTWORTHY,-1,NONE,NONE
M0024757,TRUSTWORTHY,-1,NONE,NONE
M0024758,MALICIOUS,-1,NONE,NONE
M0024759,TRUSTWORTHY,-1,NONE,NONE
M0024760,SUSPICIOUS,-1,NONE,NONE
M0024761,TRUSTWORTHY,-1,NONE,NONE
M0024762,TRUSTWORTHY,-1,NONE,NONE
M0024763,TRUSTWORTHY,-1,NONE,NONE
M0024764,TRUSTWORTHY,-1,NONE,NONE
M0024765,TRUSTWORTHY,-1,NONE,NONE
M0024766,TRUSTWORTHY,-1,NONE,NONE
M0024767,TRUSTWORTHY,-1,NONE,NONE
M0024768,TRUSTWORTHY,-1,NONE,NONE
M0024769,SUSPICIOUS,-1,NONE,NONE
M0024770,TRUSTWORTHY,-1,NONE,NONE
M0024771,TRUSTWORTHY,-1,NONE,NONE
M0024772,MALICIOUS,-1,NONE,NONE
M0024773,TRUSTWORTHY,-1,NONE,NONE
M0024774,TRUSTWORTHY,-1,NONE,NONE
M0024775,TRUSTWORTHY,-1,NONE,NONE
M0024776,TRUSTWORTHY,-1,NONE,NONE
M0024777,TRUSTWORTHY,-1,NONE,NONE
M0024778,SUSPICIOUS,-1,NONE,NONE
M0024779,TRUSTWORTHY,-1,NONE,NONE
M0024780,TRUSTWORTHY,-1,NONE,NONE
M0024781,TRUSTWORTHY,-1,NONE,NONE
M0024782,TRUSTWORTHY,-1,NONE,NONE
M0024783,SUSPICIOUS,-1,NONE,NONE
M0024784,MALICIOUS,-1,NONE,NONE
M0024785,TRUSTWORTHY,-1,NONE,NONE
M0024786,TRUSTWORTHY,-1,NONE,NONE
M0024787,TRUSTWORTHY,-1,NONE,NONE
M0024788,TRUSTWORTHY,-1,NONE,NONE
M0024789,SUSPICIOUS,-1,NONE,NONE
M0024790,TRUSTWORTHY,-1,NONE,NONE
M0024791,TRUSTWORTHY,-1,NONE,NONE
M0024792,TRUSTWORTHY,-1,NONE,NONE
M0024793,TRUSTWORTHY,-1,NONE,NONE
M0024794,TRUSTWORTHY,-1,NONE,NONE
M0024795,TRUSTWORTHY,-1,NONE,NONE
M0024796,TRUSTWORTHY,-1,NONE,NONE
M0024797,SUSPICIOUS,-1,NONE,NONE
M0024798,TRUSTWORTHY,-1,NONE,NONE
M0024799,TRUSTWORTHY,-1,NONE,NONE
M0024800,TRUSTWORTHY,-1,NONE,NONE
M0024801,TRUSTWORTHY,-1,NONE,NONE
M0024802,TRUSTWORTHY,-1,NONE,NONE
M0024803,TRUSTWORTHY,-1,NONE,NONE
M0024804,TRUSTWORTHY,-1,NONE,NONE
M0024805,TRUSTWORTHY,-1,NONE,NONE
M0024806,TRUSTWORTHY,-1,NONE,NONE
M0024807,TRUSTWORTHY,-1,NONE,NONE
M0024808,TRUSTWORTHY,-1,NONE,NONE
M0024809,TRUSTWORTHY,-1,NONE,NONE
M0024810,TRUSTWORTHY,-1,NONE,NONE
M0024811,TRUSTWORTHY,-1,NONE,NONE
M0024812,TRUSTWORTHY,-1,NONE,NONE
M0024813,TRUSTWORTHY,-1,NONE,NONE
M0024814,TRUSTWORTHY,-1,NONE,NONE
M0024815,TRUSTWORTHY,-1,NONE,NONE
M0024816,TRUSTWORTHY,-1,NONE,NONE
M0024817,SUSPICIOUS,-1,NONE,NONE
M0024818,TRUSTWORTHY,-1,NONE,NONE
M0024819,TRUSTWORTHY,-1,NONE,NONE
M0024820,TRUSTWORTHY,-1,NONE,NONE
M0024821,TRUSTWORTHY,-1,NONE,NONE
M0024822,SUSPICIOUS,-1,NONE,NONE
M0024823,TRUSTWORTHY,-1,NONE,NONE
M0024824,SUSPICIOUS,-1,NONE,NONE
M0024825,TRUSTWORTHY,-1,NONE,NONE
M0024826,SUSPICIOUS,-1,NONE,NONE
M0024827,SUSPICIOUS,-1,NONE,NONE
M0024828,SUSPICIOUS,-1,NONE,NONE
M0024829,TRUSTWORTHY,-1,NONE,NONE
M0024830,SUSPICIOUS,-1,NONE,NONE
M0024831,TRUSTWORTHY,-1,NONE,NONE
M0024832,TRUSTWORTHY,-1,NONE,NONE
M0024833,TRUSTWORTHY,-1,NONE,NONE
M0024834,TRUSTWORTHY,-1,NONE,NONE
M0024835,MALICIOUS,-1,NONE,NONE
M0024836,MALICIOUS,-1,NONE,NONE
M0024837,TRUSTWORTHY,-1,NONE,NONE
M0024838,TRUSTWORTHY,-1,NONE,NONE
M0024839,TRUSTWORTHY,-1,NONE,NONE
M0024840,TRUSTWORTHY,-1,NONE,NONE
M0024841,TRUSTWORTHY,-1,NONE,NONE
M0024842,MALICIOUS,-1,NONE,NONE
M0024843,TRUSTWORTHY,-1,NONE,NONE
M0024844,TRUSTWORTHY,-1,NONE,NONE
M0024845,TRUSTWORTHY,-1,NONE,NONE
M0024846,TRUSTWORTHY,-1,NONE,NONE
M0024847,TRUSTWORTHY,-1,NONE,NONE
M0024848,TRUSTWORTHY,-1,NONE,NONE
M0024849,TRUSTWORTHY,-1,NONE,NONE
M0024850,MALICIOUS,-1,NONE,NONE
M0024851,TRUSTWORTHY,-1,NONE,NONE
M0024852,TRUSTWORTHY,-1,NONE,NONE
M0024853,TRUSTWORTHY,-1,NONE,NONE
M0024854,MALICIOUS,-1,NONE,NONE
M0024855,TRUSTWORTHY,-1,NONE,NONE
M0024856,TRUSTWORTHY,-1,NONE,NONE
M0024857,TRUSTWORTHY,-1,NONE,NONE
M0024858,TRUSTWORTHY,-1,NONE,NONE
M0024859,MALICIOUS,-1,NONE,NONE
M0024860,MALICIOUS,-1,NONE,NONE
M0024861,SUSPICIOUS,-1,NONE,NONE
M0024862,TRUSTWORTHY,-1,NONE,NONE
M0024863,TRUSTWORTHY,-1,NONE,NONE
M0024864,TRUSTWORTHY,-1,NONE,NONE
M0024865,TRUSTWORTHY,-1,NONE,NONE
M0024866,TRUSTWORTHY,-1,NONE,NONE
M0024867,TRUSTWORTHY,-1,NONE,NONE
M0024868,TRUSTWORTHY,-1,NONE,NONE
M0024869,SUSPICIOUS,-1,NONE,NONE
M0024870,TRUSTWORTHY,-1,NONE,NONE
M0024871,SUSPICIOUS,-1,NONE,NONE
M0024872,TRUSTWORTHY,-1,NONE,NONE
M0024873,TRUSTWORTHY,-1,NONE,NONE
M0024874,TRUSTWORTHY,-1,NONE,NONE
M0024875,TRUSTWORTHY,-1,NONE,NONE
M0024876,TRUSTWORTHY,-1,NONE,NONE
M0024877,TRUSTWORTHY,-1,NONE,NONE
M0024878,TRUSTWORTHY,-1,NONE,NONE
M0024879,TRUSTWORTHY,-1,NONE,NONE
M0024880,SUSPICIOUS,-1,NONE,NONE
M0024881,TRUSTWORTHY,-1,NONE,NONE
M0024882,TRUSTWORTHY,-1,NONE,NONE
M0024883,TRUSTWORTHY,-1,NONE,NONE
M0024884,TRUSTWORTHY,-1,NONE,NONE
M0024885,TRUSTWORTHY,-1,NONE,NONE
M0024886,TRUSTWORTHY,-1,NONE,NONE
M0024887,TRUSTWORTHY,-1,NONE,NONE
M0024888,TRUSTWORTHY,-1,NONE,NONE
M0024889,MALICIOUS,-1,NONE,NONE
M0024890,TRUSTWORTHY,-1,NONE,NONE
M0024891,TRUSTWORTHY,-1,NONE,NONE
M0024892,TRUSTWORTHY,-1,NONE,NONE
M0024893,TRUSTWORTHY,-1,NONE,NONE
M0024894,TRUSTWORTHY,-1,NONE,NONE
M0024895,TRUSTWORTHY,-1,NONE,NONE
M0024896,SUSPICIOUS,-1,NONE,NONE
M0024897,TRUSTWORTHY,-1,NONE,NONE
M0024898,TRUSTWORTHY,-1,NONE,NONE
M0024899,TRUSTWORTHY,-1,NONE,NONE
M0024900,TRUSTWORTHY,-1,NONE,NONE
M0024901,MALICIOUS,-1,NONE,NONE
M0024902,TRUSTWORTHY,-1,NONE,NONE
M0024903,TRUSTWORTHY,-1,NONE,NONE
M0024904,MALICIOUS,-1,NONE,NONE
M0024905,SUSPICIOUS,-1,NONE,NONE
M0024906,TRUSTWORTHY,-1,NONE,NONE
M0024907,MALICIOUS,-1,NONE,NONE
M0024908,TRUSTWORTHY,-1,NONE,NONE
M0024909,SUSPICIOUS,-1,NONE,NONE
M0024910,TRUSTWORTHY,-1,NONE,NONE
M0024911,TRUSTWORTHY,-1,NONE,NONE
M0024912,SUSPICIOUS,-1,NONE,NONE
M0024913,MALICIOUS,-1,NONE,NONE
M0024914,TRUSTWORTHY,-1,NONE,NONE
M0024915,TRUSTWORTHY,-1,NONE,NONE
M0024916,TRUSTWORTHY,-1,NONE,NONE
M0024917,MALICIOUS,-1,NONE,NONE
M0024918,TRUSTWORTHY,-1,NONE,NONE
M0024919,TRUSTWORTHY,-1,NONE,NONE
M0024920,TRUSTWORTHY,-1,NONE,NONE
M0024921,TRUSTWORTHY,-1,NONE,NONE
M0024922,TRUSTWORTHY,-1,NONE,NONE
M0024923,TRUSTWORTHY,-1,NONE,NONE
M0024924,MALICIOUS,-1,NONE,NONE
M0024925,TRUSTWORTHY,-1,NONE,NONE
M0024926,TRUSTWORTHY,-1,NONE,NONE
M0024927,TRUSTWORTHY,-1,NONE,NONE
M0024928,SUSPICIOUS,-1,NONE,NONE
M0024929,TRUSTWORTHY,-1,NONE,NONE
M0024930,TRUSTWORTHY,-1,NONE,NONE
M0024931,TRUSTWORTHY,-1,NONE,NONE
M0024932,TRUSTWORTHY,-1,NONE,NONE
M0024933,SUSPICIOUS,-1,NONE,NONE
M0024934,MALICIOUS,-1,NONE,NONE
M0024935,TRUSTWORTHY,-1,NONE,NONE
M0024936,TRUSTWORTHY,-1,NONE,NONE
M0024937,TRUSTWORTHY,-1,NONE,NONE
M0024938,SUSPICIOUS,-1,NONE,NONE
M0024939,TRUSTWORTHY,-1,NONE,NONE
M0024940,TRUSTWORTHY,-1,NONE,NONE
M0024941,TRUSTWORTHY,-1,NONE,NONE
M0024942,TRUSTWORTHY,-1,NONE,NONE
M0024943,SUSPICIOUS,-1,NONE,NONE
M0024944,SUSPICIOUS,-1,NONE,NONE
M0024945,TRUSTWORTHY,-1,NONE,NONE
M0024946,TRUSTWORTHY,-1,NONE,NONE
M0024947,TRUSTWORTHY,-1,NONE,NONE
M0024948,TRUSTWORTHY,-1,NONE,NONE
M0024949,TRUSTWORTHY,-1,NONE,NONE
M0024950,TRUSTWORTHY,-1,NONE,NONE
M0024951,TRUSTWORTHY,-1,NONE,NONE
M0024952,TRUSTWORTHY,-1,NONE,NONE
M0024953,TRUSTWORTHY,-1,NONE,NONE
M0024954,TRUSTWORTHY,-1,NONE,NONE
M0024955,TRUSTWORTHY,-1,NONE,NONE
M0024956,TRUSTWORTHY,-1,NONE,NONE
M0024957,SUSPICIOUS,-1,NONE,NONE
M0024958,TRUSTWORTHY,-1,NONE,NONE
M0024959,MALICIOUS,-1,NONE,NONE
M0024960,TRUSTWORTHY,-1,NONE,NONE
M0024961,TRUSTWORTHY,-1,NONE,NONE
M0024962,TRUSTWORTHY,-1,NONE,NONE
M0024963,TRUSTWORTHY,-1,NONE,NONE
M0024964,TRUSTWORTHY,-1,NONE,NONE
M0024965,TRUSTWORTHY,-1,NONE,NONE
M0024966,TRUSTWORTHY,-1,NONE,NONE
M0024967,SUSPICIOUS,-1,NONE,NONE
M0024968,TRUSTWORTHY,-1,NONE,NONE
M0024969,MALICIOUS,-1,NONE,NONE
M0024970,TRUSTWORTHY,-1,NONE,NONE
M0024971,TRUSTWORTHY,-1,NONE,NONE
M0024972,TRUSTWORTHY,-1,NONE,NONE
M0024973,TRUSTWORTHY,-1,NONE,NONE
M0024974,TRUSTWORTHY,-1,NONE,NONE
M0024975,TRUSTWORTHY,-1,NONE,NONE
M0024976,SUSPICIOUS,-1,NONE,NONE
M0024977,TRUSTWORTHY,-1,NONE,NONE
M0024978,TRUSTWORTHY,-1,NONE,NONE
M0024979,TRUSTWORTHY,-1,NONE,NONE
M0024980,TRUSTWORTHY,-1,NONE,NONE
M0024981,MALICIOUS,-1,NONE,NONE
M0024982,TRUSTWORTHY,-1,NONE,NONE
M0024983,SUSPICIOUS,-1,NONE,NONE
M0024984,TRUSTWORTHY,-1,NONE,NONE
M0024985,SUSPICIOUS,-1,NONE,NONE
M0024986,TRUSTWORTHY,-1,NONE,NONE
M0024987,TRUSTWORTHY,-1,NONE,NONE
M0024988,TRUSTWORTHY,-1,NONE,NONE
M0024989,MALICIOUS,-1,NONE,NONE
M0024990,TRUSTWORTHY,-1,NONE,NONE
M0024991,TRUSTWORTHY,-1,NONE,NONE
M0024992,TRUSTWORTHY,-1,NONE,NONE
M0024993,TRUSTWORTHY,-1,NONE,NONE
M0024994,MALICIOUS,-1,NONE,NONE
M0024995,MALICIOUS,-1,NONE,NONE
M0024996,TRUSTWORTHY,-1,NONE,NONE
M0024997,SUSPICIOUS,-1,NONE,NONE
M0024998,TRUSTWORTHY,-1,NONE,NONE
M0024999,TRUSTWORTHY,-1,NONE,NONE
M0025000,TRUSTWORTHY,-1,NONE,NONE
M0025001,SUSPICIOUS,-1,NONE,NONE
M0025002,TRUSTWORTHY,-1,NONE,NONE
M0025003,TRUSTWORTHY,-1,NONE,NONE
M0025004,TRUSTWORTHY,-1,NONE,NONE
M0025005,TRUSTWORTHY,-1,NONE,NONE
M0025006,TRUSTWORTHY,-1,NONE,NONE
M0025007,TRUSTWORTHY,-1,NONE,NONE
M0025008,TRUSTWORTHY,-1,NONE,NONE
M0025009,TRUSTWORTHY,-1,NONE,NONE
M0025010,SUSPICIOUS,-1,NONE,NONE
M0025011,SUSPICIOUS,-1,NONE,NONE
M0025012,TRUSTWORTHY,-1,NONE,NONE
M0025013,TRUSTWORTHY,-1,NONE,NONE
M0025014,SUSPICIOUS,-1,NONE,NONE
M0025015,SUSPICIOUS,-1,NONE,NONE
M0025016,TRUSTWORTHY,-1,NONE,NONE
M0025017,TRUSTWORTHY,-1,NONE,NONE
M0025018,SUSPICIOUS,-1,NONE,NONE
M0025019,TRUSTWORTHY,-1,NONE,NONE
M0025020,TRUSTWORTHY,-1,NONE,NONE
M0025021,TRUSTWORTHY,-1,NONE,NONE
M0025022,TRUSTWORTHY,-1,NONE,NONE
M0025023,TRUSTWORTHY,-1,NONE,NONE
M0025024,TRUSTWORTHY,-1,NONE,NONE
M0025025,MALICIOUS,-1,NONE,NONE
M0025026,TRUSTWORTHY,-1,NONE,NONE
M0025027,TRUSTWORTHY,-1,NONE,NONE
M0025028,TRUSTWORTHY,-1,NONE,NONE
M0025029,TRUSTWORTHY,-1,NONE,NONE
M0025030,TRUSTWORTHY,-1,NONE,NONE
M0025031,TRUSTWORTHY,-1,NONE,NONE
M0025032,TRUSTWORTHY,-1,NONE,NONE
M0025033,SUSPICIOUS,-1,NONE,NONE
M0025034,TRUSTWORTHY,-1,NONE,NONE
M0025035,TRUSTWORTHY,-1,NONE,NONE
M0025036,TRUSTWORTHY,-1,NONE,NONE
M0025037,SUSPICIOUS,-1,NONE,NONE
M0025038,TRUSTWORTHY,-1,NONE,NONE
M0025039,TRUSTWORTHY,-1,NONE,NONE
M0025040,TRUSTWORTHY,-1,NONE,NONE
M0025041,TRUSTWORTHY,-1,NONE,NONE
M0025042,TRUSTWORTHY,-1,NONE,NONE
M0025043,TRUSTWORTHY,-1,NONE,NONE
M0025044,TRUSTWORTHY,-1,NONE,NONE
M0025045,SUSPICIOUS,-1,NONE,NONE
M0025046,TRUSTWORTHY,-1,NONE,NONE
M0025047,MALICIOUS,-1,NONE,NONE
M0025048,MALICIOUS,-1,NONE,NONE
M0025049,TRUSTWORTHY,-1,NONE,NONE
M0025050,TRUSTWORTHY,-1,NONE,NONE
M0025051,TRUSTWORTHY,-1,NONE,NONE
M0025052,TRUSTWORTHY,-1,NONE,NONE
M0025053,TRUSTWORTHY,-1,NONE,NONE
M0025054,TRUSTWORTHY,-1,NONE,NONE
M0025055,TRUSTWORTHY,-1,NONE,NONE
M0025056,TRUSTWORTHY,-1,NONE,NONE
M0025057,TRUSTWORTHY,-1,NONE,NONE
M0025058,SUSPICIOUS,-1,NONE,NONE
M0025059,MALICIOUS,-1,NONE,NONE
M0025060,TRUSTWORTHY,-1,NONE,NONE
M0025061,TRUSTWORTHY,-1,NONE,NONE
M0025062,TRUSTWORTHY,-1,NONE,NONE
M0025063,TRUSTWORTHY,-1,NONE,NONE
M0025064,TRUSTWORTHY,-1,NONE,NONE
M0025065,TRUSTWORTHY,-1,NONE,NONE
M0025066,TRUSTWORTHY,-1,NONE,NONE
M0025067,MALICIOUS,-1,NONE,NONE
M0025068,MALICIOUS,-1,NONE,NONE
M0025069,TRUSTWORTHY,-1,NONE,NONE
M0025070,TRUSTWORTHY,-1,NONE,NONE
M0025071,TRUSTWORTHY,-1,NONE,NONE
M0025072,SUSPICIOUS,-1,NONE,NONE
M0025073,TRUSTWORTHY,-1,NONE,NONE
M0025074,TRUSTWORTHY,-1,NONE,NONE
M0025075,TRUSTWORTHY,-1,NONE,NONE
M0025076,MALICIOUS,-1,NONE,NONE
M0025077,TRUSTWORTHY,-1,NONE,NONE
M0025078,TRUSTWORTHY,-1,NONE,NONE
M0025079,TRUSTWORTHY,-1,NONE,NONE
M0025080,MALICIOUS,-1,NONE,NONE
M0025081,MALICIOUS,-1,NONE,NONE
M0025082,SUSPICIOUS,-1,NONE,NONE
M0025083,SUSPICIOUS,-1,NONE,NONE
M0025084,TRUSTWORTHY,-1,NONE,NONE
M0025085,TRUSTWORTHY,-1,NONE,NONE
M0025086,TRUSTWORTHY,-1,NONE,NONE
M0025087,TRUSTWORTHY,-1,NONE,NONE
M0025088,TRUSTWORTHY,-1,NONE,NONE
M0025089,MALICIOUS,-1,NONE,NONE
M0025090,MALICIOUS,-1,NONE,NONE
M0025091,TRUSTWORTHY,-1,NONE,NONE
M0025092,TRUSTWORTHY,-1,NONE,NONE
M0025093,SUSPICIOUS,-1,NONE,NONE
M0025094,MALICIOUS,-1,NONE,NONE
M0025095,TRUSTWORTHY,-1,NONE,NONE
M0025096,TRUSTWORTHY,-1,NONE,NONE
M0025097,TRUSTWORTHY,-1,NONE,NONE
M0025098,TRUSTWORTHY,-1,NONE,NONE
M0025099,TRUSTWORTHY,-1,NONE,NONE
M0025100,TRUSTWORTHY,-1,NONE,NONE
M0025101,MALICIOUS,-1,NONE,NONE
M0025102,SUSPICIOUS,-1,NONE,NONE
M0025103,TRUSTWORTHY,-1,NONE,NONE
M0025104,TRUSTWORTHY,-1,NONE,NONE
M0025105,TRUSTWORTHY,-1,NONE,NONE
M0025106,TRUSTWORTHY,-1,NONE,NONE
M0025107,TRUSTWORTHY,-1,NONE,NONE
M0025108,TRUSTWORTHY,-1,NONE,NONE
M0025109,SUSPICIOUS,-1,NONE,NONE
M0025110,TRUSTWORTHY,-1,NONE,NONE
M0025111,MALICIOUS,-1,NONE,NONE
M0025112,TRUSTWORTHY,-1,NONE,NONE
M0025113,TRUSTWORTHY,-1,NONE,NONE
M0025114,TRUSTWORTHY,-1,NONE,NONE
M0025115,TRUSTWORTHY,-1,NONE,NONE
M0025116,TRUSTWORTHY,-1,NONE,NONE
M0025117,TRUSTWORTHY,-1,NONE,NONE
M0025118,SUSPICIOUS,-1,NONE,NONE
M0025119,TRUSTWORTHY,-1,NONE,NONE
M0025120,TRUSTWORTHY,-1,NONE,NONE
M0025121,TRUSTWORTHY,-1,NONE,NONE
M0025122,TRUSTWORTHY,-1,NONE,NONE
M0025123,SUSPICIOUS,-1,NONE,NONE
M0025124,MALICIOUS,-1,NONE,NONE
M0025125,SUSPICIOUS,-1,NONE,NONE
M0025126,TRUSTWORTHY,-1,NONE,NONE
M0025127,TRUSTWORTHY,-1,NONE,NONE
M0025128,TRUSTWORTHY,-1,NONE,NONE
M0025129,SUSPICIOUS,-1,NONE,NONE
M0025130,TRUSTWORTHY,-1,NONE,NONE
M0025131,TRUSTWORTHY,-1,NONE,NONE
M0025132,TRUSTWORTHY,-1,NONE,NONE
M0025133,TRUSTWORTHY,-1,NONE,NONE
M0025134,TRUSTWORTHY,-1,NONE,NONE
M0025135,MALICIOUS,-1,NONE,NONE
M0025136,TRUSTWORTHY,-1,NONE,NONE
M0025137,MALICIOUS,-1,NONE,NONE
M0025138,TRUSTWORTHY,-1,NONE,NONE
M0025139,TRUSTWORTHY,-1,NONE,NONE
M0025140,TRUSTWORTHY,-1,NONE,NONE
M0025141,TRUSTWORTHY,-1,NONE,NONE
M0025142,SUSPICIOUS,-1,NONE,NONE
M0025143,TRUSTWORTHY,-1,NONE,NONE
M0025144,SUSPICIOUS,-1,NONE,NONE
M0025145,SUSPICIOUS,-1,NONE,NONE
M0025146,SUSPICIOUS,-1,NONE,NONE
M0025147,TRUSTWORTHY,-1,NONE,NONE
M0025148,SUSPICIOUS,-1,NONE,NONE
M0025149,TRUSTWORTHY,-1,NONE,NONE
M0025150,SUSPICIOUS,-1,NONE,NONE
M0025151,TRUSTWORTHY,-1,NONE,NONE
M0025152,TRUSTWORTHY,-1,NONE,NONE
M0025153,MALICIOUS,-1,NONE,NONE
M0025154,TRUSTWORTHY,-1,NONE,NONE
M0025155,TRUSTWORTHY,-1,NONE,NONE
M0025156,TRUSTWORTHY,-1,NONE,NONE
M0025157,TRUSTWORTHY,-1,NONE,NONE
M0025158,TRUSTWORTHY,-1,NONE,NONE
M0025159,TRUSTWORTHY,-1,NONE,NONE
M0025160,TRUSTWORTHY,-1,NONE,NONE
M0025161,MALICIOUS,-1,NONE,NONE
M0025162,TRUSTWORTHY,-1,NONE,NONE
M0025163,SUSPICIOUS,-1,NONE,NONE
M0025164,TRUSTWORTHY,-1,NONE,NONE
M0025165,TRUSTWORTHY,-1,NONE,NONE
M0025166,MALICIOUS,-1,NONE,NONE
M0025167,TRUSTWORTHY,-1,NONE,NONE
M0025168,MALICIOUS,-1,NONE,NONE
M0025169,TRUSTWORTHY,-1,NONE,NONE
M0025170,TRUSTWORTHY,-1,NONE,NONE
M0025171,TRUSTWORTHY,-1,NONE,NONE
M0025172,TRUSTWORTHY,-1,NONE,NONE
M0025173,TRUSTWORTHY,-1,NONE,NONE
M0025174,TRUSTWORTHY,-1,NONE,NONE
M0025175,SUSPICIOUS,-1,NONE,NONE
M0025176,TRUSTWORTHY,-1,NONE,NONE
M0025177,TRUSTWORTHY,-1,NONE,NONE
M0025178,TRUSTWORTHY,-1,NONE,NONE
M0025179,TRUSTWORTHY,-1,NONE,NONE
M0025180,TRUSTWORTHY,-1,NONE,NONE
M0025181,SUSPICIOUS,-1,NONE,NONE
M0025182,TRUSTWORTHY,-1,NONE,NONE
M0025183,TRUSTWORTHY,-1,NONE,NONE
M0025184,TRUSTWORTHY,-1,NONE,NONE
M0025185,TRUSTWORTHY,-1,NONE,NONE
M0025186,TRUSTWORTHY,-1,NONE,NONE
M0025187,TRUSTWORTHY,-1,NONE,NONE
M0025188,SUSPICIOUS,-1,NONE,NONE
M0025189,TRUSTWORTHY,-1,NONE,NONE
M0025190,TRUSTWORTHY,-1,NONE,NONE
M0025191,TRUSTWORTHY,-1,NONE,NONE
M0025192,TRUSTWORTHY,-1,NONE,NONE
M0025193,TRUSTWORTHY,-1,NONE,NONE
M0025194,MALICIOUS,-1,NONE,NONE
M0025195,TRUSTWORTHY,-1,NONE,NONE
M0025196,TRUSTWORTHY,-1,NONE,NONE
M0025197,MALICIOUS,-1,NONE,NONE
M0025198,TRUSTWORTHY,-1,NONE,NONE
M0025199,TRUSTWORTHY,-1,NONE,NONE
M0025200,TRUSTWORTHY,-1,NONE,NONE
M0025201,SUSPICIOUS,-1,NONE,NONE
M0025202,TRUSTWORTHY,-1,NONE,NONE
M0025203,TRUSTWORTHY,-1,NONE,NONE
M0025204,TRUSTWORTHY,-1,NONE,NONE
M0025205,TRUSTWORTHY,-1,NONE,NONE
M0025206,SUSPICIOUS,-1,NONE,NONE
M0025207,TRUSTWORTHY,-1,NONE,NONE
M0025208,TRUSTWORTHY,-1,NONE,NONE
M0025209,TRUSTWORTHY,-1,NONE,NONE
M0025210,TRUSTWORTHY,-1,NONE,NONE
M0025211,TRUSTWORTHY,-1,NONE,NONE
M0025212,TRUSTWORTHY,-1,NONE,NONE
M0025213,TRUSTWORTHY,-1,NONE,NONE
M0025214,TRUSTWORTHY,-1,NONE,NONE
M0025215,TRUSTWORTHY,-1,NONE,NONE
M0025216,TRUSTWORTHY,-1,NONE,NONE
M0025217,TRUSTWORTHY,-1,NONE,NONE
M0025218,MALICIOUS,-1,NONE,NONE
M0025219,SUSPICIOUS,-1,NONE,NONE
M0025220,TRUSTWORTHY,-1,NONE,NONE
M0025221,TRUSTWORTHY,-1,NONE,NONE
M0025222,MALICIOUS,-1,NONE,NONE
M0025223,TRUSTWORTHY,-1,NONE,NONE
M0025224,TRUSTWORTHY,-1,NONE,NONE
M0025225,SUSPICIOUS,-1,NONE,NONE
M0025226,TRUSTWORTHY,-1,NONE,NONE
M0025227,SUSPICIOUS,-1,NONE,NONE
M0025228,TRUSTWORTHY,-1,NONE,NONE
M0025229,TRUSTWORTHY,-1,NONE,NONE
M0025230,TRUSTWORTHY,-1,NONE,NONE
M0025231,SUSPICIOUS,-1,NONE,NONE
M0025232,TRUSTWORTHY,-1,NONE,NONE
M0025233,TRUSTWORTHY,-1,NONE,NONE
M0025234,TRUSTWORTHY,-1,NONE,NONE
M0025235,MALICIOUS,-1,NONE,NONE
M0025236,TRUSTWORTHY,-1,NONE,NONE
M0025237,TRUSTWORTHY,-1,NONE,NONE
M0025238,TRUSTWORTHY,-1,NONE,NONE
M0025239,TRUSTWORTHY,-1,NONE,NONE
M0025240,TRUSTWORTHY,-1,NONE,NONE
M0025241,TRUSTWORTHY,-1,NONE,NONE
M0025242,TRUSTWORTHY,-1,NONE,NONE
M0025243,TRUSTWORTHY,-1,NONE,NONE
M0025244,TRUSTWORTHY,-1,NONE,NONE
M0025245,TRUSTWORTHY,-1,NONE,NONE
M0025246,TRUSTWORTHY,-1,NONE,NONE
M0025247,TRUSTWORTHY,-1,NONE,NONE
M0025248,TRUSTWORTHY,-1,NONE,NONE
M0025249,TRUSTWORTHY,-1,NONE,NONE
M0025250,TRUSTWORTHY,-1,NONE,NONE
M0025251,MALICIOUS,-1,NONE,NONE
M0025252,TRUSTWORTHY,-1,NONE,NONE
M0025253,TRUSTWORTHY,-1,NONE,NONE
M0025254,TRUSTWORTHY,-1,NONE,NONE
M0025255,TRUSTWORTHY,-1,NONE,NONE
M0025256,TRUSTWORTHY,-1,NONE,NONE
M0025257,TRUSTWORTHY,-1,NONE,NONE
M0025258,TRUSTWORTHY,-1,NONE,NONE
M0025259,SUSPICIOUS,-1,NONE,NONE
M0025260,SUSPICIOUS,-1,NONE,NONE
M0025261,SUSPICIOUS,-1,NONE,NONE
M0025262,TRUSTWORTHY,-1,NONE,NONE
M0025263,TRUSTWORTHY,-1,NONE,NONE
M0025264,TRUSTWORTHY,-1,NONE,NONE
M0025265,TRUSTWORTHY,-1,NONE,NONE
M0025266,TRUSTWORTHY,-1,NONE,NONE
M0025267,MALICIOUS,-1,NONE,NONE
M0025268,MALICIOUS,-1,NONE,NONE
M0025269,TRUSTWORTHY,-1,NONE,NONE
M0025270,TRUSTWORTHY,-1,NONE,NONE
M0025271,TRUSTWORTHY,-1,NONE,NONE
M0025272,TRUSTWORTHY,-1,NONE,NONE
M0025273,TRUSTWORTHY,-1,NONE,NONE
M0025274,TRUSTWORTHY,-1,NONE,NONE
M0025275,TRUSTWORTHY,-1,NONE,NONE
M0025276,TRUSTWORTHY,-1,NONE,NONE
M0025277,TRUSTWORTHY,-1,NONE,NONE
M0025278,MALICIOUS,-1,NONE,NONE
M0025279,TRUSTWORTHY,-1,NONE,NONE
M0025280,TRUSTWORTHY,-1,NONE,NONE
M0025281,TRUSTWORTHY,-1,NONE,NONE
M0025282,TRUSTWORTHY,-1,NONE,NONE
M0025283,TRUSTWORTHY,-1,NONE,NONE
M0025284,TRUSTWORTHY,-1,NONE,NONE
M0025285,TRUSTWORTHY,-1,NONE,NONE
M0025286,TRUSTWORTHY,-1,NONE,NONE
M0025287,TRUSTWORTHY,-1,NONE,NONE
M0025288,TRUSTWORTHY,-1,NONE,NONE
M0025289,TRUSTWORTHY,-1,NONE,NONE
M0025290,TRUSTWORTHY,-1,NONE,NONE
M0025291,TRUSTWORTHY,-1,NONE,NONE
M0025292,TRUSTWORTHY,-1,NONE,NONE
M0025293,TRUSTWORTHY,-1,NONE,NONE
M0025294,TRUSTWORTHY,-1,NONE,NONE
M0025295,SUSPICIOUS,-1,NONE,NONE
M0025296,TRUSTWORTHY,-1,NONE,NONE
M0025297,MALICIOUS,-1,NONE,NONE
M0025298,TRUSTWORTHY,-1,NONE,NONE
M0025299,TRUSTWORTHY,-1,NONE,NONE
M0025300,TRUSTWORTHY,-1,NONE,NONE
M0025301,TRUSTWORTHY,-1,NONE,NONE
M0025302,MALICIOUS,-1,NONE,NONE
M0025303,MALICIOUS,-1,NONE,NONE
M0025304,TRUSTWORTHY,-1,NONE,NONE
M0025305,TRUSTWORTHY,-1,NONE,NONE
M0025306,TRUSTWORTHY,-1,NONE,NONE
M0025307,TRUSTWORTHY,-1,NONE,NONE
M0025308,TRUSTWORTHY,-1,NONE,NONE
M0025309,TRUSTWORTHY,-1,NONE,NONE
M0025310,TRUSTWORTHY,-1,NONE,NONE
M0025311,MALICIOUS,-1,NONE,NONE
M0025312,TRUSTWORTHY,-1,NONE,NONE
M0025313,TRUSTWORTHY,-1,NONE,NONE
M0025314,TRUSTWORTHY,-1,NONE,NONE
M0025315,TRUSTWORTHY,-1,NONE,NONE
M0025316,TRUSTWORTHY,-1,NONE,NONE
M0025317,TRUSTWORTHY,-1,NONE,NONE
M0025318,TRUSTWORTHY,-1,NONE,NONE
M0025319,TRUSTWORTHY,-1,NONE,NONE
M0025320,SUSPICIOUS,-1,NONE,NONE
M0025321,TRUSTWORTHY,-1,NONE,NONE
M0025322,TRUSTWORTHY,-1,NONE,NONE
M0025323,TRUSTWORTHY,-1,NONE,NONE
M0025324,TRUSTWORTHY,-1,NONE,NONE
M0025325,TRUSTWORTHY,-1,NONE,NONE
M0025326,TRUSTWORTHY,-1,NONE,NONE
M0025327,TRUSTWORTHY,-1,NONE,NONE
M0025328,SUSPICIOUS,-1,NONE,NONE
M0025329,TRUSTWORTHY,-1,NONE,NONE
M0025330,TRUSTWORTHY,-1,NONE,NONE
M0025331,TRUSTWORTHY,-1,NONE,NONE
M0025332,TRUSTWORTHY,-1,NONE,NONE
M0025333,SUSPICIOUS,-1,NONE,NONE
M0025334,TRUSTWORTHY,-1,NONE,NONE
M0025335,MALICIOUS,-1,NONE,NONE
M0025336,SUSPICIOUS,-1,NONE,NONE
M0025337,TRUSTWORTHY,-1,NONE,NONE
M0025338,SUSPICIOUS,-1,NONE,NONE
M0025339,TRUSTWORTHY,-1,NONE,NONE
M0025340,MALICIOUS,-1,NONE,NONE
M0025341,SUSPICIOUS,-1,NONE,NONE
M0025342,TRUSTWORTHY,-1,NONE,NONE
M0025343,TRUSTWORTHY,-1,NONE,NONE
M0025344,TRUSTWORTHY,-1,NONE,NONE
M0025345,TRUSTWORTHY,-1,NONE,NONE
M0025346,SUSPICIOUS,-1,NONE,NONE
M0025347,TRUSTWORTHY,-1,NONE,NONE
M0025348,TRUSTWORTHY,-1,NONE,NONE
M0025349,TRUSTWORTHY,-1,NONE,NONE
M0025350,TRUSTWORTHY,-1,NONE,NONE
M0025351,SUSPICIOUS,-1,NONE,NONE
M0025352,SUSPICIOUS,-1,NONE,NONE
M0025353,TRUSTWORTHY,-1,NONE,NONE
M0025354,TRUSTWORTHY,-1,NONE,NONE
M0025355,TRUSTWORTHY,-1,NONE,NONE
M0025356,TRUSTWORTHY,-1,NONE,NONE
M0025357,TRUSTWORTHY,-1,NONE,NONE
M0025358,TRUSTWORTHY,-1,NONE,NONE
M0025359,TRUSTWORTHY,-1,NONE,NONE
M0025360,MALICIOUS,-1,NONE,NONE
M0025361,MALICIOUS,-1,NONE,NONE
M0025362,TRUSTWORTHY,-1,NONE,NONE
M0025363,TRUSTWORTHY,-1,NONE,NONE
M0025364,TRUSTWORTHY,-1,NONE,NONE
M0025365,TRUSTWORTHY,-1,NONE,NONE
M0025366,TRUSTWORTHY,-1,NONE,NONE
M0025367,TRUSTWORTHY,-1,NONE,NONE
M0025368,TRUSTWORTHY,-1,NONE,NONE
M0025369,MALICIOUS,-1,NONE,NONE
M0025370,TRUSTWORTHY,-1,NONE,NONE
M0025371,TRUSTWORTHY,-1,NONE,NONE
M0025372,TRUSTWORTHY,-1,NONE,NONE
M0025373,TRUSTWORTHY,-1,NONE,NONE
M0025374,TRUSTWORTHY,-1,NONE,NONE
M0025375,TRUSTWORTHY,-1,NONE,NONE
M0025376,TRUSTWORTHY,-1,NONE,NONE
M0025377,SUSPICIOUS,-1,NONE,NONE
M0025378,TRUSTWORTHY,-1,NONE,NONE
M0025379,TRUSTWORTHY,-1,NONE,NONE
M0025380,MALICIOUS,-1,NONE,NONE
M0025381,TRUSTWORTHY,-1,NONE,NONE
M0025382,TRUSTWORTHY,-1,NONE,NONE
M0025383,TRUSTWORTHY,-1,NONE,NONE
M0025384,TRUSTWORTHY,-1,NONE,NONE
M0025385,TRUSTWORTHY,-1,NONE,NONE
M0025386,SUSPICIOUS,-1,NONE,NONE
M0025387,TRUSTWORTHY,-1,NONE,NONE
M0025388,TRUSTWORTHY,-1,NONE,NONE
M0025389,MALICIOUS,-1,NONE,NONE
M0025390,SUSPICIOUS,-1,NONE,NONE
M0025391,TRUSTWORTHY,-1,NONE,NONE
M0025392,TRUSTWORTHY,-1,NONE,NONE
M0025393,TRUSTWORTHY,-1,NONE,NONE
M0025394,MALICIOUS,-1,NONE,NONE
M0025395,TRUSTWORTHY,-1,NONE,NONE
M0025396,TRUSTWORTHY,-1,NONE,NONE
M0025397,TRUSTWORTHY,-1,NONE,NONE
M0025398,TRUSTWORTHY,-1,NONE,NONE
M0025399,TRUSTWORTHY,-1,NONE,NONE
M0025400,TRUSTWORTHY,-1,NONE,NONE
M0025401,MALICIOUS,-1,NONE,NONE
M0025402,TRUSTWORTHY,-1,NONE,NONE
M0025403,TRUSTWORTHY,-1,NONE,NONE
M0025404,SUSPICIOUS,-1,NONE,NONE
M0025405,TRUSTWORTHY,-1,NONE,NONE
M0025406,TRUSTWORTHY,-1,NONE,NONE
M0025407,MALICIOUS,-1,NONE,NONE
M0025408,TRUSTWORTHY,-1,NONE,NONE
M0025409,TRUSTWORTHY,-1,NONE,NONE
M0025410,TRUSTWORTHY,-1,NONE,NONE
M0025411,TRUSTWORTHY,-1,NONE,NONE
M0025412,SUSPICIOUS,-1,NONE,NONE
M0025413,TRUSTWORTHY,-1,NONE,NONE
M0025414,TRUSTWORTHY,-1,NONE,NONE
M0025415,TRUSTWORTHY,-1,NONE,NONE
M0025416,TRUSTWORTHY,-1,NONE,NONE
M0025417,TRUSTWORTHY,-1,NONE,NONE
M0025418,TRUSTWORTHY,-1,NONE,NONE
M0025419,TRUSTWORTHY,-1,NONE,NONE
M0025420,TRUSTWORTHY,-1,NONE,NONE
M0025421,TRUSTWORTHY,-1,NONE,NONE
M0025422,TRUSTWORTHY,-1,NONE,NONE
M0025423,TRUSTWORTHY,-1,NONE,NONE
M0025424,TRUSTWORTHY,-1,NONE,NONE
M0025425,TRUSTWORTHY,-1,NONE,NONE
M0025426,TRUSTWORTHY,-1,NONE,NONE
M0025427,TRUSTWORTHY,-1,NONE,NONE
M0025428,TRUSTWORTHY,-1,NONE,NONE
M0025429,TRUSTWORTHY,-1,NONE,NONE
M0025430,TRUSTWORTHY,-1,NONE,NONE
M0025431,TRUSTWORTHY,-1,NONE,NONE
M0025432,TRUSTWORTHY,-1,NONE,NONE
M0025433,TRUSTWORTHY,-1,NONE,NONE
M0025434,MALICIOUS,-1,NONE,NONE
M0025435,SUSPICIOUS,-1,NONE,NONE
M0025436,TRUSTWORTHY,-1,NONE,NONE
M0025437,TRUSTWORTHY,-1,NONE,NONE
M0025438,MALICIOUS,-1,NONE,NONE
M0025439,TRUSTWORTHY,-1,NONE,NONE
M0025440,MALICIOUS,-1,NONE,NONE
M0025441,TRUSTWORTHY,-1,NONE,NONE
M0025442,MALICIOUS,-1,NONE,NONE
M0025443,TRUSTWORTHY,-1,NONE,NONE
M0025444,SUSPICIOUS,-1,NONE,NONE
M0025445,SUSPICIOUS,-1,NONE,NONE
M0025446,TRUSTWORTHY,-1,NONE,NONE
M0025447,TRUSTWORTHY,-1,NONE,NONE
M0025448,TRUSTWORTHY,-1,NONE,NONE
M0025449,TRUSTWORTHY,-1,NONE,NONE
M0025450,SUSPICIOUS,-1,NONE,NONE
M0025451,TRUSTWORTHY,-1,NONE,NONE
M0025452,SUSPICIOUS,-1,NONE,NONE
M0025453,TRUSTWORTHY,-1,NONE,NONE
M0025454,TRUSTWORTHY,-1,NONE,NONE
M0025455,TRUSTWORTHY,-1,NONE,NONE
M0025456,TRUSTWORTHY,-1,NONE,NONE
M0025457,TRUSTWORTHY,-1,NONE,NONE
M0025458,TRUSTWORTHY,-1,NONE,NONE
M0025459,TRUSTWORTHY,-1,NONE,NONE
M0025460,TRUSTWORTHY,-1,NONE,NONE
M0025461,TRUSTWORTHY,-1,NONE,NONE
M0025462,SUSPICIOUS,-1,NONE,NONE
M0025463,TRUSTWORTHY,-1,NONE,NONE
M0025464,TRUSTWORTHY,-1,NONE,NONE
M0025465,TRUSTWORTHY,-1,NONE,NONE
M0025466,TRUSTWORTHY,-1,NONE,NONE
M0025467,TRUSTWORTHY,-1,NONE,NONE
M0025468,TRUSTWORTHY,-1,NONE,NONE
M0025469,TRUSTWORTHY,-1,NONE,NONE
M0025470,TRUSTWORTHY,-1,NONE,NONE
M0025471,TRUSTWORTHY,-1,NONE,NONE
M0025472,TRUSTWORTHY,-1,NONE,NONE
M0025473,TRUSTWORTHY,-1,NONE,NONE
M0025474,TRUSTWORTHY,-1,NONE,NONE
M0025475,TRUSTWORTHY,-1,NONE,NONE
M0025476,TRUSTWORTHY,-1,NONE,NONE
M0025477,TRUSTWORTHY,-1,NONE,NONE
M0025478,TRUSTWORTHY,-1,NONE,NONE
M0025479,TRUSTWORTHY,-1,NONE,NONE
M0025480,TRUSTWORTHY,-1,NONE,NONE
M0025481,MALICIOUS,-1,NONE,NONE
M0025482,TRUSTWORTHY,-1,NONE,NONE
M0025483,TRUSTWORTHY,-1,NONE,NONE
M0025484,SUSPICIOUS,-1,NONE,NONE
M0025485,SUSPICIOUS,-1,NONE,NONE
M0025486,TRUSTWORTHY,-1,NONE,NONE
M0025487,TRUSTWORTHY,-1,NONE,NONE
M0025488,TRUSTWORTHY,-1,NONE,NONE
M0025489,TRUSTWORTHY,-1,NONE,NONE
M0025490,TRUSTWORTHY,-1,NONE,NONE
M0025491,TRUSTWORTHY,-1,NONE,NONE
M0025492,TRUSTWORTHY,-1,NONE,NONE
M0025493,SUSPICIOUS,-1,NONE,NONE
M0025494,TRUSTWORTHY,-1,NONE,NONE
M0025495,TRUSTWORTHY,-1,NONE,NONE
M0025496,SUSPICIOUS,-1,NONE,NONE
M0025497,TRUSTWORTHY,-1,NONE,NONE
M0025498,TRUSTWORTHY,-1,NONE,NONE
M0025499,TRUSTWORTHY,-1,NONE,NONE
M0025500,TRUSTWORTHY,-1,NONE,NONE
M0025501,TRUSTWORTHY,-1,NONE,NONE
M0025502,SUSPICIOUS,-1,NONE,NONE
M0025503,TRUSTWORTHY,-1,NONE,NONE
M0025504,MALICIOUS,-1,NONE,NONE
M0025505,TRUSTWORTHY,-1,NONE,NONE
M0025506,MALICIOUS,-1,NONE,NONE
M0025507,MALICIOUS,-1,NONE,NONE
M0025508,TRUSTWORTHY,-1,NONE,NONE
M0025509,MALICIOUS,-1,NONE,NONE
M0025510,TRUSTWORTHY,-1,NONE,NONE
M0025511,TRUSTWORTHY,-1,NONE,NONE
M0025512,TRUSTWORTHY,-1,NONE,NONE
M0025513,TRUSTWORTHY,-1,NONE,NONE
M0025514,MALICIOUS,-1,NONE,NONE
M0025515,SUSPICIOUS,-1,NONE,NONE
M0025516,TRUSTWORTHY,-1,NONE,NONE
M0025517,TRUSTWORTHY,-1,NONE,NONE
M0025518,TRUSTWORTHY,-1,NONE,NONE
M0025519,SUSPICIOUS,-1,NONE,NONE
M0025520,SUSPICIOUS,-1,NONE,NONE
M0025521,SUSPICIOUS,-1,NONE,NONE
M0025522,TRUSTWORTHY,-1,NONE,NONE
M0025523,TRUSTWORTHY,-1,NONE,NONE
M0025524,TRUSTWORTHY,-1,NONE,NONE
M0025525,TRUSTWORTHY,-1,NONE,NONE
M0025526,TRUSTWORTHY,-1,NONE,NONE
M0025527,TRUSTWORTHY,-1,NONE,NONE
M0025528,TRUSTWORTHY,-1,NONE,NONE
M0025529,TRUSTWORTHY,-1,NONE,NONE
M0025530,TRUSTWORTHY,-1,NONE,NONE
M0025531,MALICIOUS,-1,NONE,NONE
M0025532,TRUSTWORTHY,-1,NONE,NONE
M0025533,MALICIOUS,-1,NONE,NONE
M0025534,MALICIOUS,-1,NONE,NONE
M0025535,TRUSTWORTHY,-1,NONE,NONE
M0025536,TRUSTWORTHY,-1,NONE,NONE
M0025537,TRUSTWORTHY,-1,NONE,NONE
M0025538,MALICIOUS,-1,NONE,NONE
M0025539,MALICIOUS,-1,NONE,NONE
M0025540,MALICIOUS,-1,NONE,NONE
M0025541,TRUSTWORTHY,-1,NONE,NONE
M0025542,MALICIOUS,-1,NONE,NONE
M0025543,MALICIOUS,-1,NONE,NONE
M0025544,TRUSTWORTHY,-1,NONE,NONE
M0025545,TRUSTWORTHY,-1,NONE,NONE
M0025546,MALICIOUS,-1,NONE,NONE
M0025547,SUSPICIOUS,-1,NONE,NONE
M0025548,TRUSTWORTHY,-1,NONE,NONE
M0025549,SUSPICIOUS,-1,NONE,NONE
M0025550,TRUSTWORTHY,-1,NONE,NONE
M0025551,TRUSTWORTHY,-1,NONE,NONE
M0025552,TRUSTWORTHY,-1,NONE,NONE
M0025553,SUSPICIOUS,-1,NONE,NONE
M0025554,SUSPICIOUS,-1,NONE,NONE
M0025555,TRUSTWORTHY,-1,NONE,NONE
M0025556,TRUSTWORTHY,-1,NONE,NONE
M0025557,TRUSTWORTHY,-1,NONE,NONE
M0025558,MALICIOUS,-1,NONE,NONE
M0025559,TRUSTWORTHY,-1,NONE,NONE
M0025560,TRUSTWORTHY,-1,NONE,NONE
M0025561,TRUSTWORTHY,-1,NONE,NONE
M0025562,SUSPICIOUS,-1,NONE,NONE
M0025563,TRUSTWORTHY,-1,NONE,NONE
M0025564,MALICIOUS,-1,NONE,NONE
M0025565,TRUSTWORTHY,-1,NONE,NONE
M0025566,SUSPICIOUS,-1,NONE,NONE
M0025567,SUSPICIOUS,-1,NONE,NONE
M0025568,TRUSTWORTHY,-1,NONE,NONE
M0025569,TRUSTWORTHY,-1,NONE,NONE
M0025570,TRUSTWORTHY,-1,NONE,NONE
M0025571,SUSPICIOUS,-1,NONE,NONE
M0025572,MALICIOUS,-1,NONE,NONE
M0025573,TRUSTWORTHY,-1,NONE,NONE
M0025574,TRUSTWORTHY,-1,NONE,NONE
M0025575,SUSPICIOUS,-1,NONE,NONE
M0025576,MALICIOUS,-1,NONE,NONE
M0025577,TRUSTWORTHY,-1,NONE,NONE
M0025578,TRUSTWORTHY,-1,NONE,NONE
M0025579,TRUSTWORTHY,-1,NONE,NONE
M0025580,TRUSTWORTHY,-1,NONE,NONE
M0025581,TRUSTWORTHY,-1,NONE,NONE
M0025582,TRUSTWORTHY,-1,NONE,NONE
M0025583,TRUSTWORTHY,-1,NONE,NONE
M0025584,TRUSTWORTHY,-1,NONE,NONE
M0025585,SUSPICIOUS,-1,NONE,NONE
M0025586,TRUSTWORTHY,-1,NONE,NONE
M0025587,TRUSTWORTHY,-1,NONE,NONE
M0025588,TRUSTWORTHY,-1,NONE,NONE
M0025589,SUSPICIOUS,-1,NONE,NONE
M0025590,TRUSTWORTHY,-1,NONE,NONE
M0025591,SUSPICIOUS,-1,NONE,NONE
M0025592,TRUSTWORTHY,-1,NONE,NONE
M0025593,TRUSTWORTHY,-1,NONE,NONE
M0025594,TRUSTWORTHY,-1,NONE,NONE
M0025595,TRUSTWORTHY,-1,NONE,NONE
M0025596,TRUSTWORTHY,-1,NONE,NONE
M0025597,TRUSTWORTHY,-1,NONE,NONE
M0025598,MALICIOUS,-1,NONE,NONE
M0025599,TRUSTWORTHY,-1,NONE,NONE
M0025600,MALICIOUS,-1,NONE,NONE
M0025601,TRUSTWORTHY,-1,NONE,NONE
M0025602,TRUSTWORTHY,-1,NONE,NONE
M0025603,TRUSTWORTHY,-1,NONE,NONE
M0025604,TRUSTWORTHY,-1,NONE,NONE
M0025605,SUSPICIOUS,-1,NONE,NONE
M0025606,TRUSTWORTHY,-1,NONE,NONE
M0025607,TRUSTWORTHY,-1,NONE,NONE
M0025608,TRUSTWORTHY,-1,NONE,NONE
M0025609,TRUSTWORTHY,-1,NONE,NONE
M0025610,TRUSTWORTHY,-1,NONE,NONE
M0025611,MALICIOUS,-1,NONE,NONE
M0025612,TRUSTWORTHY,-1,NONE,NONE
M0025613,TRUSTWORTHY,-1,NONE,NONE
M0025614,TRUSTWORTHY,-1,NONE,NONE
M0025615,TRUSTWORTHY,-1,NONE,NONE
M0025616,TRUSTWORTHY,-1,NONE,NONE
M0025617,TRUSTWORTHY,-1,NONE,NONE
M0025618,MALICIOUS,-1,NONE,NONE
M0025619,TRUSTWORTHY,-1,NONE,NONE
M0025620,TRUSTWORTHY,-1,NONE,NONE
M0025621,TRUSTWORTHY,-1,NONE,NONE
M0025622,TRUSTWORTHY,-1,NONE,NONE
M0025623,TRUSTWORTHY,-1,NONE,NONE
M0025624,TRUSTWORTHY,-1,NONE,NONE
M0025625,TRUSTWORTHY,-1,NONE,NONE
M0025626,TRUSTWORTHY,-1,NONE,NONE
M0025627,TRUSTWORTHY,-1,NONE,NONE
M0025628,TRUSTWORTHY,-1,NONE,NONE
M0025629,TRUSTWORTHY,-1,NONE,NONE
M0025630,TRUSTWORTHY,-1,NONE,NONE
M0025631,TRUSTWORTHY,-1,NONE,NONE
M0025632,TRUSTWORTHY,-1,NONE,NONE
M0025633,MALICIOUS,-1,NONE,NONE
M0025634,TRUSTWORTHY,-1,NONE,NONE
M0025635,TRUSTWORTHY,-1,NONE,NONE
M0025636,TRUSTWORTHY,-1,NONE,NONE
M0025637,SUSPICIOUS,-1,NONE,NONE
M0025638,TRUSTWORTHY,-1,NONE,NONE
M0025639,MALICIOUS,-1,NONE,NONE
M0025640,TRUSTWORTHY,-1,NONE,NONE
M0025641,TRUSTWORTHY,-1,NONE,NONE
M0025642,TRUSTWORTHY,-1,NONE,NONE
M0025643,TRUSTWORTHY,-1,NONE,NONE
M0025644,TRUSTWORTHY,-1,NONE,NONE
M0025645,TRUSTWORTHY,-1,NONE,NONE
M0025646,TRUSTWORTHY,-1,NONE,NONE
M0025647,TRUSTWORTHY,-1,NONE,NONE
M0025648,TRUSTWORTHY,-1,NONE,NONE
M0025649,TRUSTWORTHY,-1,NONE,NONE
M0025650,TRUSTWORTHY,-1,NONE,NONE
M0025651,TRUSTWORTHY,-1,NONE,NONE
M0025652,TRUSTWORTHY,-1,NONE,NONE
M0025653,TRUSTWORTHY,-1,NONE,NONE
M0025654,TRUSTWORTHY,-1,NONE,NONE
M0025655,TRUSTWORTHY,-1,NONE,NONE
M0025656,TRUSTWORTHY,-1,NONE,NONE
M0025657,TRUSTWORTHY,-1,NONE,NONE
M0025658,MALICIOUS,-1,NONE,NONE
M0025659,SUSPICIOUS,-1,NONE,NONE
M0025660,TRUSTWORTHY,-1,NONE,NONE
M0025661,MALICIOUS,-1,NONE,NONE
M0025662,TRUSTWORTHY,-1,NONE,NONE
M0025663,TRUSTWORTHY,-1,NONE,NONE
M0025664,SUSPICIOUS,-1,NONE,NONE
M0025665,SUSPICIOUS,-1,NONE,NONE
M0025666,MALICIOUS,-1,NONE,NONE
M0025667,TRUSTWORTHY,-1,NONE,NONE
M0025668,TRUSTWORTHY,-1,NONE,NONE
M0025669,TRUSTWORTHY,-1,NONE,NONE
M0025670,SUSPICIOUS,-1,NONE,NONE
M0025671,TRUSTWORTHY,-1,NONE,NONE
M0025672,TRUSTWORTHY,-1,NONE,NONE
M0025673,TRUSTWORTHY,-1,NONE,NONE
M0025674,TRUSTWORTHY,-1,NONE,NONE
M0025675,TRUSTWORTHY,-1,NONE,NONE
M0025676,TRUSTWORTHY,-1,NONE,NONE
M0025677,TRUSTWORTHY,-1,NONE,NONE
M0025678,TRUSTWORTHY,-1,NONE,NONE
M0025679,TRUSTWORTHY,-1,NONE,NONE
M0025680,TRUSTWORTHY,-1,NONE,NONE
M0025681,SUSPICIOUS,-1,NONE,NONE
M0025682,TRUSTWORTHY,-1,NONE,NONE
M0025683,TRUSTWORTHY,-1,NONE,NONE
M0025684,TRUSTWORTHY,-1,NONE,NONE
M0025685,TRUSTWORTHY,-1,NONE,NONE
M0025686,TRUSTWORTHY,-1,NONE,NONE
M0025687,MALICIOUS,-1,NONE,NONE
M0025688,TRUSTWORTHY,-1,NONE,NONE
M0025689,TRUSTWORTHY,-1,NONE,NONE
M0025690,MALICIOUS,-1,NONE,NONE
M0025691,TRUSTWORTHY,-1,NONE,NONE
M0025692,MALICIOUS,-1,NONE,NONE
M0025693,MALICIOUS,-1,NONE,NONE
M0025694,MALICIOUS,-1,NONE,NONE
M0025695,TRUSTWORTHY,-1,NONE,NONE
M0025696,TRUSTWORTHY,-1,NONE,NONE
M0025697,TRUSTWORTHY,-1,NONE,NONE
M0025698,TRUSTWORTHY,-1,NONE,NONE
M0025699,TRUSTWORTHY,-1,NONE,NONE
M0025700,TRUSTWORTHY,-1,NONE,NONE
M0025701,TRUSTWORTHY,-1,NONE,NONE
M0025702,TRUSTWORTHY,-1,NONE,NONE
M0025703,TRUSTWORTHY,-1,NONE,NONE
M0025704,MALICIOUS,-1,NONE,NONE
M0025705,MALICIOUS,-1,NONE,NONE
M0025706,TRUSTWORTHY,-1,NONE,NONE
M0025707,TRUSTWORTHY,-1,NONE,NONE
M0025708,TRUSTWORTHY,-1,NONE,NONE
M0025709,TRUSTWORTHY,-1,NONE,NONE
M0025710,TRUSTWORTHY,-1,NONE,NONE
M0025711,TRUSTWORTHY,-1,NONE,NONE
M0025712,TRUSTWORTHY,-1,NONE,NONE
M0025713,TRUSTWORTHY,-1,NONE,NONE
M0025714,TRUSTWORTHY,-1,NONE,NONE
M0025715,MALICIOUS,-1,NONE,NONE
M0025716,TRUSTWORTHY,-1,NONE,NONE
M0025717,TRUSTWORTHY,-1,NONE,NONE
M0025718,TRUSTWORTHY,-1,NONE,NONE
M0025719,TRUSTWORTHY,-1,NONE,NONE
M0025720,TRUSTWORTHY,-1,NONE,NONE
M0025721,TRUSTWORTHY,-1,NONE,NONE
M0025722,TRUSTWORTHY,-1,NONE,NONE
M0025723,TRUSTWORTHY,-1,NONE,NONE
M0025724,TRUSTWORTHY,-1,NONE,NONE
M0025725,TRUSTWORTHY,-1,NONE,NONE
M0025726,TRUSTWORTHY,-1,NONE,NONE
M0025727,TRUSTWORTHY,-1,NONE,NONE
M0025728,TRUSTWORTHY,-1,NONE,NONE
M0025729,MALICIOUS,-1,NONE,NONE
M0025730,TRUSTWORTHY,-1,NONE,NONE
M0025731,TRUSTWORTHY,-1,NONE,NONE
M0025732,TRUSTWORTHY,-1,NONE,NONE
M0025733,TRUSTWORTHY,-1,NONE,NONE
M0025734,TRUSTWORTHY,-1,NONE,NONE
M0025735,TRUSTWORTHY,-1,NONE,NONE
M0025736,SUSPICIOUS,-1,NONE,NONE
M0025737,TRUSTWORTHY,-1,NONE,NONE
M0025738,TRUSTWORTHY,-1,NONE,NONE
M0025739,TRUSTWORTHY,-1,NONE,NONE
M0025740,SUSPICIOUS,-1,NONE,NONE
M0025741,TRUSTWORTHY,-1,NONE,NONE
M0025742,TRUSTWORTHY,-1,NONE,NONE
M0025743,TRUSTWORTHY,-1,NONE,NONE
M0025744,TRUSTWORTHY,-1,NONE,NONE
M0025745,TRUSTWORTHY,-1,NONE,NONE
M0025746,TRUSTWORTHY,-1,NONE,NONE
M0025747,TRUSTWORTHY,-1,NONE,NONE
M0025748,TRUSTWORTHY,-1,NONE,NONE
M0025749,TRUSTWORTHY,-1,NONE,NONE
M0025750,TRUSTWORTHY,-1,NONE,NONE
M0025751,TRUSTWORTHY,-1,NONE,NONE
M0025752,TRUSTWORTHY,-1,NONE,NONE
M0025753,TRUSTWORTHY,-1,NONE,NONE
M0025754,TRUSTWORTHY,-1,NONE,NONE
M0025755,TRUSTWORTHY,-1,NONE,NONE
M0025756,SUSPICIOUS,-1,NONE,NONE
M0025757,TRUSTWORTHY,-1,NONE,NONE
M0025758,TRUSTWORTHY,-1,NONE,NONE
M0025759,TRUSTWORTHY,-1,NONE,NONE
M0025760,SUSPICIOUS,-1,NONE,NONE
M0025761,MALICIOUS,-1,NONE,NONE
M0025762,TRUSTWORTHY,-1,NONE,NONE
M0025763,TRUSTWORTHY,-1,NONE,NONE
M0025764,MALICIOUS,-1,NONE,NONE
M0025765,TRUSTWORTHY,-1,NONE,NONE
M0025766,TRUSTWORTHY,-1,NONE,NONE
M0025767,TRUSTWORTHY,-1,NONE,NONE
M0025768,TRUSTWORTHY,-1,NONE,NONE
M0025769,MALICIOUS,-1,NONE,NONE
M0025770,TRUSTWORTHY,-1,NONE,NONE
M0025771,MALICIOUS,-1,NONE,NONE
M0025772,TRUSTWORTHY,-1,NONE,NONE
M0025773,TRUSTWORTHY,-1,NONE,NONE
M0025774,MALICIOUS,-1,NONE,NONE
M0025775,TRUSTWORTHY,-1,NONE,NONE
M0025776,MALICIOUS,-1,NONE,NONE
M0025777,TRUSTWORTHY,-1,NONE,NONE
M0025778,TRUSTWORTHY,-1,NONE,NONE
M0025779,SUSPICIOUS,-1,NONE,NONE
M0025780,TRUSTWORTHY,-1,NONE,NONE
M0025781,TRUSTWORTHY,-1,NONE,NONE
M0025782,MALICIOUS,-1,NONE,NONE
M0025783,SUSPICIOUS,-1,NONE,NONE
M0025784,TRUSTWORTHY,-1,NONE,NONE
M0025785,TRUSTWORTHY,-1,NONE,NONE
M0025786,MALICIOUS,-1,NONE,NONE
M0025787,TRUSTWORTHY,-1,NONE,NONE
M0025788,TRUSTWORTHY,-1,NONE,NONE
M0025789,TRUSTWORTHY,-1,NONE,NONE
M0025790,TRUSTWORTHY,-1,NONE,NONE
M0025791,TRUSTWORTHY,-1,NONE,NONE
M0025792,MALICIOUS,-1,NONE,NONE
M0025793,MALICIOUS,-1,NONE,NONE
M0025794,TRUSTWORTHY,-1,NONE,NONE
M0025795,TRUSTWORTHY,-1,NONE,NONE
M0025796,TRUSTWORTHY,-1,NONE,NONE
M0025797,SUSPICIOUS,-1,NONE,NONE
M0025798,TRUSTWORTHY,-1,NONE,NONE
M0025799,SUSPICIOUS,-1,NONE,NONE
M0025800,MALICIOUS,-1,NONE,NONE
M0025801,TRUSTWORTHY,-1,NONE,NONE
M0025802,TRUSTWORTHY,-1,NONE,NONE
M0025803,SUSPICIOUS,-1,NONE,NONE
M0025804,MALICIOUS,-1,NONE,NONE
M0025805,SUSPICIOUS,-1,NONE,NONE
M0025806,TRUSTWORTHY,-1,NONE,NONE
M0025807,TRUSTWORTHY,-1,NONE,NONE
M0025808,TRUSTWORTHY,-1,NONE,NONE
M0025809,TRUSTWORTHY,-1,NONE,NONE
M0025810,TRUSTWORTHY,-1,NONE,NONE
M0025811,TRUSTWORTHY,-1,NONE,NONE
M0025812,TRUSTWORTHY,-1,NONE,NONE
M0025813,MALICIOUS,-1,NONE,NONE
M0025814,TRUSTWORTHY,-1,NONE,NONE
M0025815,TRUSTWORTHY,-1,NONE,NONE
M0025816,TRUSTWORTHY,-1,NONE,NONE
M0025817,TRUSTWORTHY,-1,NONE,NONE
M0025818,TRUSTWORTHY,-1,NONE,NONE
M0025819,TRUSTWORTHY,-1,NONE,NONE
M0025820,TRUSTWORTHY,-1,NONE,NONE
M0025821,MALICIOUS,-1,NONE,NONE
M0025822,TRUSTWORTHY,-1,NONE,NONE
M0025823,TRUSTWORTHY,-1,NONE,NONE
M0025824,TRUSTWORTHY,-1,NONE,NONE
M0025825,TRUSTWORTHY,-1,NONE,NONE
M0025826,TRUSTWORTHY,-1,NONE,NONE
M0025827,TRUSTWORTHY,-1,NONE,NONE
M0025828,SUSPICIOUS,-1,NONE,NONE
M0025829,TRUSTWORTHY,-1,NONE,NONE
M0025830,TRUSTWORTHY,-1,NONE,NONE
M0025831,TRUSTWORTHY,-1,NONE,NONE
M0025832,TRUSTWORTHY,-1,NONE,NONE
M0025833,TRUSTWORTHY,-1,NONE,NONE
M0025834,TRUSTWORTHY,-1,NONE,NONE
M0025835,MALICIOUS,-1,NONE,NONE
M0025836,TRUSTWORTHY,-1,NONE,NONE
M0025837,TRUSTWORTHY,-1,NONE,NONE
M0025838,TRUSTWORTHY,-1,NONE,NONE
M0025839,TRUSTWORTHY,-1,NONE,NONE
M0025840,TRUSTWORTHY,-1,NONE,NONE
M0025841,TRUSTWORTHY,-1,NONE,NONE
M0025842,TRUSTWORTHY,-1,NONE,NONE
M0025843,TRUSTWORTHY,-1,NONE,NONE
M0025844,TRUSTWORTHY,-1,NONE,NONE
M0025845,TRUSTWORTHY,-1,NONE,NONE
M0025846,TRUSTWORTHY,-1,NONE,NONE
M0025847,TRUSTWORTHY,-1,NONE,NONE
M0025848,TRUSTWORTHY,-1,NONE,NONE
M0025849,TRUSTWORTHY,-1,NONE,NONE
M0025850,MALICIOUS,-1,NONE,NONE
M0025851,TRUSTWORTHY,-1,NONE,NONE
M0025852,TRUSTWORTHY,-1,NONE,NONE
M0025853,TRUSTWORTHY,-1,NONE,NONE
M0025854,TRUSTWORTHY,-1,NONE,NONE
M0025855,SUSPICIOUS,-1,NONE,NONE
M0025856,SUSPICIOUS,-1,NONE,NONE
M0025857,TRUSTWORTHY,-1,NONE,NONE
M0025858,TRUSTWORTHY,-1,NONE,NONE
M0025859,TRUSTWORTHY,-1,NONE,NONE
M0025860,TRUSTWORTHY,-1,NONE,NONE
M0025861,TRUSTWORTHY,-1,NONE,NONE
M0025862,TRUSTWORTHY,-1,NONE,NONE
M0025863,TRUSTWORTHY,-1,NONE,NONE
M0025864,TRUSTWORTHY,-1,NONE,NONE
M0025865,TRUSTWORTHY,-1,NONE,NONE
M0025866,TRUSTWORTHY,-1,NONE,NONE
M0025867,MALICIOUS,-1,NONE,NONE
M0025868,TRUSTWORTHY,-1,NONE,NONE
M0025869,MALICIOUS,-1,NONE,NONE
M0025870,TRUSTWORTHY,-1,NONE,NONE
M0025871,SUSPICIOUS,-1,NONE,NONE
M0025872,TRUSTWORTHY,-1,NONE,NONE
M0025873,TRUSTWORTHY,-1,NONE,NONE
M0025874,TRUSTWORTHY,-1,NONE,NONE
M0025875,TRUSTWORTHY,-1,NONE,NONE
M0025876,TRUSTWORTHY,-1,NONE,NONE
M0025877,TRUSTWORTHY,-1,NONE,NONE
M0025878,TRUSTWORTHY,-1,NONE,NONE
M0025879,TRUSTWORTHY,-1,NONE,NONE
M0025880,TRUSTWORTHY,-1,NONE,NONE
M0025881,TRUSTWORTHY,-1,NONE,NONE
M0025882,TRUSTWORTHY,-1,NONE,NONE
M0025883,TRUSTWORTHY,-1,NONE,NONE
M0025884,SUSPICIOUS,-1,NONE,NONE
M0025885,MALICIOUS,-1,NONE,NONE
M0025886,TRUSTWORTHY,-1,NONE,NONE
M0025887,TRUSTWORTHY,-1,NONE,NONE
M0025888,SUSPICIOUS,-1,NONE,NONE
M0025889,TRUSTWORTHY,-1,NONE,NONE
M0025890,SUSPICIOUS,-1,NONE,NONE
M0025891,TRUSTWORTHY,-1,NONE,NONE
M0025892,TRUSTWORTHY,-1,NONE,NONE
M0025893,TRUSTWORTHY,-1,NONE,NONE
M0025894,TRUSTWORTHY,-1,NONE,NONE
M0025895,TRUSTWORTHY,-1,NONE,NONE
M0025896,TRUSTWORTHY,-1,NONE,NONE
M0025897,MALICIOUS,-1,NONE,NONE
M0025898,MALICIOUS,-1,NONE,NONE
M0025899,TRUSTWORTHY,-1,NONE,NONE
M0025900,TRUSTWORTHY,-1,NONE,NONE
M0025901,TRUSTWORTHY,-1,NONE,NONE
M0025902,MALICIOUS,-1,NONE,NONE
M0025903,TRUSTWORTHY,-1,NONE,NONE
M0025904,TRUSTWORTHY,-1,NONE,NONE
M0025905,TRUSTWORTHY,-1,NONE,NONE
M0025906,TRUSTWORTHY,-1,NONE,NONE
M0025907,SUSPICIOUS,-1,NONE,NONE
M0025908,TRUSTWORTHY,-1,NONE,NONE
M0025909,TRUSTWORTHY,-1,NONE,NONE
M0025910,TRUSTWORTHY,-1,NONE,NONE
M0025911,TRUSTWORTHY,-1,NONE,NONE
M0025912,TRUSTWORTHY,-1,NONE,NONE
M0025913,TRUSTWORTHY,-1,NONE,NONE
M0025914,TRUSTWORTHY,-1,NONE,NONE
M0025915,TRUSTWORTHY,-1,NONE,NONE
M0025916,MALICIOUS,-1,NONE,NONE
M0025917,TRUSTWORTHY,-1,NONE,NONE
M0025918,TRUSTWORTHY,-1,NONE,NONE
M0025919,SUSPICIOUS,-1,NONE,NONE
M0025920,SUSPICIOUS,-1,NONE,NONE
M0025921,TRUSTWORTHY,-1,NONE,NONE
M0025922,MALICIOUS,-1,NONE,NONE
M0025923,TRUSTWORTHY,-1,NONE,NONE
M0025924,SUSPICIOUS,-1,NONE,NONE
M0025925,TRUSTWORTHY,-1,NONE,NONE
M0025926,TRUSTWORTHY,-1,NONE,NONE
M0025927,TRUSTWORTHY,-1,NONE,NONE
M0025928,TRUSTWORTHY,-1,NONE,NONE
M0025929,TRUSTWORTHY,-1,NONE,NONE
M0025930,TRUSTWORTHY,-1,NONE,NONE
M0025931,TRUSTWORTHY,-1,NONE,NONE
M0025932,TRUSTWORTHY,-1,NONE,NONE
M0025933,TRUSTWORTHY,-1,NONE,NONE
M0025934,TRUSTWORTHY,-1,NONE,NONE
M0025935,TRUSTWORTHY,-1,NONE,NONE
M0025936,TRUSTWORTHY,-1,NONE,NONE
M0025937,TRUSTWORTHY,-1,NONE,NONE
M0025938,TRUSTWORTHY,-1,NONE,NONE
M0025939,TRUSTWORTHY,-1,NONE,NONE
M0025940,TRUSTWORTHY,-1,NONE,NONE
M0025941,MALICIOUS,-1,NONE,NONE
M0025942,TRUSTWORTHY,-1,NONE,NONE
M0025943,TRUSTWORTHY,-1,NONE,NONE
M0025944,TRUSTWORTHY,-1,NONE,NONE
M0025945,TRUSTWORTHY,-1,NONE,NONE
M0025946,SUSPICIOUS,-1,NONE,NONE
M0025947,TRUSTWORTHY,-1,NONE,NONE
M0025948,TRUSTWORTHY,-1,NONE,NONE
M0025949,TRUSTWORTHY,-1,NONE,NONE
M0025950,MALICIOUS,-1,NONE,NONE
M0025951,TRUSTWORTHY,-1,NONE,NONE
M0025952,SUSPICIOUS,-1,NONE,NONE
M0025953,TRUSTWORTHY,-1,NONE,NONE
M0025954,TRUSTWORTHY,-1,NONE,NONE
M0025955,TRUSTWORTHY,-1,NONE,NONE
M0025956,TRUSTWORTHY,-1,NONE,NONE
M0025957,TRUSTWORTHY,-1,NONE,NONE
M0025958,TRUSTWORTHY,-1,NONE,NONE
M0025959,TRUSTWORTHY,-1,NONE,NONE
M0025960,TRUSTWORTHY,-1,NONE,NONE
M0025961,TRUSTWORTHY,-1,NONE,NONE
M0025962,TRUSTWORTHY,-1,NONE,NONE
M0025963,TRUSTWORTHY,-1,NONE,NONE
M0025964,TRUSTWORTHY,-1,NONE,NONE
M0025965,SUSPICIOUS,-1,NONE,NONE
M0025966,TRUSTWORTHY,-1,NONE,NONE
M0025967,TRUSTWORTHY,-1,NONE,NONE
M0025968,MALICIOUS,-1,NONE,NONE
M0025969,MALICIOUS,-1,NONE,NONE
M0025970,TRUSTWORTHY,-1,NONE,NONE
M0025971,TRUSTWORTHY,-1,NONE,NONE
M0025972,TRUSTWORTHY,-1,NONE,NONE
M0025973,TRUSTWORTHY,-1,NONE,NONE
M0025974,TRUSTWORTHY,-1,NONE,NONE
M0025975,TRUSTWORTHY,-1,NONE,NONE
M0025976,TRUSTWORTHY,-1,NONE,NONE
M0025977,TRUSTWORTHY,-1,NONE,NONE
M0025978,TRUSTWORTHY,-1,NONE,NONE
M0025979,SUSPICIOUS,-1,NONE,NONE
M0025980,SUSPICIOUS,-1,NONE,NONE
M0025981,TRUSTWORTHY,-1,NONE,NONE
M0025982,TRUSTWORTHY,-1,NONE,NONE
M0025983,TRUSTWORTHY,-1,NONE,NONE
M0025984,TRUSTWORTHY,-1,NONE,NONE
M0025985,TRUSTWORTHY,-1,NONE,NONE
M0025986,MALICIOUS,-1,NONE,NONE
M0025987,TRUSTWORTHY,-1,NONE,NONE
M0025988,TRUSTWORTHY,-1,NONE,NONE
M0025989,TRUSTWORTHY,-1,NONE,NONE
M0025990,TRUSTWORTHY,-1,NONE,NONE
M0025991,TRUSTWORTHY,-1,NONE,NONE
M0025992,SUSPICIOUS,-1,NONE,NONE
M0025993,TRUSTWORTHY,-1,NONE,NONE
M0025994,SUSPICIOUS,-1,NONE,NONE
M0025995,TRUSTWORTHY,-1,NONE,NONE
M0025996,TRUSTWORTHY,-1,NONE,NONE
M0025997,TRUSTWORTHY,-1,NONE,NONE
M0025998,TRUSTWORTHY,-1,NONE,NONE
M0025999,TRUSTWORTHY,-1,NONE,NONE
M0026000,TRUSTWORTHY,-1,NONE,NONE
M0026001,SUSPICIOUS,-1,NONE,NONE
M0026002,SUSPICIOUS,-1,NONE,NONE
M0026003,TRUSTWORTHY,-1,NONE,NONE
M0026004,TRUSTWORTHY,-1,NONE,NONE
M0026005,TRUSTWORTHY,-1,NONE,NONE
M0026006,MALICIOUS,-1,NONE,NONE
M0026007,SUSPICIOUS,-1,NONE,NONE
M0026008,TRUSTWORTHY,-1,NONE,NONE
M0026009,TRUSTWORTHY,-1,NONE,NONE
M0026010,SUSPICIOUS,-1,NONE,NONE
M0026011,TRUSTWORTHY,-1,NONE,NONE
M0026012,MALICIOUS,-1,NONE,NONE
M0026013,TRUSTWORTHY,-1,NONE,NONE
M0026014,MALICIOUS,-1,NONE,NONE
M0026015,SUSPICIOUS,-1,NONE,NONE
M0026016,TRUSTWORTHY,-1,NONE,NONE
M0026017,MALICIOUS,-1,NONE,NONE
M0026018,TRUSTWORTHY,-1,NONE,NONE
M0026019,TRUSTWORTHY,-1,NONE,NONE
M0026020,MALICIOUS,-1,NONE,NONE
M0026021,TRUSTWORTHY,-1,NONE,NONE
M0026022,TRUSTWORTHY,-1,NONE,NONE
M0026023,TRUSTWORTHY,-1,NONE,NONE
M0026024,TRUSTWORTHY,-1,NONE,NONE
M0026025,TRUSTWORTHY,-1,NONE,NONE
M0026026,TRUSTWORTHY,-1,NONE,NONE
M0026027,TRUSTWORTHY,-1,NONE,NONE
M0026028,SUSPICIOUS,-1,NONE,NONE
M0026029,SUSPICIOUS,-1,NONE,NONE
M0026030,MALICIOUS,-1,NONE,NONE
M0026031,TRUSTWORTHY,-1,NONE,NONE
M0026032,TRUSTWORTHY,-1,NONE,NONE
M0026033,TRUSTWORTHY,-1,NONE,NONE
M0026034,SUSPICIOUS,-1,NONE,NONE
M0026035,TRUSTWORTHY,-1,NONE,NONE
M0026036,MALICIOUS,-1,NONE,NONE
M0026037,TRUSTWORTHY,-1,NONE,NONE
M0026038,TRUSTWORTHY,-1,NONE,NONE
M0026039,TRUSTWORTHY,-1,NONE,NONE
M0026040,TRUSTWORTHY,-1,NONE,NONE
M0026041,TRUSTWORTHY,-1,NONE,NONE
M0026042,TRUSTWORTHY,-1,NONE,NONE
M0026043,TRUSTWORTHY,-1,NONE,NONE
M0026044,TRUSTWORTHY,-1,NONE,NONE
M0026045,TRUSTWORTHY,-1,NONE,NONE
M0026046,TRUSTWORTHY,-1,NONE,NONE
M0026047,TRUSTWORTHY,-1,NONE,NONE
M0026048,TRUSTWORTHY,-1,NONE,NONE
M0026049,TRUSTWORTHY,-1,NONE,NONE
M0026050,TRUSTWORTHY,-1,NONE,NONE
M0026051,TRUSTWORTHY,-1,NONE,NONE
M0026052,TRUSTWORTHY,-1,NONE,NONE
M0026053,SUSPICIOUS,-1,NONE,NONE
M0026054,TRUSTWORTHY,-1,NONE,NONE
M0026055,TRUSTWORTHY,-1,NONE,NONE
M0026056,TRUSTWORTHY,-1,NONE,NONE
M0026057,SUSPICIOUS,-1,NONE,NONE
M0026058,TRUSTWORTHY,-1,NONE,NONE
M0026059,TRUSTWORTHY,-1,NONE,NONE
M0026060,TRUSTWORTHY,-1,NONE,NONE
M0026061,TRUSTWORTHY,-1,NONE,NONE
M0026062,TRUSTWORTHY,-1,NONE,NONE
M0026063,TRUSTWORTHY,-1,NONE,NONE
M0026064,TRUSTWORTHY,-1,NONE,NONE
M0026065,TRUSTWORTHY,-1,NONE,NONE
M0026066,TRUSTWORTHY,-1,NONE,NONE
M0026067,TRUSTWORTHY,-1,NONE,NONE
M0026068,TRUSTWORTHY,-1,NONE,NONE
M0026069,SUSPICIOUS,-1,NONE,NONE
M0026070,TRUSTWORTHY,-1,NONE,NONE
M0026071,TRUSTWORTHY,-1,NONE,NONE
M0026072,TRUSTWORTHY,-1,NONE,NONE
M0026073,TRUSTWORTHY,-1,NONE,NONE
M0026074,TRUSTWORTHY,-1,NONE,NONE
M0026075,TRUSTWORTHY,-1,NONE,NONE
M0026076,TRUSTWORTHY,-1,NONE,NONE
M0026077,TRUSTWORTHY,-1,NONE,NONE
M0026078,TRUSTWORTHY,-1,NONE,NONE
M0026079,TRUSTWORTHY,-1,NONE,NONE
M0026080,TRUSTWORTHY,-1,NONE,NONE
M0026081,SUSPICIOUS,-1,NONE,NONE
M0026082,TRUSTWORTHY,-1,NONE,NONE
M0026083,TRUSTWORTHY,-1,NONE,NONE
M0026084,TRUSTWORTHY,-1,NONE,NONE
M0026085,TRUSTWORTHY,-1,NONE,NONE
M0026086,TRUSTWORTHY,-1,NONE,NONE
M0026087,TRUSTWORTHY,-1,NONE,NONE
M0026088,TRUSTWORTHY,-1,NONE,NONE
M0026089,TRUSTWORTHY,-1,NONE,NONE
M0026090,TRUSTWORTHY,-1,NONE,NONE
M0026091,TRUSTWORTHY,-1,NONE,NONE
M0026092,MALICIOUS,-1,NONE,NONE
M0026093,TRUSTWORTHY,-1,NONE,NONE
M0026094,TRUSTWORTHY,-1,NONE,NONE
M0026095,TRUSTWORTHY,-1,NONE,NONE
M0026096,MALICIOUS,-1,NONE,NONE
M0026097,TRUSTWORTHY,-1,NONE,NONE
M0026098,TRUSTWORTHY,-1,NONE,NONE
M0026099,TRUSTWORTHY,-1,NONE,NONE
M0026100,TRUSTWORTHY,-1,NONE,NONE
M0026101,TRUSTWORTHY,-1,NONE,NONE
M0026102,MALICIOUS,-1,NONE,NONE
M0026103,MALICIOUS,-1,NONE,NONE
M0026104,TRUSTWORTHY,-1,NONE,NONE
M0026105,TRUSTWORTHY,-1,NONE,NONE
M0026106,SUSPICIOUS,-1,NONE,NONE
M0026107,TRUSTWORTHY,-1,NONE,NONE
M0026108,TRUSTWORTHY,-1,NONE,NONE
M0026109,TRUSTWORTHY,-1,NONE,NONE
M0026110,TRUSTWORTHY,-1,NONE,NONE
M0026111,TRUSTWORTHY,-1,NONE,NONE
M0026112,MALICIOUS,-1,NONE,NONE
M0026113,TRUSTWORTHY,-1,NONE,NONE
M0026114,TRUSTWORTHY,-1,NONE,NONE
M0026115,MALICIOUS,-1,NONE,NONE
M0026116,MALICIOUS,-1,NONE,NONE
M0026117,TRUSTWORTHY,-1,NONE,NONE
M0026118,SUSPICIOUS,-1,NONE,NONE
M0026119,TRUSTWORTHY,-1,NONE,NONE
M0026120,TRUSTWORTHY,-1,NONE,NONE
M0026121,TRUSTWORTHY,-1,NONE,NONE
M0026122,TRUSTWORTHY,-1,NONE,NONE
M0026123,SUSPICIOUS,-1,NONE,NONE
M0026124,TRUSTWORTHY,-1,NONE,NONE
M0026125,TRUSTWORTHY,-1,NONE,NONE
M0026126,TRUSTWORTHY,-1,NONE,NONE
M0026127,TRUSTWORTHY,-1,NONE,NONE
M0026128,MALICIOUS,-1,NONE,NONE
M0026129,TRUSTWORTHY,-1,NONE,NONE
M0026130,MALICIOUS,-1,NONE,NONE
M0026131,TRUSTWORTHY,-1,NONE,NONE
M0026132,TRUSTWORTHY,-1,NONE,NONE
M0026133,TRUSTWORTHY,-1,NONE,NONE
M0026134,TRUSTWORTHY,-1,NONE,NONE
M0026135,TRUSTWORTHY,-1,NONE,NONE
M0026136,TRUSTWORTHY,-1,NONE,NONE
M0026137,MALICIOUS,-1,NONE,NONE
M0026138,TRUSTWORTHY,-1,NONE,NONE
M0026139,SUSPICIOUS,-1,NONE,NONE
M0026140,TRUSTWORTHY,-1,NONE,NONE
M0026141,TRUSTWORTHY,-1,NONE,NONE
M0026142,TRUSTWORTHY,-1,NONE,NONE
M0026143,TRUSTWORTHY,-1,NONE,NONE
M0026144,TRUSTWORTHY,-1,NONE,NONE
M0026145,TRUSTWORTHY,-1,NONE,NONE
M0026146,TRUSTWORTHY,-1,NONE,NONE
M0026147,TRUSTWORTHY,-1,NONE,NONE
M0026148,TRUSTWORTHY,-1,NONE,NONE
M0026149,TRUSTWORTHY,-1,NONE,NONE
M0026150,TRUSTWORTHY,-1,NONE,NONE
M0026151,MALICIOUS,-1,NONE,NONE
M0026152,TRUSTWORTHY,-1,NONE,NONE
M0026153,TRUSTWORTHY,-1,NONE,NONE
M0026154,TRUSTWORTHY,-1,NONE,NONE
M0026155,TRUSTWORTHY,-1,NONE,NONE
M0026156,TRUSTWORTHY,-1,NONE,NONE
M0026157,TRUSTWORTHY,-1,NONE,NONE
M0026158,TRUSTWORTHY,-1,NONE,NONE
M0026159,TRUSTWORTHY,-1,NONE,NONE
M0026160,MALICIOUS,-1,NONE,NONE
M0026161,SUSPICIOUS,-1,NONE,NONE
M0026162,TRUSTWORTHY,-1,NONE,NONE
M0026163,MALICIOUS,-1,NONE,NONE
M0026164,MALICIOUS,-1,NONE,NONE
M0026165,MALICIOUS,-1,NONE,NONE
M0026166,TRUSTWORTHY,-1,NONE,NONE
M0026167,MALICIOUS,-1,NONE,NONE
M0026168,SUSPICIOUS,-1,NONE,NONE
M0026169,TRUSTWORTHY,-1,NONE,NONE
M0026170,MALICIOUS,-1,NONE,NONE
M0026171,TRUSTWORTHY,-1,NONE,NONE
M0026172,TRUSTWORTHY,-1,NONE,NONE
M0026173,TRUSTWORTHY,-1,NONE,NONE
M0026174,TRUSTWORTHY,-1,NONE,NONE
M0026175,TRUSTWORTHY,-1,NONE,NONE
M0026176,TRUSTWORTHY,-1,NONE,NONE
M0026177,TRUSTWORTHY,-1,NONE,NONE
M0026178,SUSPICIOUS,-1,NONE,NONE
M0026179,MALICIOUS,-1,NONE,NONE
M0026180,TRUSTWORTHY,-1,NONE,NONE
M0026181,TRUSTWORTHY,-1,NONE,NONE
M0026182,TRUSTWORTHY,-1,NONE,NONE
M0026183,TRUSTWORTHY,-1,NONE,NONE
M0026184,TRUSTWORTHY,-1,NONE,NONE
M0026185,TRUSTWORTHY,-1,NONE,NONE
M0026186,TRUSTWORTHY,-1,NONE,NONE
M0026187,MALICIOUS,-1,NONE,NONE
M0026188,TRUSTWORTHY,-1,NONE,NONE
M0026189,TRUSTWORTHY,-1,NONE,NONE
M0026190,TRUSTWORTHY,-1,NONE,NONE
M0026191,TRUSTWORTHY,-1,NONE,NONE
M0026192,TRUSTWORTHY,-1,NONE,NONE
M0026193,TRUSTWORTHY,-1,NONE,NONE
M0026194,TRUSTWORTHY,-1,NONE,NONE
M0026195,TRUSTWORTHY,-1,NONE,NONE
M0026196,TRUSTWORTHY,-1,NONE,NONE
M0026197,TRUSTWORTHY,-1,NONE,NONE
M0026198,MALICIOUS,-1,NONE,NONE
M0026199,TRUSTWORTHY,-1,NONE,NONE
M0026200,TRUSTWORTHY,-1,NONE,NONE
M0026201,TRUSTWORTHY,-1,NONE,NONE
M0026202,TRUSTWORTHY,-1,NONE,NONE
M0026203,TRUSTWORTHY,-1,NONE,NONE
M0026204,TRUSTWORTHY,-1,NONE,NONE
M0026205,MALICIOUS,-1,NONE,NONE
M0026206,TRUSTWORTHY,-1,NONE,NONE
M0026207,TRUSTWORTHY,-1,NONE,NONE
M0026208,SUSPICIOUS,-1,NONE,NONE
M0026209,SUSPICIOUS,-1,NONE,NONE
M0026210,SUSPICIOUS,-1,NONE,NONE
M0026211,TRUSTWORTHY,-1,NONE,NONE
M0026212,SUSPICIOUS,-1,NONE,NONE
M0026213,SUSPICIOUS,-1,NONE,NONE
M0026214,TRUSTWORTHY,-1,NONE,NONE
M0026215,SUSPICIOUS,-1,NONE,NONE
M0026216,TRUSTWORTHY,-1,NONE,NONE
M0026217,TRUSTWORTHY,-1,NONE,NONE
M0026218,MALICIOUS,-1,NONE,NONE
M0026219,MALICIOUS,-1,NONE,NONE
M0026220,TRUSTWORTHY,-1,NONE,NONE
M0026221,MALICIOUS,-1,NONE,NONE
M0026222,MALICIOUS,-1,NONE,NONE
M0026223,TRUSTWORTHY,-1,NONE,NONE
M0026224,TRUSTWORTHY,-1,NONE,NONE
M0026225,TRUSTWORTHY,-1,NONE,NONE
M0026226,SUSPICIOUS,-1,NONE,NONE
M0026227,TRUSTWORTHY,-1,NONE,NONE
M0026228,TRUSTWORTHY,-1,NONE,NONE
M0026229,TRUSTWORTHY,-1,NONE,NONE
M0026230,TRUSTWORTHY,-1,NONE,NONE
M0026231,MALICIOUS,-1,NONE,NONE
M0026232,SUSPICIOUS,-1,NONE,NONE
M0026233,TRUSTWORTHY,-1,NONE,NONE
M0026234,TRUSTWORTHY,-1,NONE,NONE
M0026235,TRUSTWORTHY,-1,NONE,NONE
M0026236,MALICIOUS,-1,NONE,NONE
M0026237,SUSPICIOUS,-1,NONE,NONE
M0026238,TRUSTWORTHY,-1,NONE,NONE
M0026239,TRUSTWORTHY,-1,NONE,NONE
M0026240,SUSPICIOUS,-1,NONE,NONE
M0026241,TRUSTWORTHY,-1,NONE,NONE
M0026242,TRUSTWORTHY,-1,NONE,NONE
M0026243,TRUSTWORTHY,-1,NONE,NONE
M0026244,SUSPICIOUS,-1,NONE,NONE
M0026245,TRUSTWORTHY,-1,NONE,NONE
M0026246,TRUSTWORTHY,-1,NONE,NONE
M0026247,TRUSTWORTHY,-1,NONE,NONE
M0026248,TRUSTWORTHY,-1,NONE,NONE
M0026249,MALICIOUS,-1,NONE,NONE
M0026250,MALICIOUS,-1,NONE,NONE
M0026251,SUSPICIOUS,-1,NONE,NONE
M0026252,TRUSTWORTHY,-1,NONE,NONE
M0026253,TRUSTWORTHY,-1,NONE,NONE
M0026254,TRUSTWORTHY,-1,NONE,NONE
M0026255,SUSPICIOUS,-1,NONE,NONE
M0026256,TRUSTWORTHY,-1,NONE,NONE
M0026257,TRUSTWORTHY,-1,NONE,NONE
M0026258,TRUSTWORTHY,-1,NONE,NONE
M0026259,TRUSTWORTHY,-1,NONE,NONE
M0026260,TRUSTWORTHY,-1,NONE,NONE
M0026261,TRUSTWORTHY,-1,NONE,NONE
M0026262,MALICIOUS,-1,NONE,NONE
M0026263,TRUSTWORTHY,-1,NONE,NONE
M0026264,TRUSTWORTHY,-1,NONE,NONE
M0026265,TRUSTWORTHY,-1,NONE,NONE
M0026266,MALICIOUS,-1,NONE,NONE
M0026267,SUSPICIOUS,-1,NONE,NONE
M0026268,TRUSTWORTHY,-1,NONE,NONE
M0026269,TRUSTWORTHY,-1,NONE,NONE
M0026270,TRUSTWORTHY,-1,NONE,NONE
M0026271,TRUSTWORTHY,-1,NONE,NONE
M0026272,TRUSTWORTHY,-1,NONE,NONE
M0026273,TRUSTWORTHY,-1,NONE,NONE
M0026274,TRUSTWORTHY,-1,NONE,NONE
M0026275,TRUSTWORTHY,-1,NONE,NONE
M0026276,TRUSTWORTHY,-1,NONE,NONE
M0026277,SUSPICIOUS,-1,NONE,NONE
M0026278,TRUSTWORTHY,-1,NONE,NONE
M0026279,TRUSTWORTHY,-1,NONE,NONE
M0026280,SUSPICIOUS,-1,NONE,NONE
M0026281,TRUSTWORTHY,-1,NONE,NONE
M0026282,TRUSTWORTHY,-1,NONE,NONE
M0026283,TRUSTWORTHY,-1,NONE,NONE
M0026284,TRUSTWORTHY,-1,NONE,NONE
M0026285,MALICIOUS,-1,NONE,NONE
M0026286,TRUSTWORTHY,-1,NONE,NONE
M0026287,TRUSTWORTHY,-1,NONE,NONE
M0026288,TRUSTWORTHY,-1,NONE,NONE
M0026289,TRUSTWORTHY,-1,NONE,NONE
M0026290,SUSPICIOUS,-1,NONE,NONE
M0026291,TRUSTWORTHY,-1,NONE,NONE
M0026292,MALICIOUS,-1,NONE,NONE
M0026293,SUSPICIOUS,-1,NONE,NONE
M0026294,TRUSTWORTHY,-1,NONE,NONE
M0026295,TRUSTWORTHY,-1,NONE,NONE
M0026296,MALICIOUS,-1,NONE,NONE
M0026297,TRUSTWORTHY,-1,NONE,NONE
M0026298,TRUSTWORTHY,-1,NONE,NONE
M0026299,TRUSTWORTHY,-1,NONE,NONE
M0026300,TRUSTWORTHY,-1,NONE,NONE
M0026301,TRUSTWORTHY,-1,NONE,NONE
M0026302,TRUSTWORTHY,-1,NONE,NONE
M0026303,SUSPICIOUS,-1,NONE,NONE
M0026304,TRUSTWORTHY,-1,NONE,NONE
M0026305,TRUSTWORTHY,-1,NONE,NONE
M0026306,TRUSTWORTHY,-1,NONE,NONE
M0026307,TRUSTWORTHY,-1,NONE,NONE
M0026308,TRUSTWORTHY,-1,NONE,NONE
M0026309,TRUSTWORTHY,-1,NONE,NONE
M0026310,TRUSTWORTHY,-1,NONE,NONE
M0026311,TRUSTWORTHY,-1,NONE,NONE
M0026312,TRUSTWORTHY,-1,NONE,NONE
M0026313,SUSPICIOUS,-1,NONE,NONE
M0026314,TRUSTWORTHY,-1,NONE,NONE
M0026315,TRUSTWORTHY,-1,NONE,NONE
M0026316,TRUSTWORTHY,-1,NONE,NONE
M0026317,TRUSTWORTHY,-1,NONE,NONE
M0026318,TRUSTWORTHY,-1,NONE,NONE
M0026319,TRUSTWORTHY,-1,NONE,NONE
M0026320,TRUSTWORTHY,-1,NONE,NONE
M0026321,TRUSTWORTHY,-1,NONE,NONE
M0026322,TRUSTWORTHY,-1,NONE,NONE
M0026323,TRUSTWORTHY,-1,NONE,NONE
M0026324,TRUSTWORTHY,-1,NONE,NONE
M0026325,MALICIOUS,-1,NONE,NONE
M0026326,SUSPICIOUS,-1,NONE,NONE
M0026327,MALICIOUS,-1,NONE,NONE
M0026328,TRUSTWORTHY,-1,NONE,NONE
M0026329,TRUSTWORTHY,-1,NONE,NONE
M0026330,TRUSTWORTHY,-1,NONE,NONE
M0026331,TRUSTWORTHY,-1,NONE,NONE
M0026332,TRUSTWORTHY,-1,NONE,NONE
M0026333,TRUSTWORTHY,-1,NONE,NONE
M0026334,TRUSTWORTHY,-1,NONE,NONE
M0026335,TRUSTWORTHY,-1,NONE,NONE
M0026336,TRUSTWORTHY,-1,NONE,NONE
M0026337,TRUSTWORTHY,-1,NONE,NONE
M0026338,SUSPICIOUS,-1,NONE,NONE
M0026339,TRUSTWORTHY,-1,NONE,NONE
M0026340,TRUSTWORTHY,-1,NONE,NONE
M0026341,TRUSTWORTHY,-1,NONE,NONE
M0026342,SUSPICIOUS,-1,NONE,NONE
M0026343,TRUSTWORTHY,-1,NONE,NONE
M0026344,TRUSTWORTHY,-1,NONE,NONE
M0026345,TRUSTWORTHY,-1,NONE,NONE
M0026346,TRUSTWORTHY,-1,NONE,NONE
M0026347,MALICIOUS,-1,NONE,NONE
M0026348,TRUSTWORTHY,-1,NONE,NONE
M0026349,TRUSTWORTHY,-1,NONE,NONE
M0026350,TRUSTWORTHY,-1,NONE,NONE
M0026351,TRUSTWORTHY,-1,NONE,NONE
M0026352,TRUSTWORTHY,-1,NONE,NONE
M0026353,MALICIOUS,-1,NONE,NONE
M0026354,TRUSTWORTHY,-1,NONE,NONE
M0026355,TRUSTWORTHY,-1,NONE,NONE
M0026356,TRUSTWORTHY,-1,NONE,NONE
M0026357,TRUSTWORTHY,-1,NONE,NONE
M0026358,SUSPICIOUS,-1,NONE,NONE
M0026359,MALICIOUS,-1,NONE,NONE
M0026360,TRUSTWORTHY,-1,NONE,NONE
M0026361,SUSPICIOUS,-1,NONE,NONE
M0026362,SUSPICIOUS,-1,NONE,NONE
M0026363,TRUSTWORTHY,-1,NONE,NONE
M0026364,TRUSTWORTHY,-1,NONE,NONE
M0026365,TRUSTWORTHY,-1,NONE,NONE
M0026366,TRUSTWORTHY,-1,NONE,NONE
M0026367,TRUSTWORTHY,-1,NONE,NONE
M0026368,TRUSTWORTHY,-1,NONE,NONE
M0026369,TRUSTWORTHY,-1,NONE,NONE
M0026370,TRUSTWORTHY,-1,NONE,NONE
M0026371,TRUSTWORTHY,-1,NONE,NONE
M0026372,TRUSTWORTHY,-1,NONE,NONE
M0026373,TRUSTWORTHY,-1,NONE,NONE
M0026374,TRUSTWORTHY,-1,NONE,NONE
M0026375,TRUSTWORTHY,-1,NONE,NONE
M0026376,TRUSTWORTHY,-1,NONE,NONE
M0026377,TRUSTWORTHY,-1,NONE,NONE
M0026378,SUSPICIOUS,-1,NONE,NONE
M0026379,MALICIOUS,-1,NONE,NONE
M0026380,TRUSTWORTHY,-1,NONE,NONE
M0026381,TRUSTWORTHY,-1,NONE,NONE
M0026382,TRUSTWORTHY,-1,NONE,NONE
M0026383,SUSPICIOUS,-1,NONE,NONE
M0026384,TRUSTWORTHY,-1,NONE,NONE
M0026385,TRUSTWORTHY,-1,NONE,NONE
M0026386,TRUSTWORTHY,-1,NONE,NONE
M0026387,TRUSTWORTHY,-1,NONE,NONE
M0026388,TRUSTWORTHY,-1,NONE,NONE
M0026389,SUSPICIOUS,-1,NONE,NONE
M0026390,TRUSTWORTHY,-1,NONE,NONE
M0026391,TRUSTWORTHY,-1,NONE,NONE
M0026392,TRUSTWORTHY,-1,NONE,NONE
M0026393,TRUSTWORTHY,-1,NONE,NONE
M0026394,TRUSTWORTHY,-1,NONE,NONE
M0026395,TRUSTWORTHY,-1,NONE,NONE
M0026396,MALICIOUS,-1,NONE,NONE
M0026397,TRUSTWORTHY,-1,NONE,NONE
M0026398,TRUSTWORTHY,-1,NONE,NONE
M0026399,TRUSTWORTHY,-1,NONE,NONE
M0026400,TRUSTWORTHY,-1,NONE,NONE
M0026401,TRUSTWORTHY,-1,NONE,NONE
M0026402,SUSPICIOUS,-1,NONE,NONE
M0026403,TRUSTWORTHY,-1,NONE,NONE
M0026404,TRUSTWORTHY,-1,NONE,NONE
M0026405,TRUSTWORTHY,-1,NONE,NONE
M0026406,TRUSTWORTHY,-1,NONE,NONE
M0026407,TRUSTWORTHY,-1,NONE,NONE
M0026408,TRUSTWORTHY,-1,NONE,NONE
M0026409,TRUSTWORTHY,-1,NONE,NONE
M0026410,TRUSTWORTHY,-1,NONE,NONE
M0026411,TRUSTWORTHY,-1,NONE,NONE
M0026412,TRUSTWORTHY,-1,NONE,NONE
M0026413,TRUSTWORTHY,-1,NONE,NONE
M0026414,TRUSTWORTHY,-1,NONE,NONE
M0026415,TRUSTWORTHY,-1,NONE,NONE
M0026416,TRUSTWORTHY,-1,NONE,NONE
M0026417,SUSPICIOUS,-1,NONE,NONE
M0026418,TRUSTWORTHY,-1,NONE,NONE
M0026419,TRUSTWORTHY,-1,NONE,NONE
M0026420,TRUSTWORTHY,-1,NONE,NONE
M0026421,TRUSTWORTHY,-1,NONE,NONE
M0026422,TRUSTWORTHY,-1,NONE,NONE
M0026423,TRUSTWORTHY,-1,NONE,NONE
M0026424,SUSPICIOUS,-1,NONE,NONE
M0026425,TRUSTWORTHY,-1,NONE,NONE
M0026426,TRUSTWORTHY,-1,NONE,NONE
M0026427,TRUSTWORTHY,-1,NONE,NONE
M0026428,TRUSTWORTHY,-1,NONE,NONE
M0026429,TRUSTWORTHY,-1,NONE,NONE
M0026430,TRUSTWORTHY,-1,NONE,NONE
M0026431,MALICIOUS,-1,NONE,NONE
M0026432,TRUSTWORTHY,-1,NONE,NONE
M0026433,TRUSTWORTHY,-1,NONE,NONE
M0026434,TRUSTWORTHY,-1,NONE,NONE
M0026435,TRUSTWORTHY,-1,NONE,NONE
M0026436,TRUSTWORTHY,-1,NONE,NONE
M0026437,TRUSTWORTHY,-1,NONE,NONE
M0026438,TRUSTWORTHY,-1,NONE,NONE
M0026439,SUSPICIOUS,-1,NONE,NONE
M0026440,TRUSTWORTHY,-1,NONE,NONE
M0026441,TRUSTWORTHY,-1,NONE,NONE
M0026442,TRUSTWORTHY,-1,NONE,NONE
M0026443,TRUSTWORTHY,-1,NONE,NONE
M0026444,MALICIOUS,-1,NONE,NONE
M0026445,MALICIOUS,-1,NONE,NONE
M0026446,TRUSTWORTHY,-1,NONE,NONE
M0026447,TRUSTWORTHY,-1,NONE,NONE
M0026448,SUSPICIOUS,-1,NONE,NONE
M0026449,TRUSTWORTHY,-1,NONE,NONE
M0026450,TRUSTWORTHY,-1,NONE,NONE
M0026451,TRUSTWORTHY,-1,NONE,NONE
M0026452,TRUSTWORTHY,-1,NONE,NONE
M0026453,MALICIOUS,-1,NONE,NONE
M0026454,TRUSTWORTHY,-1,NONE,NONE
M0026455,SUSPICIOUS,-1,NONE,NONE
M0026456,TRUSTWORTHY,-1,NONE,NONE
M0026457,TRUSTWORTHY,-1,NONE,NONE
M0026458,TRUSTWORTHY,-1,NONE,NONE
M0026459,TRUSTWORTHY,-1,NONE,NONE
M0026460,SUSPICIOUS,-1,NONE,NONE
M0026461,TRUSTWORTHY,-1,NONE,NONE
M0026462,TRUSTWORTHY,-1,NONE,NONE
M0026463,TRUSTWORTHY,-1,NONE,NONE
M0026464,MALICIOUS,-1,NONE,NONE
M0026465,MALICIOUS,-1,NONE,NONE
M0026466,TRUSTWORTHY,-1,NONE,NONE
M0026467,SUSPICIOUS,-1,NONE,NONE
M0026468,TRUSTWORTHY,-1,NONE,NONE
M0026469,TRUSTWORTHY,-1,NONE,NONE
M0026470,TRUSTWORTHY,-1,NONE,NONE
M0026471,TRUSTWORTHY,-1,NONE,NONE
M0026472,TRUSTWORTHY,-1,NONE,NONE
M0026473,TRUSTWORTHY,-1,NONE,NONE
M0026474,TRUSTWORTHY,-1,NONE,NONE
M0026475,TRUSTWORTHY,-1,NONE,NONE
M0026476,SUSPICIOUS,-1,NONE,NONE
M0026477,MALICIOUS,-1,NONE,NONE
M0026478,SUSPICIOUS,-1,NONE,NONE
M0026479,TRUSTWORTHY,-1,NONE,NONE
M0026480,TRUSTWORTHY,-1,NONE,NONE
M0026481,TRUSTWORTHY,-1,NONE,NONE
M0026482,TRUSTWORTHY,-1,NONE,NONE
M0026483,TRUSTWORTHY,-1,NONE,NONE
M0026484,SUSPICIOUS,-1,NONE,NONE
M0026485,SUSPICIOUS,-1,NONE,NONE
M0026486,TRUSTWORTHY,-1,NONE,NONE
M0026487,TRUSTWORTHY,-1,NONE,NONE
M0026488,TRUSTWORTHY,-1,NONE,NONE
M0026489,TRUSTWORTHY,-1,NONE,NONE
M0026490,TRUSTWORTHY,-1,NONE,NONE
M0026491,TRUSTWORTHY,-1,NONE,NONE
M0026492,TRUSTWORTHY,-1,NONE,NONE
M0026493,TRUSTWORTHY,-1,NONE,NONE
M0026494,TRUSTWORTHY,-1,NONE,NONE
M0026495,SUSPICIOUS,-1,NONE,NONE
M0026496,SUSPICIOUS,-1,NONE,NONE
M0026497,TRUSTWORTHY,-1,NONE,NONE
M0026498,MALICIOUS,-1,NONE,NONE
M0026499,TRUSTWORTHY,-1,NONE,NONE
M0026500,TRUSTWORTHY,-1,NONE,NONE
M0026501,TRUSTWORTHY,-1,NONE,NONE
M0026502,TRUSTWORTHY,-1,NONE,NONE
M0026503,TRUSTWORTHY,-1,NONE,NONE
M0026504,MALICIOUS,-1,NONE,NONE
M0026505,TRUSTWORTHY,-1,NONE,NONE
M0026506,TRUSTWORTHY,-1,NONE,NONE
M0026507,MALICIOUS,-1,NONE,NONE
M0026508,MALICIOUS,-1,NONE,NONE
M0026509,TRUSTWORTHY,-1,NONE,NONE
M0026510,TRUSTWORTHY,-1,NONE,NONE
M0026511,SUSPICIOUS,-1,NONE,NONE
M0026512,MALICIOUS,-1,NONE,NONE
M0026513,TRUSTWORTHY,-1,NONE,NONE
M0026514,TRUSTWORTHY,-1,NONE,NONE
M0026515,TRUSTWORTHY,-1,NONE,NONE
M0026516,TRUSTWORTHY,-1,NONE,NONE
M0026517,TRUSTWORTHY,-1,NONE,NONE
M0026518,TRUSTWORTHY,-1,NONE,NONE
M0026519,TRUSTWORTHY,-1,NONE,NONE
M0026520,TRUSTWORTHY,-1,NONE,NONE
M0026521,SUSPICIOUS,-1,NONE,NONE
M0026522,SUSPICIOUS,-1,NONE,NONE
M0026523,TRUSTWORTHY,-1,NONE,NONE
M0026524,MALICIOUS,-1,NONE,NONE
M0026525,TRUSTWORTHY,-1,NONE,NONE
M0026526,TRUSTWORTHY,-1,NONE,NONE
M0026527,MALICIOUS,-1,NONE,NONE
M0026528,TRUSTWORTHY,-1,NONE,NONE
M0026529,TRUSTWORTHY,-1,NONE,NONE
M0026530,TRUSTWORTHY,-1,NONE,NONE
M0026531,TRUSTWORTHY,-1,NONE,NONE
M0026532,TRUSTWORTHY,-1,NONE,NONE
M0026533,MALICIOUS,-1,NONE,NONE
M0026534,TRUSTWORTHY,-1,NONE,NONE
M0026535,TRUSTWORTHY,-1,NONE,NONE
M0026536,SUSPICIOUS,-1,NONE,NONE
M0026537,TRUSTWORTHY,-1,NONE,NONE
M0026538,TRUSTWORTHY,-1,NONE,NONE
M0026539,TRUSTWORTHY,-1,NONE,NONE
M0026540,TRUSTWORTHY,-1,NONE,NONE
M0026541,TRUSTWORTHY,-1,NONE,NONE
M0026542,TRUSTWORTHY,-1,NONE,NONE
M0026543,TRUSTWORTHY,-1,NONE,NONE
M0026544,TRUSTWORTHY,-1,NONE,NONE
M0026545,TRUSTWORTHY,-1,NONE,NONE
M0026546,TRUSTWORTHY,-1,NONE,NONE
M0026547,TRUSTWORTHY,-1,NONE,NONE
M0026548,TRUSTWORTHY,-1,NONE,NONE
M0026549,TRUSTWORTHY,-1,NONE,NONE
M0026550,TRUSTWORTHY,-1,NONE,NONE
M0026551,TRUSTWORTHY,-1,NONE,NONE
M0026552,TRUSTWORTHY,-1,NONE,NONE
M0026553,TRUSTWORTHY,-1,NONE,NONE
M0026554,TRUSTWORTHY,-1,NONE,NONE
M0026555,TRUSTWORTHY,-1,NONE,NONE
M0026556,TRUSTWORTHY,-1,NONE,NONE
M0026557,SUSPICIOUS,-1,NONE,NONE
M0026558,TRUSTWORTHY,-1,NONE,NONE
M0026559,TRUSTWORTHY,-1,NONE,NONE
M0026560,TRUSTWORTHY,-1,NONE,NONE
M0026561,TRUSTWORTHY,-1,NONE,NONE
M0026562,MALICIOUS,-1,NONE,NONE
M0026563,TRUSTWORTHY,-1,NONE,NONE
M0026564,TRUSTWORTHY,-1,NONE,NONE
M0026565,TRUSTWORTHY,-1,NONE,NONE
M0026566,TRUSTWORTHY,-1,NONE,NONE
M0026567,TRUSTWORTHY,-1,NONE,NONE
M0026568,TRUSTWORTHY,-1,NONE,NONE
M0026569,TRUSTWORTHY,-1,NONE,NONE
M0026570,TRUSTWORTHY,-1,NONE,NONE
M0026571,SUSPICIOUS,-1,NONE,NONE
M0026572,MALICIOUS,-1,NONE,NONE
M0026573,TRUSTWORTHY,-1,NONE,NONE
M0026574,TRUSTWORTHY,-1,NONE,NONE
M0026575,TRUSTWORTHY,-1,NONE,NONE
M0026576,TRUSTWORTHY,-1,NONE,NONE
M0026577,MALICIOUS,-1,NONE,NONE
M0026578,TRUSTWORTHY,-1,NONE,NONE
M0026579,TRUSTWORTHY,-1,NONE,NONE
M0026580,TRUSTWORTHY,-1,NONE,NONE
M0026581,TRUSTWORTHY,-1,NONE,NONE
M0026582,TRUSTWORTHY,-1,NONE,NONE
M0026583,TRUSTWORTHY,-1,NONE,NONE
M0026584,TRUSTWORTHY,-1,NONE,NONE
M0026585,TRUSTWORTHY,-1,NONE,NONE
M0026586,SUSPICIOUS,-1,NONE,NONE
M0026587,TRUSTWORTHY,-1,NONE,NONE
M0026588,TRUSTWORTHY,-1,NONE,NONE
M0026589,TRUSTWORTHY,-1,NONE,NONE
M0026590,SUSPICIOUS,-1,NONE,NONE
M0026591,TRUSTWORTHY,-1,NONE,NONE
M0026592,TRUSTWORTHY,-1,NONE,NONE
M0026593,MALICIOUS,-1,NONE,NONE
M0026594,TRUSTWORTHY,-1,NONE,NONE
M0026595,TRUSTWORTHY,-1,NONE,NONE
M0026596,TRUSTWORTHY,-1,NONE,NONE
M0026597,TRUSTWORTHY,-1,NONE,NONE
M0026598,MALICIOUS,-1,NONE,NONE
M0026599,TRUSTWORTHY,-1,NONE,NONE
M0026600,TRUSTWORTHY,-1,NONE,NONE
M0026601,TRUSTWORTHY,-1,NONE,NONE
M0026602,TRUSTWORTHY,-1,NONE,NONE
M0026603,MALICIOUS,-1,NONE,NONE
M0026604,TRUSTWORTHY,-1,NONE,NONE
M0026605,TRUSTWORTHY,-1,NONE,NONE
M0026606,TRUSTWORTHY,-1,NONE,NONE
M0026607,TRUSTWORTHY,-1,NONE,NONE
M0026608,TRUSTWORTHY,-1,NONE,NONE
M0026609,TRUSTWORTHY,-1,NONE,NONE
M0026610,TRUSTWORTHY,-1,NONE,NONE
M0026611,TRUSTWORTHY,-1,NONE,NONE
M0026612,TRUSTWORTHY,-1,NONE,NONE
M0026613,TRUSTWORTHY,-1,NONE,NONE
M0026614,TRUSTWORTHY,-1,NONE,NONE
M0026615,TRUSTWORTHY,-1,NONE,NONE
M0026616,TRUSTWORTHY,-1,NONE,NONE
M0026617,TRUSTWORTHY,-1,NONE,NONE
M0026618,MALICIOUS,-1,NONE,NONE
M0026619,TRUSTWORTHY,-1,NONE,NONE
M0026620,TRUSTWORTHY,-1,NONE,NONE
M0026621,TRUSTWORTHY,-1,NONE,NONE
M0026622,MALICIOUS,-1,NONE,NONE
M0026623,SUSPICIOUS,-1,NONE,NONE
M0026624,SUSPICIOUS,-1,NONE,NONE
M0026625,TRUSTWORTHY,-1,NONE,NONE
M0026626,MALICIOUS,-1,NONE,NONE
M0026627,TRUSTWORTHY,-1,NONE,NONE
M0026628,TRUSTWORTHY,-1,NONE,NONE
M0026629,SUSPICIOUS,-1,NONE,NONE
M0026630,MALICIOUS,-1,NONE,NONE
M0026631,SUSPICIOUS,-1,NONE,NONE
M0026632,TRUSTWORTHY,-1,NONE,NONE
M0026633,TRUSTWORTHY,-1,NONE,NONE
M0026634,TRUSTWORTHY,-1,NONE,NONE
M0026635,TRUSTWORTHY,-1,NONE,NONE
M0026636,TRUSTWORTHY,-1,NONE,NONE
M0026637,SUSPICIOUS,-1,NONE,NONE
M0026638,TRUSTWORTHY,-1,NONE,NONE
M0026639,TRUSTWORTHY,-1,NONE,NONE
M0026640,TRUSTWORTHY,-1,NONE,NONE
M0026641,TRUSTWORTHY,-1,NONE,NONE
M0026642,SUSPICIOUS,-1,NONE,NONE
M0026643,MALICIOUS,-1,NONE,NONE
M0026644,TRUSTWORTHY,-1,NONE,NONE
M0026645,MALICIOUS,-1,NONE,NONE
M0026646,MALICIOUS,-1,NONE,NONE
M0026647,TRUSTWORTHY,-1,NONE,NONE
M0026648,TRUSTWORTHY,-1,NONE,NONE
M0026649,SUSPICIOUS,-1,NONE,NONE
M0026650,TRUSTWORTHY,-1,NONE,NONE
M0026651,MALICIOUS,-1,NONE,NONE
M0026652,TRUSTWORTHY,-1,NONE,NONE
M0026653,TRUSTWORTHY,-1,NONE,NONE
M0026654,TRUSTWORTHY,-1,NONE,NONE
M0026655,TRUSTWORTHY,-1,NONE,NONE
M0026656,TRUSTWORTHY,-1,NONE,NONE
M0026657,TRUSTWORTHY,-1,NONE,NONE
M0026658,TRUSTWORTHY,-1,NONE,NONE
M0026659,TRUSTWORTHY,-1,NONE,NONE
M0026660,TRUSTWORTHY,-1,NONE,NONE
M0026661,TRUSTWORTHY,-1,NONE,NONE
M0026662,TRUSTWORTHY,-1,NONE,NONE
M0026663,TRUSTWORTHY,-1,NONE,NONE
M0026664,SUSPICIOUS,-1,NONE,NONE
M0026665,SUSPICIOUS,-1,NONE,NONE
M0026666,MALICIOUS,-1,NONE,NONE
M0026667,MALICIOUS,-1,NONE,NONE
M0026668,MALICIOUS,-1,NONE,NONE
M0026669,SUSPICIOUS,-1,NONE,NONE
M0026670,TRUSTWORTHY,-1,NONE,NONE
M0026671,SUSPICIOUS,-1,NONE,NONE
M0026672,TRUSTWORTHY,-1,NONE,NONE
M0026673,SUSPICIOUS,-1,NONE,NONE
M0026674,SUSPICIOUS,-1,NONE,NONE
M0026675,TRUSTWORTHY,-1,NONE,NONE
M0026676,TRUSTWORTHY,-1,NONE,NONE
M0026677,TRUSTWORTHY,-1,NONE,NONE
M0026678,TRUSTWORTHY,-1,NONE,NONE
M0026679,SUSPICIOUS,-1,NONE,NONE
M0026680,TRUSTWORTHY,-1,NONE,NONE
M0026681,TRUSTWORTHY,-1,NONE,NONE
M0026682,TRUSTWORTHY,-1,NONE,NONE
M0026683,TRUSTWORTHY,-1,NONE,NONE
M0026684,TRUSTWORTHY,-1,NONE,NONE
M0026685,SUSPICIOUS,-1,NONE,NONE
M0026686,SUSPICIOUS,-1,NONE,NONE
M0026687,TRUSTWORTHY,-1,NONE,NONE
M0026688,TRUSTWORTHY,-1,NONE,NONE
M0026689,TRUSTWORTHY,-1,NONE,NONE
M0026690,SUSPICIOUS,-1,NONE,NONE
M0026691,SUSPICIOUS,-1,NONE,NONE
M0026692,SUSPICIOUS,-1,NONE,NONE
M0026693,TRUSTWORTHY,-1,NONE,NONE
M0026694,TRUSTWORTHY,-1,NONE,NONE
M0026695,TRUSTWORTHY,-1,NONE,NONE
M0026696,TRUSTWORTHY,-1,NONE,NONE
M0026697,TRUSTWORTHY,-1,NONE,NONE
M0026698,MALICIOUS,-1,NONE,NONE
M0026699,SUSPICIOUS,-1,NONE,NONE
M0026700,TRUSTWORTHY,-1,NONE,NONE
M0026701,TRUSTWORTHY,-1,NONE,NONE
M0026702,TRUSTWORTHY,-1,NONE,NONE
M0026703,TRUSTWORTHY,-1,NONE,NONE
M0026704,TRUSTWORTHY,-1,NONE,NONE
M0026705,TRUSTWORTHY,-1,NONE,NONE
M0026706,SUSPICIOUS,-1,NONE,NONE
M0026707,SUSPICIOUS,-1,NONE,NONE
M0026708,MALICIOUS,-1,NONE,NONE
M0026709,TRUSTWORTHY,-1,NONE,NONE
M0026710,MALICIOUS,-1,NONE,NONE
M0026711,TRUSTWORTHY,-1,NONE,NONE
M0026712,TRUSTWORTHY,-1,NONE,NONE
M0026713,SUSPICIOUS,-1,NONE,NONE
M0026714,SUSPICIOUS,-1,NONE,NONE
M0026715,TRUSTWORTHY,-1,NONE,NONE
M0026716,SUSPICIOUS,-1,NONE,NONE
M0026717,TRUSTWORTHY,-1,NONE,NONE
M0026718,MALICIOUS,-1,NONE,NONE
M0026719,TRUSTWORTHY,-1,NONE,NONE
M0026720,TRUSTWORTHY,-1,NONE,NONE
M0026721,TRUSTWORTHY,-1,NONE,NONE
M0026722,TRUSTWORTHY,-1,NONE,NONE
M0026723,SUSPICIOUS,-1,NONE,NONE
M0026724,TRUSTWORTHY,-1,NONE,NONE
M0026725,TRUSTWORTHY,-1,NONE,NONE
M0026726,TRUSTWORTHY,-1,NONE,NONE
M0026727,TRUSTWORTHY,-1,NONE,NONE
M0026728,TRUSTWORTHY,-1,NONE,NONE
M0026729,TRUSTWORTHY,-1,NONE,NONE
M0026730,TRUSTWORTHY,-1,NONE,NONE
M0026731,TRUSTWORTHY,-1,NONE,NONE
M0026732,TRUSTWORTHY,-1,NONE,NONE
M0026733,SUSPICIOUS,-1,NONE,NONE
M0026734,TRUSTWORTHY,-1,NONE,NONE
M0026735,TRUSTWORTHY,-1,NONE,NONE
M0026736,TRUSTWORTHY,-1,NONE,NONE
M0026737,TRUSTWORTHY,-1,NONE,NONE
M0026738,TRUSTWORTHY,-1,NONE,NONE
M0026739,TRUSTWORTHY,-1,NONE,NONE
M0026740,TRUSTWORTHY,-1,NONE,NONE
M0026741,TRUSTWORTHY,-1,NONE,NONE
M0026742,SUSPICIOUS,-1,NONE,NONE
M0026743,TRUSTWORTHY,-1,NONE,NONE
M0026744,TRUSTWORTHY,-1,NONE,NONE
M0026745,TRUSTWORTHY,-1,NONE,NONE
M0026746,TRUSTWORTHY,-1,NONE,NONE
M0026747,MALICIOUS,-1,NONE,NONE
M0026748,TRUSTWORTHY,-1,NONE,NONE
M0026749,TRUSTWORTHY,-1,NONE,NONE
M0026750,TRUSTWORTHY,-1,NONE,NONE
M0026751,TRUSTWORTHY,-1,NONE,NONE
M0026752,TRUSTWORTHY,-1,NONE,NONE
M0026753,SUSPICIOUS,-1,NONE,NONE
M0026754,TRUSTWORTHY,-1,NONE,NONE
M0026755,TRUSTWORTHY,-1,NONE,NONE
M0026756,TRUSTWORTHY,-1,NONE,NONE
M0026757,TRUSTWORTHY,-1,NONE,NONE
M0026758,TRUSTWORTHY,-1,NONE,NONE
M0026759,MALICIOUS,-1,NONE,NONE
M0026760,TRUSTWORTHY,-1,NONE,NONE
M0026761,SUSPICIOUS,-1,NONE,NONE
M0026762,MALICIOUS,-1,NONE,NONE
M0026763,TRUSTWORTHY,-1,NONE,NONE
M0026764,TRUSTWORTHY,-1,NONE,NONE
M0026765,TRUSTWORTHY,-1,NONE,NONE
M0026766,TRUSTWORTHY,-1,NONE,NONE
M0026767,SUSPICIOUS,-1,NONE,NONE
M0026768,TRUSTWORTHY,-1,NONE,NONE
M0026769,SUSPICIOUS,-1,NONE,NONE
M0026770,TRUSTWORTHY,-1,NONE,NONE
M0026771,TRUSTWORTHY,-1,NONE,NONE
M0026772,MALICIOUS,-1,NONE,NONE
M0026773,TRUSTWORTHY,-1,NONE,NONE
M0026774,MALICIOUS,-1,NONE,NONE
M0026775,MALICIOUS,-1,NONE,NONE
M0026776,TRUSTWORTHY,-1,NONE,NONE
M0026777,TRUSTWORTHY,-1,NONE,NONE
M0026778,TRUSTWORTHY,-1,NONE,NONE
M0026779,SUSPICIOUS,-1,NONE,NONE
M0026780,TRUSTWORTHY,-1,NONE,NONE
M0026781,TRUSTWORTHY,-1,NONE,NONE
M0026782,TRUSTWORTHY,-1,NONE,NONE
M0026783,TRUSTWORTHY,-1,NONE,NONE
M0026784,TRUSTWORTHY,-1,NONE,NONE
M0026785,TRUSTWORTHY,-1,NONE,NONE
M0026786,TRUSTWORTHY,-1,NONE,NONE
M0026787,TRUSTWORTHY,-1,NONE,NONE
M0026788,TRUSTWORTHY,-1,NONE,NONE
M0026789,TRUSTWORTHY,-1,NONE,NONE
M0026790,SUSPICIOUS,-1,NONE,NONE
M0026791,TRUSTWORTHY,-1,NONE,NONE
M0026792,MALICIOUS,-1,NONE,NONE
M0026793,TRUSTWORTHY,-1,NONE,NONE
M0026794,TRUSTWORTHY,-1,NONE,NONE
M0026795,MALICIOUS,-1,NONE,NONE
M0026796,TRUSTWORTHY,-1,NONE,NONE
M0026797,TRUSTWORTHY,-1,NONE,NONE
M0026798,MALICIOUS,-1,NONE,NONE
M0026799,TRUSTWORTHY,-1,NONE,NONE
M0026800,TRUSTWORTHY,-1,NONE,NONE
M0026801,TRUSTWORTHY,-1,NONE,NONE
M0026802,TRUSTWORTHY,-1,NONE,NONE
M0026803,TRUSTWORTHY,-1,NONE,NONE
M0026804,TRUSTWORTHY,-1,NONE,NONE
M0026805,TRUSTWORTHY,-1,NONE,NONE
M0026806,SUSPICIOUS,-1,NONE,NONE
M0026807,SUSPICIOUS,-1,NONE,NONE
M0026808,SUSPICIOUS,-1,NONE,NONE
M0026809,TRUSTWORTHY,-1,NONE,NONE
M0026810,SUSPICIOUS,-1,NONE,NONE
M0026811,TRUSTWORTHY,-1,NONE,NONE
M0026812,TRUSTWORTHY,-1,NONE,NONE
M0026813,TRUSTWORTHY,-1,NONE,NONE
M0026814,TRUSTWORTHY,-1,NONE,NONE
M0026815,TRUSTWORTHY,-1,NONE,NONE
M0026816,SUSPICIOUS,-1,NONE,NONE
M0026817,MALICIOUS,-1,NONE,NONE
M0026818,TRUSTWORTHY,-1,NONE,NONE
M0026819,TRUSTWORTHY,-1,NONE,NONE
M0026820,TRUSTWORTHY,-1,NONE,NONE
M0026821,TRUSTWORTHY,-1,NONE,NONE
M0026822,TRUSTWORTHY,-1,NONE,NONE
M0026823,TRUSTWORTHY,-1,NONE,NONE
M0026824,TRUSTWORTHY,-1,NONE,NONE
M0026825,TRUSTWORTHY,-1,NONE,NONE
M0026826,SUSPICIOUS,-1,NONE,NONE
M0026827,TRUSTWORTHY,-1,NONE,NONE
M0026828,TRUSTWORTHY,-1,NONE,NONE
M0026829,TRUSTWORTHY,-1,NONE,NONE
M0026830,MALICIOUS,-1,NONE,NONE
M0026831,TRUSTWORTHY,-1,NONE,NONE
M0026832,MALICIOUS,-1,NONE,NONE
M0026833,TRUSTWORTHY,-1,NONE,NONE
M0026834,TRUSTWORTHY,-1,NONE,NONE
M0026835,TRUSTWORTHY,-1,NONE,NONE
M0026836,SUSPICIOUS,-1,NONE,NONE
M0026837,TRUSTWORTHY,-1,NONE,NONE
M0026838,TRUSTWORTHY,-1,NONE,NONE
M0026839,TRUSTWORTHY,-1,NONE,NONE
M0026840,TRUSTWORTHY,-1,NONE,NONE
M0026841,TRUSTWORTHY,-1,NONE,NONE
M0026842,TRUSTWORTHY,-1,NONE,NONE
M0026843,TRUSTWORTHY,-1,NONE,NONE
M0026844,TRUSTWORTHY,-1,NONE,NONE
M0026845,TRUSTWORTHY,-1,NONE,NONE
M0026846,TRUSTWORTHY,-1,NONE,NONE
M0026847,TRUSTWORTHY,-1,NONE,NONE
M0026848,TRUSTWORTHY,-1,NONE,NONE
M0026849,TRUSTWORTHY,-1,NONE,NONE
M0026850,TRUSTWORTHY,-1,NONE,NONE
M0026851,TRUSTWORTHY,-1,NONE,NONE
M0026852,TRUSTWORTHY,-1,NONE,NONE
M0026853,TRUSTWORTHY,-1,NONE,NONE
M0026854,SUSPICIOUS,-1,NONE,NONE
M0026855,TRUSTWORTHY,-1,NONE,NONE
M0026856,TRUSTWORTHY,-1,NONE,NONE
M0026857,TRUSTWORTHY,-1,NONE,NONE
M0026858,TRUSTWORTHY,-1,NONE,NONE
M0026859,SUSPICIOUS,-1,NONE,NONE
M0026860,TRUSTWORTHY,-1,NONE,NONE
M0026861,MALICIOUS,-1,NONE,NONE
M0026862,TRUSTWORTHY,-1,NONE,NONE
M0026863,SUSPICIOUS,-1,NONE,NONE
M0026864,TRUSTWORTHY,-1,NONE,NONE
M0026865,TRUSTWORTHY,-1,NONE,NONE
M0026866,TRUSTWORTHY,-1,NONE,NONE
M0026867,TRUSTWORTHY,-1,NONE,NONE
M0026868,MALICIOUS,-1,NONE,NONE
M0026869,TRUSTWORTHY,-1,NONE,NONE
M0026870,TRUSTWORTHY,-1,NONE,NONE
M0026871,TRUSTWORTHY,-1,NONE,NONE
M0026872,SUSPICIOUS,-1,NONE,NONE
M0026873,TRUSTWORTHY,-1,NONE,NONE
M0026874,TRUSTWORTHY,-1,NONE,NONE
M0026875,TRUSTWORTHY,-1,NONE,NONE
M0026876,SUSPICIOUS,-1,NONE,NONE
M0026877,TRUSTWORTHY,-1,NONE,NONE
M0026878,TRUSTWORTHY,-1,NONE,NONE
M0026879,MALICIOUS,-1,NONE,NONE
M0026880,TRUSTWORTHY,-1,NONE,NONE
M0026881,SUSPICIOUS,-1,NONE,NONE
M0026882,TRUSTWORTHY,-1,NONE,NONE
M0026883,TRUSTWORTHY,-1,NONE,NONE
M0026884,TRUSTWORTHY,-1,NONE,NONE
M0026885,TRUSTWORTHY,-1,NONE,NONE
M0026886,TRUSTWORTHY,-1,NONE,NONE
M0026887,TRUSTWORTHY,-1,NONE,NONE
M0026888,TRUSTWORTHY,-1,NONE,NONE
M0026889,TRUSTWORTHY,-1,NONE,NONE
M0026890,TRUSTWORTHY,-1,NONE,NONE
M0026891,MALICIOUS,-1,NONE,NONE
M0026892,MALICIOUS,-1,NONE,NONE
M0026893,TRUSTWORTHY,-1,NONE,NONE
M0026894,TRUSTWORTHY,-1,NONE,NONE
M0026895,SUSPICIOUS,-1,NONE,NONE
M0026896,SUSPICIOUS,-1,NONE,NONE
M0026897,TRUSTWORTHY,-1,NONE,NONE
M0026898,TRUSTWORTHY,-1,NONE,NONE
M0026899,SUSPICIOUS,-1,NONE,NONE
M0026900,TRUSTWORTHY,-1,NONE,NONE
M0026901,MALICIOUS,-1,NONE,NONE
M0026902,MALICIOUS,-1,NONE,NONE
M0026903,TRUSTWORTHY,-1,NONE,NONE
M0026904,TRUSTWORTHY,-1,NONE,NONE
M0026905,TRUSTWORTHY,-1,NONE,NONE
M0026906,TRUSTWORTHY,-1,NONE,NONE
M0026907,TRUSTWORTHY,-1,NONE,NONE
M0026908,TRUSTWORTHY,-1,NONE,NONE
M0026909,MALICIOUS,-1,NONE,NONE
M0026910,TRUSTWORTHY,-1,NONE,NONE
M0026911,TRUSTWORTHY,-1,NONE,NONE
M0026912,TRUSTWORTHY,-1,NONE,NONE
M0026913,TRUSTWORTHY,-1,NONE,NONE
M0026914,SUSPICIOUS,-1,NONE,NONE
M0026915,TRUSTWORTHY,-1,NONE,NONE
M0026916,TRUSTWORTHY,-1,NONE,NONE
M0026917,SUSPICIOUS,-1,NONE,NONE
M0026918,MALICIOUS,-1,NONE,NONE
M0026919,MALICIOUS,-1,NONE,NONE
M0026920,MALICIOUS,-1,NONE,NONE
M0026921,TRUSTWORTHY,-1,NONE,NONE
M0026922,TRUSTWORTHY,-1,NONE,NONE
M0026923,SUSPICIOUS,-1,NONE,NONE
M0026924,MALICIOUS,-1,NONE,NONE
M0026925,TRUSTWORTHY,-1,NONE,NONE
M0026926,TRUSTWORTHY,-1,NONE,NONE
M0026927,TRUSTWORTHY,-1,NONE,NONE
M0026928,TRUSTWORTHY,-1,NONE,NONE
M0026929,TRUSTWORTHY,-1,NONE,NONE
M0026930,TRUSTWORTHY,-1,NONE,NONE
M0026931,TRUSTWORTHY,-1,NONE,NONE
M0026932,MALICIOUS,-1,NONE,NONE
M0026933,TRUSTWORTHY,-1,NONE,NONE
M0026934,TRUSTWORTHY,-1,NONE,NONE
M0026935,TRUSTWORTHY,-1,NONE,NONE
M0026936,MALICIOUS,-1,NONE,NONE
M0026937,TRUSTWORTHY,-1,NONE,NONE
M0026938,MALICIOUS,-1,NONE,NONE
M0026939,MALICIOUS,-1,NONE,NONE
M0026940,TRUSTWORTHY,-1,NONE,NONE
M0026941,TRUSTWORTHY,-1,NONE,NONE
M0026942,TRUSTWORTHY,-1,NONE,NONE
M0026943,TRUSTWORTHY,-1,NONE,NONE
M0026944,TRUSTWORTHY,-1,NONE,NONE
M0026945,SUSPICIOUS,-1,NONE,NONE
M0026946,TRUSTWORTHY,-1,NONE,NONE
M0026947,TRUSTWORTHY,-1,NONE,NONE
M0026948,TRUSTWORTHY,-1,NONE,NONE
M0026949,TRUSTWORTHY,-1,NONE,NONE
M0026950,TRUSTWORTHY,-1,NONE,NONE
M0026951,TRUSTWORTHY,-1,NONE,NONE
M0026952,TRUSTWORTHY,-1,NONE,NONE
M0026953,TRUSTWORTHY,-1,NONE,NONE
M0026954,TRUSTWORTHY,-1,NONE,NONE
M0026955,TRUSTWORTHY,-1,NONE,NONE
M0026956,TRUSTWORTHY,-1,NONE,NONE
M0026957,MALICIOUS,-1,NONE,NONE
M0026958,TRUSTWORTHY,-1,NONE,NONE
M0026959,SUSPICIOUS,-1,NONE,NONE
M0026960,TRUSTWORTHY,-1,NONE,NONE
M0026961,SUSPICIOUS,-1,NONE,NONE
M0026962,TRUSTWORTHY,-1,NONE,NONE
M0026963,TRUSTWORTHY,-1,NONE,NONE
M0026964,TRUSTWORTHY,-1,NONE,NONE
M0026965,TRUSTWORTHY,-1,NONE,NONE
M0026966,SUSPICIOUS,-1,NONE,NONE
M0026967,TRUSTWORTHY,-1,NONE,NONE
M0026968,TRUSTWORTHY,-1,NONE,NONE
M0026969,TRUSTWORTHY,-1,NONE,NONE
M0026970,TRUSTWORTHY,-1,NONE,NONE
M0026971,TRUSTWORTHY,-1,NONE,NONE
M0026972,TRUSTWORTHY,-1,NONE,NONE
M0026973,TRUSTWORTHY,-1,NONE,NONE
M0026974,SUSPICIOUS,-1,NONE,NONE
M0026975,TRUSTWORTHY,-1,NONE,NONE
M0026976,SUSPICIOUS,-1,NONE,NONE
M0026977,TRUSTWORTHY,-1,NONE,NONE
M0026978,TRUSTWORTHY,-1,NONE,NONE
M0026979,MALICIOUS,-1,NONE,NONE
M0026980,MALICIOUS,-1,NONE,NONE
M0026981,TRUSTWORTHY,-1,NONE,NONE
M0026982,TRUSTWORTHY,-1,NONE,NONE
M0026983,TRUSTWORTHY,-1,NONE,NONE
M0026984,TRUSTWORTHY,-1,NONE,NONE
M0026985,MALICIOUS,-1,NONE,NONE
M0026986,TRUSTWORTHY,-1,NONE,NONE
M0026987,TRUSTWORTHY,-1,NONE,NONE
M0026988,TRUSTWORTHY,-1,NONE,NONE
M0026989,SUSPICIOUS,-1,NONE,NONE
M0026990,MALICIOUS,-1,NONE,NONE
M0026991,TRUSTWORTHY,-1,NONE,NONE
M0026992,TRUSTWORTHY,-1,NONE,NONE
M0026993,TRUSTWORTHY,-1,NONE,NONE
M0026994,TRUSTWORTHY,-1,NONE,NONE
M0026995,TRUSTWORTHY,-1,NONE,NONE
M0026996,TRUSTWORTHY,-1,NONE,NONE
M0026997,MALICIOUS,-1,NONE,NONE
M0026998,TRUSTWORTHY,-1,NONE,NONE
M0026999,TRUSTWORTHY,-1,NONE,NONE
M0027000,TRUSTWORTHY,-1,NONE,NONE
M0027001,TRUSTWORTHY,-1,NONE,NONE
M0027002,TRUSTWORTHY,-1,NONE,NONE
M0027003,TRUSTWORTHY,-1,NONE,NONE
M0027004,TRUSTWORTHY,-1,NONE,NONE
M0027005,SUSPICIOUS,-1,NONE,NONE
M0027006,TRUSTWORTHY,-1,NONE,NONE
M0027007,TRUSTWORTHY,-1,NONE,NONE
M0027008,SUSPICIOUS,-1,NONE,NONE
M0027009,TRUSTWORTHY,-1,NONE,NONE
M0027010,SUSPICIOUS,-1,NONE,NONE
M0027011,TRUSTWORTHY,-1,NONE,NONE
M0027012,TRUSTWORTHY,-1,NONE,NONE
M0027013,TRUSTWORTHY,-1,NONE,NONE
M0027014,TRUSTWORTHY,-1,NONE,NONE
M0027015,MALICIOUS,-1,NONE,NONE
M0027016,TRUSTWORTHY,-1,NONE,NONE
M0027017,TRUSTWORTHY,-1,NONE,NONE
M0027018,SUSPICIOUS,-1,NONE,NONE
M0027019,TRUSTWORTHY,-1,NONE,NONE
M0027020,TRUSTWORTHY,-1,NONE,NONE
M0027021,SUSPICIOUS,-1,NONE,NONE
M0027022,TRUSTWORTHY,-1,NONE,NONE
M0027023,TRUSTWORTHY,-1,NONE,NONE
M0027024,TRUSTWORTHY,-1,NONE,NONE
M0027025,SUSPICIOUS,-1,NONE,NONE
M0027026,TRUSTWORTHY,-1,NONE,NONE
M0027027,TRUSTWORTHY,-1,NONE,NONE
M0027028,TRUSTWORTHY,-1,NONE,NONE
M0027029,TRUSTWORTHY,-1,NONE,NONE
M0027030,TRUSTWORTHY,-1,NONE,NONE
M0027031,TRUSTWORTHY,-1,NONE,NONE
M0027032,TRUSTWORTHY,-1,NONE,NONE
M0027033,MALICIOUS,-1,NONE,NONE
M0027034,TRUSTWORTHY,-1,NONE,NONE
M0027035,TRUSTWORTHY,-1,NONE,NONE
M0027036,TRUSTWORTHY,-1,NONE,NONE
M0027037,TRUSTWORTHY,-1,NONE,NONE
M0027038,TRUSTWORTHY,-1,NONE,NONE
M0027039,TRUSTWORTHY,-1,NONE,NONE
M0027040,TRUSTWORTHY,-1,NONE,NONE
M0027041,MALICIOUS,-1,NONE,NONE
M0027042,MALICIOUS,-1,NONE,NONE
M0027043,TRUSTWORTHY,-1,NONE,NONE
M0027044,TRUSTWORTHY,-1,NONE,NONE
M0027045,TRUSTWORTHY,-1,NONE,NONE
M0027046,TRUSTWORTHY,-1,NONE,NONE
M0027047,TRUSTWORTHY,-1,NONE,NONE
M0027048,TRUSTWORTHY,-1,NONE,NONE
M0027049,TRUSTWORTHY,-1,NONE,NONE
M0027050,TRUSTWORTHY,-1,NONE,NONE
M0027051,TRUSTWORTHY,-1,NONE,NONE
M0027052,TRUSTWORTHY,-1,NONE,NONE
M0027053,TRUSTWORTHY,-1,NONE,NONE
M0027054,TRUSTWORTHY,-1,NONE,NONE
M0027055,TRUSTWORTHY,-1,NONE,NONE
M0027056,TRUSTWORTHY,-1,NONE,NONE
M0027057,MALICIOUS,-1,NONE,NONE
M0027058,SUSPICIOUS,-1,NONE,NONE
M0027059,TRUSTWORTHY,-1,NONE,NONE
M0027060,SUSPICIOUS,-1,NONE,NONE
M0027061,TRUSTWORTHY,-1,NONE,NONE
M0027062,TRUSTWORTHY,-1,NONE,NONE
M0027063,TRUSTWORTHY,-1,NONE,NONE
M0027064,MALICIOUS,-1,NONE,NONE
M0027065,TRUSTWORTHY,-1,NONE,NONE
M0027066,MALICIOUS,-1,NONE,NONE
M0027067,TRUSTWORTHY,-1,NONE,NONE
M0027068,TRUSTWORTHY,-1,NONE,NONE
M0027069,TRUSTWORTHY,-1,NONE,NONE
M0027070,TRUSTWORTHY,-1,NONE,NONE
M0027071,TRUSTWORTHY,-1,NONE,NONE
M0027072,TRUSTWORTHY,-1,NONE,NONE
M0027073,TRUSTWORTHY,-1,NONE,NONE
M0027074,TRUSTWORTHY,-1,NONE,NONE
M0027075,TRUSTWORTHY,-1,NONE,NONE
M0027076,SUSPICIOUS,-1,NONE,NONE
M0027077,TRUSTWORTHY,-1,NONE,NONE
M0027078,TRUSTWORTHY,-1,NONE,NONE
M0027079,SUSPICIOUS,-1,NONE,NONE
M0027080,TRUSTWORTHY,-1,NONE,NONE
M0027081,TRUSTWORTHY,-1,NONE,NONE
M0027082,TRUSTWORTHY,-1,NONE,NONE
M0027083,TRUSTWORTHY,-1,NONE,NONE
M0027084,TRUSTWORTHY,-1,NONE,NONE
M0027085,TRUSTWORTHY,-1,NONE,NONE
M0027086,TRUSTWORTHY,-1,NONE,NONE
M0027087,TRUSTWORTHY,-1,NONE,NONE
M0027088,TRUSTWORTHY,-1,NONE,NONE
M0027089,MALICIOUS,-1,NONE,NONE
M0027090,MALICIOUS,-1,NONE,NONE
M0027091,TRUSTWORTHY,-1,NONE,NONE
M0027092,TRUSTWORTHY,-1,NONE,NONE
M0027093,SUSPICIOUS,-1,NONE,NONE
M0027094,TRUSTWORTHY,-1,NONE,NONE
M0027095,TRUSTWORTHY,-1,NONE,NONE
M0027096,TRUSTWORTHY,-1,NONE,NONE
M0027097,TRUSTWORTHY,-1,NONE,NONE
M0027098,TRUSTWORTHY,-1,NONE,NONE
M0027099,TRUSTWORTHY,-1,NONE,NONE
M0027100,SUSPICIOUS,-1,NONE,NONE
M0027101,TRUSTWORTHY,-1,NONE,NONE
M0027102,TRUSTWORTHY,-1,NONE,NONE
M0027103,TRUSTWORTHY,-1,NONE,NONE
M0027104,TRUSTWORTHY,-1,NONE,NONE
M0027105,TRUSTWORTHY,-1,NONE,NONE
M0027106,SUSPICIOUS,-1,NONE,NONE
M0027107,SUSPICIOUS,-1,NONE,NONE
M0027108,TRUSTWORTHY,-1,NONE,NONE
M0027109,TRUSTWORTHY,-1,NONE,NONE
M0027110,SUSPICIOUS,-1,NONE,NONE
M0027111,TRUSTWORTHY,-1,NONE,NONE
M0027112,SUSPICIOUS,-1,NONE,NONE
M0027113,TRUSTWORTHY,-1,NONE,NONE
M0027114,TRUSTWORTHY,-1,NONE,NONE
M0027115,TRUSTWORTHY,-1,NONE,NONE
M0027116,MALICIOUS,-1,NONE,NONE
M0027117,SUSPICIOUS,-1,NONE,NONE
M0027118,TRUSTWORTHY,-1,NONE,NONE
M0027119,TRUSTWORTHY,-1,NONE,NONE
M0027120,TRUSTWORTHY,-1,NONE,NONE
M0027121,TRUSTWORTHY,-1,NONE,NONE
M0027122,TRUSTWORTHY,-1,NONE,NONE
M0027123,TRUSTWORTHY,-1,NONE,NONE
M0027124,MALICIOUS,-1,NONE,NONE
M0027125,MALICIOUS,-1,NONE,NONE
M0027126,TRUSTWORTHY,-1,NONE,NONE
M0027127,TRUSTWORTHY,-1,NONE,NONE
M0027128,TRUSTWORTHY,-1,NONE,NONE
M0027129,TRUSTWORTHY,-1,NONE,NONE
M0027130,TRUSTWORTHY,-1,NONE,NONE
M0027131,TRUSTWORTHY,-1,NONE,NONE
M0027132,MALICIOUS,-1,NONE,NONE
M0027133,TRUSTWORTHY,-1,NONE,NONE
M0027134,TRUSTWORTHY,-1,NONE,NONE
M0027135,TRUSTWORTHY,-1,NONE,NONE
M0027136,TRUSTWORTHY,-1,NONE,NONE
M0027137,TRUSTWORTHY,-1,NONE,NONE
M0027138,TRUSTWORTHY,-1,NONE,NONE
M0027139,TRUSTWORTHY,-1,NONE,NONE
M0027140,TRUSTWORTHY,-1,NONE,NONE
M0027141,TRUSTWORTHY,-1,NONE,NONE
M0027142,TRUSTWORTHY,-1,NONE,NONE
M0027143,TRUSTWORTHY,-1,NONE,NONE
M0027144,TRUSTWORTHY,-1,NONE,NONE
M0027145,TRUSTWORTHY,-1,NONE,NONE
M0027146,MALICIOUS,-1,NONE,NONE
M0027147,SUSPICIOUS,-1,NONE,NONE
M0027148,TRUSTWORTHY,-1,NONE,NONE
M0027149,MALICIOUS,-1,NONE,NONE
M0027150,TRUSTWORTHY,-1,NONE,NONE
M0027151,TRUSTWORTHY,-1,NONE,NONE
M0027152,TRUSTWORTHY,-1,NONE,NONE
M0027153,TRUSTWORTHY,-1,NONE,NONE
M0027154,TRUSTWORTHY,-1,NONE,NONE
M0027155,TRUSTWORTHY,-1,NONE,NONE
M0027156,TRUSTWORTHY,-1,NONE,NONE
M0027157,TRUSTWORTHY,-1,NONE,NONE
M0027158,TRUSTWORTHY,-1,NONE,NONE
M0027159,SUSPICIOUS,-1,NONE,NONE
M0027160,TRUSTWORTHY,-1,NONE,NONE
M0027161,MALICIOUS,-1,NONE,NONE
M0027162,TRUSTWORTHY,-1,NONE,NONE
M0027163,SUSPICIOUS,-1,NONE,NONE
M0027164,TRUSTWORTHY,-1,NONE,NONE
M0027165,TRUSTWORTHY,-1,NONE,NONE
M0027166,TRUSTWORTHY,-1,NONE,NONE
M0027167,TRUSTWORTHY,-1,NONE,NONE
M0027168,TRUSTWORTHY,-1,NONE,NONE
M0027169,TRUSTWORTHY,-1,NONE,NONE
M0027170,TRUSTWORTHY,-1,NONE,NONE
M0027171,TRUSTWORTHY,-1,NONE,NONE
M0027172,TRUSTWORTHY,-1,NONE,NONE
M0027173,TRUSTWORTHY,-1,NONE,NONE
M0027174,MALICIOUS,-1,NONE,NONE
M0027175,TRUSTWORTHY,-1,NONE,NONE
M0027176,SUSPICIOUS,-1,NONE,NONE
M0027177,TRUSTWORTHY,-1,NONE,NONE
M0027178,TRUSTWORTHY,-1,NONE,NONE
M0027179,TRUSTWORTHY,-1,NONE,NONE
M0027180,TRUSTWORTHY,-1,NONE,NONE
M0027181,MALICIOUS,-1,NONE,NONE
M0027182,TRUSTWORTHY,-1,NONE,NONE
M0027183,MALICIOUS,-1,NONE,NONE
M0027184,TRUSTWORTHY,-1,NONE,NONE
M0027185,TRUSTWORTHY,-1,NONE,NONE
M0027186,TRUSTWORTHY,-1,NONE,NONE
M0027187,TRUSTWORTHY,-1,NONE,NONE
M0027188,TRUSTWORTHY,-1,NONE,NONE
M0027189,MALICIOUS,-1,NONE,NONE
M0027190,TRUSTWORTHY,-1,NONE,NONE
M0027191,TRUSTWORTHY,-1,NONE,NONE
M0027192,TRUSTWORTHY,-1,NONE,NONE
M0027193,SUSPICIOUS,-1,NONE,NONE
M0027194,TRUSTWORTHY,-1,NONE,NONE
M0027195,TRUSTWORTHY,-1,NONE,NONE
M0027196,SUSPICIOUS,-1,NONE,NONE
M0027197,SUSPICIOUS,-1,NONE,NONE
M0027198,SUSPICIOUS,-1,NONE,NONE
M0027199,TRUSTWORTHY,-1,NONE,NONE
M0027200,TRUSTWORTHY,-1,NONE,NONE
M0027201,TRUSTWORTHY,-1,NONE,NONE
M0027202,TRUSTWORTHY,-1,NONE,NONE
M0027203,TRUSTWORTHY,-1,NONE,NONE
M0027204,TRUSTWORTHY,-1,NONE,NONE
M0027205,MALICIOUS,-1,NONE,NONE
M0027206,TRUSTWORTHY,-1,NONE,NONE
M0027207,SUSPICIOUS,-1,NONE,NONE
M0027208,TRUSTWORTHY,-1,NONE,NONE
M0027209,TRUSTWORTHY,-1,NONE,NONE
M0027210,TRUSTWORTHY,-1,NONE,NONE
M0027211,SUSPICIOUS,-1,NONE,NONE
M0027212,TRUSTWORTHY,-1,NONE,NONE
M0027213,TRUSTWORTHY,-1,NONE,NONE
M0027214,TRUSTWORTHY,-1,NONE,NONE
M0027215,TRUSTWORTHY,-1,NONE,NONE
M0027216,TRUSTWORTHY,-1,NONE,NONE
M0027217,TRUSTWORTHY,-1,NONE,NONE
M0027218,TRUSTWORTHY,-1,NONE,NONE
M0027219,TRUSTWORTHY,-1,NONE,NONE
M0027220,SUSPICIOUS,-1,NONE,NONE
M0027221,TRUSTWORTHY,-1,NONE,NONE
M0027222,SUSPICIOUS,-1,NONE,NONE
M0027223,MALICIOUS,-1,NONE,NONE
M0027224,MALICIOUS,-1,NONE,NONE
M0027225,TRUSTWORTHY,-1,NONE,NONE
M0027226,MALICIOUS,-1,NONE,NONE
M0027227,TRUSTWORTHY,-1,NONE,NONE
M0027228,TRUSTWORTHY,-1,NONE,NONE
M0027229,TRUSTWORTHY,-1,NONE,NONE
M0027230,TRUSTWORTHY,-1,NONE,NONE
M0027231,TRUSTWORTHY,-1,NONE,NONE
M0027232,TRUSTWORTHY,-1,NONE,NONE
M0027233,TRUSTWORTHY,-1,NONE,NONE
M0027234,TRUSTWORTHY,-1,NONE,NONE
M0027235,TRUSTWORTHY,-1,NONE,NONE
M0027236,TRUSTWORTHY,-1,NONE,NONE
M0027237,TRUSTWORTHY,-1,NONE,NONE
M0027238,SUSPICIOUS,-1,NONE,NONE
M0027239,SUSPICIOUS,-1,NONE,NONE
M0027240,TRUSTWORTHY,-1,NONE,NONE
M0027241,SUSPICIOUS,-1,NONE,NONE
M0027242,TRUSTWORTHY,-1,NONE,NONE
M0027243,TRUSTWORTHY,-1,NONE,NONE
M0027244,TRUSTWORTHY,-1,NONE,NONE
M0027245,TRUSTWORTHY,-1,NONE,NONE
M0027246,TRUSTWORTHY,-1,NONE,NONE
M0027247,TRUSTWORTHY,-1,NONE,NONE
M0027248,SUSPICIOUS,-1,NONE,NONE
M0027249,TRUSTWORTHY,-1,NONE,NONE
M0027250,TRUSTWORTHY,-1,NONE,NONE
M0027251,TRUSTWORTHY,-1,NONE,NONE
M0027252,TRUSTWORTHY,-1,NONE,NONE
M0027253,TRUSTWORTHY,-1,NONE,NONE
M0027254,TRUSTWORTHY,-1,NONE,NONE
M0027255,MALICIOUS,-1,NONE,NONE
M0027256,TRUSTWORTHY,-1,NONE,NONE
M0027257,MALICIOUS,-1,NONE,NONE
M0027258,TRUSTWORTHY,-1,NONE,NONE
M0027259,SUSPICIOUS,-1,NONE,NONE
M0027260,TRUSTWORTHY,-1,NONE,NONE
M0027261,SUSPICIOUS,-1,NONE,NONE
M0027262,TRUSTWORTHY,-1,NONE,NONE
M0027263,TRUSTWORTHY,-1,NONE,NONE
M0027264,SUSPICIOUS,-1,NONE,NONE
M0027265,TRUSTWORTHY,-1,NONE,NONE
M0027266,TRUSTWORTHY,-1,NONE,NONE
M0027267,TRUSTWORTHY,-1,NONE,NONE
M0027268,TRUSTWORTHY,-1,NONE,NONE
M0027269,TRUSTWORTHY,-1,NONE,NONE
M0027270,TRUSTWORTHY,-1,NONE,NONE
M0027271,TRUSTWORTHY,-1,NONE,NONE
M0027272,TRUSTWORTHY,-1,NONE,NONE
M0027273,TRUSTWORTHY,-1,NONE,NONE
M0027274,SUSPICIOUS,-1,NONE,NONE
M0027275,SUSPICIOUS,-1,NONE,NONE
M0027276,SUSPICIOUS,-1,NONE,NONE
M0027277,TRUSTWORTHY,-1,NONE,NONE
M0027278,MALICIOUS,-1,NONE,NONE
M0027279,TRUSTWORTHY,-1,NONE,NONE
M0027280,TRUSTWORTHY,-1,NONE,NONE
M0027281,TRUSTWORTHY,-1,NONE,NONE
M0027282,TRUSTWORTHY,-1,NONE,NONE
M0027283,TRUSTWORTHY,-1,NONE,NONE
M0027284,TRUSTWORTHY,-1,NONE,NONE
M0027285,TRUSTWORTHY,-1,NONE,NONE
M0027286,TRUSTWORTHY,-1,NONE,NONE
M0027287,TRUSTWORTHY,-1,NONE,NONE
M0027288,TRUSTWORTHY,-1,NONE,NONE
M0027289,TRUSTWORTHY,-1,NONE,NONE
M0027290,TRUSTWORTHY,-1,NONE,NONE
M0027291,TRUSTWORTHY,-1,NONE,NONE
M0027292,TRUSTWORTHY,-1,NONE,NONE
M0027293,TRUSTWORTHY,-1,NONE,NONE
M0027294,TRUSTWORTHY,-1,NONE,NONE
M0027295,TRUSTWORTHY,-1,NONE,NONE
M0027296,TRUSTWORTHY,-1,NONE,NONE
M0027297,TRUSTWORTHY,-1,NONE,NONE
M0027298,SUSPICIOUS,-1,NONE,NONE
M0027299,TRUSTWORTHY,-1,NONE,NONE
M0027300,TRUSTWORTHY,-1,NONE,NONE
M0027301,TRUSTWORTHY,-1,NONE,NONE
M0027302,SUSPICIOUS,-1,NONE,NONE
M0027303,TRUSTWORTHY,-1,NONE,NONE
M0027304,SUSPICIOUS,-1,NONE,NONE
M0027305,TRUSTWORTHY,-1,NONE,NONE
M0027306,TRUSTWORTHY,-1,NONE,NONE
M0027307,TRUSTWORTHY,-1,NONE,NONE
M0027308,TRUSTWORTHY,-1,NONE,NONE
M0027309,TRUSTWORTHY,-1,NONE,NONE
M0027310,TRUSTWORTHY,-1,NONE,NONE
M0027311,MALICIOUS,-1,NONE,NONE
M0027312,TRUSTWORTHY,-1,NONE,NONE
M0027313,TRUSTWORTHY,-1,NONE,NONE
M0027314,TRUSTWORTHY,-1,NONE,NONE
M0027315,TRUSTWORTHY,-1,NONE,NONE
M0027316,TRUSTWORTHY,-1,NONE,NONE
M0027317,MALICIOUS,-1,NONE,NONE
M0027318,TRUSTWORTHY,-1,NONE,NONE
M0027319,TRUSTWORTHY,-1,NONE,NONE
M0027320,TRUSTWORTHY,-1,NONE,NONE
M0027321,TRUSTWORTHY,-1,NONE,NONE
M0027322,TRUSTWORTHY,-1,NONE,NONE
M0027323,TRUSTWORTHY,-1,NONE,NONE
M0027324,TRUSTWORTHY,-1,NONE,NONE
M0027325,SUSPICIOUS,-1,NONE,NONE
M0027326,TRUSTWORTHY,-1,NONE,NONE
M0027327,TRUSTWORTHY,-1,NONE,NONE
M0027328,TRUSTWORTHY,-1,NONE,NONE
M0027329,TRUSTWORTHY,-1,NONE,NONE
M0027330,TRUSTWORTHY,-1,NONE,NONE
M0027331,TRUSTWORTHY,-1,NONE,NONE
M0027332,TRUSTWORTHY,-1,NONE,NONE
M0027333,TRUSTWORTHY,-1,NONE,NONE
M0027334,TRUSTWORTHY,-1,NONE,NONE
M0027335,TRUSTWORTHY,-1,NONE,NONE
M0027336,TRUSTWORTHY,-1,NONE,NONE
M0027337,TRUSTWORTHY,-1,NONE,NONE
M0027338,SUSPICIOUS,-1,NONE,NONE
M0027339,TRUSTWORTHY,-1,NONE,NONE
M0027340,MALICIOUS,-1,NONE,NONE
M0027341,TRUSTWORTHY,-1,NONE,NONE
M0027342,TRUSTWORTHY,-1,NONE,NONE
M0027343,MALICIOUS,-1,NONE,NONE
M0027344,TRUSTWORTHY,-1,NONE,NONE
M0027345,TRUSTWORTHY,-1,NONE,NONE
M0027346,MALICIOUS,-1,NONE,NONE
M0027347,TRUSTWORTHY,-1,NONE,NONE
M0027348,TRUSTWORTHY,-1,NONE,NONE
M0027349,MALICIOUS,-1,NONE,NONE
M0027350,TRUSTWORTHY,-1,NONE,NONE
M0027351,TRUSTWORTHY,-1,NONE,NONE
M0027352,TRUSTWORTHY,-1,NONE,NONE
M0027353,TRUSTWORTHY,-1,NONE,NONE
M0027354,TRUSTWORTHY,-1,NONE,NONE
M0027355,TRUSTWORTHY,-1,NONE,NONE
M0027356,TRUSTWORTHY,-1,NONE,NONE
M0027357,TRUSTWORTHY,-1,NONE,NONE
M0027358,TRUSTWORTHY,-1,NONE,NONE
M0027359,SUSPICIOUS,-1,NONE,NONE
M0027360,TRUSTWORTHY,-1,NONE,NONE
M0027361,SUSPICIOUS,-1,NONE,NONE
M0027362,MALICIOUS,-1,NONE,NONE
M0027363,SUSPICIOUS,-1,NONE,NONE
M0027364,TRUSTWORTHY,-1,NONE,NONE
M0027365,TRUSTWORTHY,-1,NONE,NONE
M0027366,TRUSTWORTHY,-1,NONE,NONE
M0027367,TRUSTWORTHY,-1,NONE,NONE
M0027368,TRUSTWORTHY,-1,NONE,NONE
M0027369,TRUSTWORTHY,-1,NONE,NONE
M0027370,TRUSTWORTHY,-1,NONE,NONE
M0027371,SUSPICIOUS,-1,NONE,NONE
M0027372,TRUSTWORTHY,-1,NONE,NONE
M0027373,TRUSTWORTHY,-1,NONE,NONE
M0027374,TRUSTWORTHY,-1,NONE,NONE
M0027375,TRUSTWORTHY,-1,NONE,NONE
M0027376,TRUSTWORTHY,-1,NONE,NONE
M0027377,SUSPICIOUS,-1,NONE,NONE
M0027378,TRUSTWORTHY,-1,NONE,NONE
M0027379,TRUSTWORTHY,-1,NONE,NONE
M0027380,TRUSTWORTHY,-1,NONE,NONE
M0027381,TRUSTWORTHY,-1,NONE,NONE
M0027382,TRUSTWORTHY,-1,NONE,NONE
M0027383,TRUSTWORTHY,-1,NONE,NONE
M0027384,TRUSTWORTHY,-1,NONE,NONE
M0027385,TRUSTWORTHY,-1,NONE,NONE
M0027386,TRUSTWORTHY,-1,NONE,NONE
M0027387,TRUSTWORTHY,-1,NONE,NONE
M0027388,SUSPICIOUS,-1,NONE,NONE
M0027389,TRUSTWORTHY,-1,NONE,NONE
M0027390,SUSPICIOUS,-1,NONE,NONE
M0027391,MALICIOUS,-1,NONE,NONE
M0027392,MALICIOUS,-1,NONE,NONE
M0027393,MALICIOUS,-1,NONE,NONE
M0027394,TRUSTWORTHY,-1,NONE,NONE
M0027395,TRUSTWORTHY,-1,NONE,NONE
M0027396,MALICIOUS,-1,NONE,NONE
M0027397,TRUSTWORTHY,-1,NONE,NONE
M0027398,TRUSTWORTHY,-1,NONE,NONE
M0027399,TRUSTWORTHY,-1,NONE,NONE
M0027400,MALICIOUS,-1,NONE,NONE
M0027401,TRUSTWORTHY,-1,NONE,NONE
M0027402,SUSPICIOUS,-1,NONE,NONE
M0027403,TRUSTWORTHY,-1,NONE,NONE
M0027404,TRUSTWORTHY,-1,NONE,NONE
M0027405,TRUSTWORTHY,-1,NONE,NONE
M0027406,TRUSTWORTHY,-1,NONE,NONE
M0027407,TRUSTWORTHY,-1,NONE,NONE
M0027408,TRUSTWORTHY,-1,NONE,NONE
M0027409,MALICIOUS,-1,NONE,NONE
M0027410,TRUSTWORTHY,-1,NONE,NONE
M0027411,TRUSTWORTHY,-1,NONE,NONE
M0027412,TRUSTWORTHY,-1,NONE,NONE
M0027413,TRUSTWORTHY,-1,NONE,NONE
M0027414,MALICIOUS,-1,NONE,NONE
M0027415,TRUSTWORTHY,-1,NONE,NONE
M0027416,SUSPICIOUS,-1,NONE,NONE
M0027417,TRUSTWORTHY,-1,NONE,NONE
M0027418,TRUSTWORTHY,-1,NONE,NONE
M0027419,SUSPICIOUS,-1,NONE,NONE
M0027420,TRUSTWORTHY,-1,NONE,NONE
M0027421,MALICIOUS,-1,NONE,NONE
M0027422,MALICIOUS,-1,NONE,NONE
M0027423,TRUSTWORTHY,-1,NONE,NONE
M0027424,TRUSTWORTHY,-1,NONE,NONE
M0027425,MALICIOUS,-1,NONE,NONE
M0027426,TRUSTWORTHY,-1,NONE,NONE
M0027427,TRUSTWORTHY,-1,NONE,NONE
M0027428,MALICIOUS,-1,NONE,NONE
M0027429,MALICIOUS,-1,NONE,NONE
M0027430,TRUSTWORTHY,-1,NONE,NONE
M0027431,MALICIOUS,-1,NONE,NONE
M0027432,TRUSTWORTHY,-1,NONE,NONE
M0027433,MALICIOUS,-1,NONE,NONE
M0027434,SUSPICIOUS,-1,NONE,NONE
M0027435,TRUSTWORTHY,-1,NONE,NONE
M0027436,TRUSTWORTHY,-1,NONE,NONE
M0027437,TRUSTWORTHY,-1,NONE,NONE
M0027438,TRUSTWORTHY,-1,NONE,NONE
M0027439,TRUSTWORTHY,-1,NONE,NONE
M0027440,TRUSTWORTHY,-1,NONE,NONE
M0027441,TRUSTWORTHY,-1,NONE,NONE
M0027442,SUSPICIOUS,-1,NONE,NONE
M0027443,TRUSTWORTHY,-1,NONE,NONE
M0027444,TRUSTWORTHY,-1,NONE,NONE
M0027445,TRUSTWORTHY,-1,NONE,NONE
M0027446,TRUSTWORTHY,-1,NONE,NONE
M0027447,TRUSTWORTHY,-1,NONE,NONE
M0027448,TRUSTWORTHY,-1,NONE,NONE
M0027449,TRUSTWORTHY,-1,NONE,NONE
M0027450,TRUSTWORTHY,-1,NONE,NONE
M0027451,TRUSTWORTHY,-1,NONE,NONE
M0027452,MALICIOUS,-1,NONE,NONE
M0027453,TRUSTWORTHY,-1,NONE,NONE
M0027454,TRUSTWORTHY,-1,NONE,NONE
M0027455,TRUSTWORTHY,-1,NONE,NONE
M0027456,MALICIOUS,-1,NONE,NONE
M0027457,TRUSTWORTHY,-1,NONE,NONE
M0027458,SUSPICIOUS,-1,NONE,NONE
M0027459,TRUSTWORTHY,-1,NONE,NONE
M0027460,SUSPICIOUS,-1,NONE,NONE
M0027461,TRUSTWORTHY,-1,NONE,NONE
M0027462,TRUSTWORTHY,-1,NONE,NONE
M0027463,TRUSTWORTHY,-1,NONE,NONE
M0027464,TRUSTWORTHY,-1,NONE,NONE
M0027465,SUSPICIOUS,-1,NONE,NONE
M0027466,TRUSTWORTHY,-1,NONE,NONE
M0027467,SUSPICIOUS,-1,NONE,NONE
M0027468,SUSPICIOUS,-1,NONE,NONE
M0027469,TRUSTWORTHY,-1,NONE,NONE
M0027470,TRUSTWORTHY,-1,NONE,NONE
M0027471,TRUSTWORTHY,-1,NONE,NONE
M0027472,SUSPICIOUS,-1,NONE,NONE
M0027473,TRUSTWORTHY,-1,NONE,NONE
M0027474,TRUSTWORTHY,-1,NONE,NONE
M0027475,SUSPICIOUS,-1,NONE,NONE
M0027476,MALICIOUS,-1,NONE,NONE
M0027477,TRUSTWORTHY,-1,NONE,NONE
M0027478,TRUSTWORTHY,-1,NONE,NONE
M0027479,SUSPICIOUS,-1,NONE,NONE
M0027480,MALICIOUS,-1,NONE,NONE
M0027481,TRUSTWORTHY,-1,NONE,NONE
M0027482,MALICIOUS,-1,NONE,NONE
M0027483,SUSPICIOUS,-1,NONE,NONE
M0027484,SUSPICIOUS,-1,NONE,NONE
M0027485,SUSPICIOUS,-1,NONE,NONE
M0027486,MALICIOUS,-1,NONE,NONE
M0027487,TRUSTWORTHY,-1,NONE,NONE
M0027488,TRUSTWORTHY,-1,NONE,NONE
M0027489,TRUSTWORTHY,-1,NONE,NONE
M0027490,TRUSTWORTHY,-1,NONE,NONE
M0027491,TRUSTWORTHY,-1,NONE,NONE
M0027492,SUSPICIOUS,-1,NONE,NONE
M0027493,TRUSTWORTHY,-1,NONE,NONE
M0027494,TRUSTWORTHY,-1,NONE,NONE
M0027495,TRUSTWORTHY,-1,NONE,NONE
M0027496,SUSPICIOUS,-1,NONE,NONE
M0027497,TRUSTWORTHY,-1,NONE,NONE
M0027498,TRUSTWORTHY,-1,NONE,NONE
M0027499,TRUSTWORTHY,-1,NONE,NONE
M0027500,TRUSTWORTHY,-1,NONE,NONE
M0027501,SUSPICIOUS,-1,NONE,NONE
M0027502,TRUSTWORTHY,-1,NONE,NONE
M0027503,TRUSTWORTHY,-1,NONE,NONE
M0027504,TRUSTWORTHY,-1,NONE,NONE
M0027505,TRUSTWORTHY,-1,NONE,NONE
M0027506,TRUSTWORTHY,-1,NONE,NONE
M0027507,MALICIOUS,-1,NONE,NONE
M0027508,TRUSTWORTHY,-1,NONE,NONE
M0027509,TRUSTWORTHY,-1,NONE,NONE
M0027510,TRUSTWORTHY,-1,NONE,NONE
M0027511,MALICIOUS,-1,NONE,NONE
M0027512,TRUSTWORTHY,-1,NONE,NONE
M0027513,MALICIOUS,-1,NONE,NONE
M0027514,TRUSTWORTHY,-1,NONE,NONE
M0027515,SUSPICIOUS,-1,NONE,NONE
M0027516,MALICIOUS,-1,NONE,NONE
M0027517,MALICIOUS,-1,NONE,NONE
M0027518,TRUSTWORTHY,-1,NONE,NONE
M0027519,MALICIOUS,-1,NONE,NONE
M0027520,TRUSTWORTHY,-1,NONE,NONE
M0027521,TRUSTWORTHY,-1,NONE,NONE
M0027522,MALICIOUS,-1,NONE,NONE
M0027523,TRUSTWORTHY,-1,NONE,NONE
M0027524,TRUSTWORTHY,-1,NONE,NONE
M0027525,TRUSTWORTHY,-1,NONE,NONE
M0027526,MALICIOUS,-1,NONE,NONE
M0027527,TRUSTWORTHY,-1,NONE,NONE
M0027528,TRUSTWORTHY,-1,NONE,NONE
M0027529,TRUSTWORTHY,-1,NONE,NONE
M0027530,MALICIOUS,-1,NONE,NONE
M0027531,TRUSTWORTHY,-1,NONE,NONE
M0027532,TRUSTWORTHY,-1,NONE,NONE
M0027533,TRUSTWORTHY,-1,NONE,NONE
M0027534,MALICIOUS,-1,NONE,NONE
M0027535,TRUSTWORTHY,-1,NONE,NONE
M0027536,TRUSTWORTHY,-1,NONE,NONE
M0027537,MALICIOUS,-1,NONE,NONE
M0027538,TRUSTWORTHY,-1,NONE,NONE
M0027539,TRUSTWORTHY,-1,NONE,NONE
M0027540,TRUSTWORTHY,-1,NONE,NONE
M0027541,TRUSTWORTHY,-1,NONE,NONE
M0027542,TRUSTWORTHY,-1,NONE,NONE
M0027543,TRUSTWORTHY,-1,NONE,NONE
M0027544,TRUSTWORTHY,-1,NONE,NONE
M0027545,MALICIOUS,-1,NONE,NONE
M0027546,TRUSTWORTHY,-1,NONE,NONE
M0027547,TRUSTWORTHY,-1,NONE,NONE
M0027548,TRUSTWORTHY,-1,NONE,NONE
M0027549,TRUSTWORTHY,-1,NONE,NONE
M0027550,TRUSTWORTHY,-1,NONE,NONE
M0027551,TRUSTWORTHY,-1,NONE,NONE
M0027552,TRUSTWORTHY,-1,NONE,NONE
M0027553,TRUSTWORTHY,-1,NONE,NONE
M0027554,TRUSTWORTHY,-1,NONE,NONE
M0027555,TRUSTWORTHY,-1,NONE,NONE
M0027556,TRUSTWORTHY,-1,NONE,NONE
M0027557,TRUSTWORTHY,-1,NONE,NONE
M0027558,TRUSTWORTHY,-1,NONE,NONE
M0027559,SUSPICIOUS,-1,NONE,NONE
M0027560,TRUSTWORTHY,-1,NONE,NONE
M0027561,TRUSTWORTHY,-1,NONE,NONE
M0027562,TRUSTWORTHY,-1,NONE,NONE
M0027563,TRUSTWORTHY,-1,NONE,NONE
M0027564,TRUSTWORTHY,-1,NONE,NONE
M0027565,TRUSTWORTHY,-1,NONE,NONE
M0027566,MALICIOUS,-1,NONE,NONE
M0027567,TRUSTWORTHY,-1,NONE,NONE
M0027568,MALICIOUS,-1,NONE,NONE
M0027569,MALICIOUS,-1,NONE,NONE
M0027570,SUSPICIOUS,-1,NONE,NONE
M0027571,TRUSTWORTHY,-1,NONE,NONE
M0027572,TRUSTWORTHY,-1,NONE,NONE
M0027573,TRUSTWORTHY,-1,NONE,NONE
M0027574,TRUSTWORTHY,-1,NONE,NONE
M0027575,TRUSTWORTHY,-1,NONE,NONE
M0027576,SUSPICIOUS,-1,NONE,NONE
M0027577,TRUSTWORTHY,-1,NONE,NONE
M0027578,MALICIOUS,-1,NONE,NONE
M0027579,TRUSTWORTHY,-1,NONE,NONE
M0027580,TRUSTWORTHY,-1,NONE,NONE
M0027581,TRUSTWORTHY,-1,NONE,NONE
M0027582,TRUSTWORTHY,-1,NONE,NONE
M0027583,SUSPICIOUS,-1,NONE,NONE
M0027584,TRUSTWORTHY,-1,NONE,NONE
M0027585,TRUSTWORTHY,-1,NONE,NONE
M0027586,TRUSTWORTHY,-1,NONE,NONE
M0027587,TRUSTWORTHY,-1,NONE,NONE
M0027588,TRUSTWORTHY,-1,NONE,NONE
M0027589,TRUSTWORTHY,-1,NONE,NONE
M0027590,TRUSTWORTHY,-1,NONE,NONE
M0027591,TRUSTWORTHY,-1,NONE,NONE
M0027592,TRUSTWORTHY,-1,NONE,NONE
M0027593,TRUSTWORTHY,-1,NONE,NONE
M0027594,SUSPICIOUS,-1,NONE,NONE
M0027595,TRUSTWORTHY,-1,NONE,NONE
M0027596,TRUSTWORTHY,-1,NONE,NONE
M0027597,TRUSTWORTHY,-1,NONE,NONE
M0027598,TRUSTWORTHY,-1,NONE,NONE
M0027599,TRUSTWORTHY,-1,NONE,NONE
M0027600,TRUSTWORTHY,-1,NONE,NONE
M0027601,TRUSTWORTHY,-1,NONE,NONE
M0027602,TRUSTWORTHY,-1,NONE,NONE
M0027603,TRUSTWORTHY,-1,NONE,NONE
M0027604,TRUSTWORTHY,-1,NONE,NONE
M0027605,TRUSTWORTHY,-1,NONE,NONE
M0027606,TRUSTWORTHY,-1,NONE,NONE
M0027607,TRUSTWORTHY,-1,NONE,NONE
M0027608,TRUSTWORTHY,-1,NONE,NONE
M0027609,TRUSTWORTHY,-1,NONE,NONE
M0027610,TRUSTWORTHY,-1,NONE,NONE
M0027611,TRUSTWORTHY,-1,NONE,NONE
M0027612,TRUSTWORTHY,-1,NONE,NONE
M0027613,TRUSTWORTHY,-1,NONE,NONE
M0027614,TRUSTWORTHY,-1,NONE,NONE
M0027615,TRUSTWORTHY,-1,NONE,NONE
M0027616,MALICIOUS,-1,NONE,NONE
M0027617,SUSPICIOUS,-1,NONE,NONE
M0027618,MALICIOUS,-1,NONE,NONE
M0027619,TRUSTWORTHY,-1,NONE,NONE
M0027620,TRUSTWORTHY,-1,NONE,NONE
M0027621,SUSPICIOUS,-1,NONE,NONE
M0027622,SUSPICIOUS,-1,NONE,NONE
M0027623,TRUSTWORTHY,-1,NONE,NONE
M0027624,TRUSTWORTHY,-1,NONE,NONE
M0027625,TRUSTWORTHY,-1,NONE,NONE
M0027626,TRUSTWORTHY,-1,NONE,NONE
M0027627,TRUSTWORTHY,-1,NONE,NONE
M0027628,TRUSTWORTHY,-1,NONE,NONE
M0027629,SUSPICIOUS,-1,NONE,NONE
M0027630,SUSPICIOUS,-1,NONE,NONE
M0027631,TRUSTWORTHY,-1,NONE,NONE
M0027632,TRUSTWORTHY,-1,NONE,NONE
M0027633,TRUSTWORTHY,-1,NONE,NONE
M0027634,TRUSTWORTHY,-1,NONE,NONE
M0027635,TRUSTWORTHY,-1,NONE,NONE
M0027636,TRUSTWORTHY,-1,NONE,NONE
M0027637,TRUSTWORTHY,-1,NONE,NONE
M0027638,TRUSTWORTHY,-1,NONE,NONE
M0027639,SUSPICIOUS,-1,NONE,NONE
M0027640,TRUSTWORTHY,-1,NONE,NONE
M0027641,TRUSTWORTHY,-1,NONE,NONE
M0027642,TRUSTWORTHY,-1,NONE,NONE
M0027643,TRUSTWORTHY,-1,NONE,NONE
M0027644,TRUSTWORTHY,-1,NONE,NONE
M0027645,TRUSTWORTHY,-1,NONE,NONE
M0027646,TRUSTWORTHY,-1,NONE,NONE
M0027647,TRUSTWORTHY,-1,NONE,NONE
M0027648,SUSPICIOUS,-1,NONE,NONE
M0027649,TRUSTWORTHY,-1,NONE,NONE
M0027650,TRUSTWORTHY,-1,NONE,NONE
M0027651,TRUSTWORTHY,-1,NONE,NONE
M0027652,TRUSTWORTHY,-1,NONE,NONE
M0027653,TRUSTWORTHY,-1,NONE,NONE
M0027654,SUSPICIOUS,-1,NONE,NONE
M0027655,TRUSTWORTHY,-1,NONE,NONE
M0027656,TRUSTWORTHY,-1,NONE,NONE
M0027657,TRUSTWORTHY,-1,NONE,NONE
M0027658,MALICIOUS,-1,NONE,NONE
M0027659,TRUSTWORTHY,-1,NONE,NONE
M0027660,TRUSTWORTHY,-1,NONE,NONE
M0027661,TRUSTWORTHY,-1,NONE,NONE
M0027662,SUSPICIOUS,-1,NONE,NONE
M0027663,TRUSTWORTHY,-1,NONE,NONE
M0027664,SUSPICIOUS,-1,NONE,NONE
M0027665,TRUSTWORTHY,-1,NONE,NONE
M0027666,MALICIOUS,-1,NONE,NONE
M0027667,TRUSTWORTHY,-1,NONE,NONE
M0027668,TRUSTWORTHY,-1,NONE,NONE
M0027669,MALICIOUS,-1,NONE,NONE
M0027670,TRUSTWORTHY,-1,NONE,NONE
M0027671,TRUSTWORTHY,-1,NONE,NONE
M0027672,SUSPICIOUS,-1,NONE,NONE
M0027673,TRUSTWORTHY,-1,NONE,NONE
M0027674,SUSPICIOUS,-1,NONE,NONE
M0027675,TRUSTWORTHY,-1,NONE,NONE
M0027676,MALICIOUS,-1,NONE,NONE
M0027677,MALICIOUS,-1,NONE,NONE
M0027678,TRUSTWORTHY,-1,NONE,NONE
M0027679,TRUSTWORTHY,-1,NONE,NONE
M0027680,MALICIOUS,-1,NONE,NONE
M0027681,TRUSTWORTHY,-1,NONE,NONE
M0027682,TRUSTWORTHY,-1,NONE,NONE
M0027683,SUSPICIOUS,-1,NONE,NONE
M0027684,TRUSTWORTHY,-1,NONE,NONE
M0027685,TRUSTWORTHY,-1,NONE,NONE
M0027686,TRUSTWORTHY,-1,NONE,NONE
M0027687,TRUSTWORTHY,-1,NONE,NONE
M0027688,TRUSTWORTHY,-1,NONE,NONE
M0027689,MALICIOUS,-1,NONE,NONE
M0027690,TRUSTWORTHY,-1,NONE,NONE
M0027691,TRUSTWORTHY,-1,NONE,NONE
M0027692,SUSPICIOUS,-1,NONE,NONE
M0027693,TRUSTWORTHY,-1,NONE,NONE
M0027694,MALICIOUS,-1,NONE,NONE
M0027695,TRUSTWORTHY,-1,NONE,NONE
M0027696,TRUSTWORTHY,-1,NONE,NONE
M0027697,MALICIOUS,-1,NONE,NONE
M0027698,TRUSTWORTHY,-1,NONE,NONE
M0027699,TRUSTWORTHY,-1,NONE,NONE
M0027700,SUSPICIOUS,-1,NONE,NONE
M0027701,SUSPICIOUS,-1,NONE,NONE
M0027702,TRUSTWORTHY,-1,NONE,NONE
M0027703,MALICIOUS,-1,NONE,NONE
M0027704,TRUSTWORTHY,-1,NONE,NONE
M0027705,TRUSTWORTHY,-1,NONE,NONE
M0027706,TRUSTWORTHY,-1,NONE,NONE
M0027707,TRUSTWORTHY,-1,NONE,NONE
M0027708,MALICIOUS,-1,NONE,NONE
M0027709,MALICIOUS,-1,NONE,NONE
M0027710,SUSPICIOUS,-1,NONE,NONE
M0027711,TRUSTWORTHY,-1,NONE,NONE
M0027712,TRUSTWORTHY,-1,NONE,NONE
M0027713,TRUSTWORTHY,-1,NONE,NONE
M0027714,TRUSTWORTHY,-1,NONE,NONE
M0027715,TRUSTWORTHY,-1,NONE,NONE
M0027716,TRUSTWORTHY,-1,NONE,NONE
M0027717,TRUSTWORTHY,-1,NONE,NONE
M0027718,TRUSTWORTHY,-1,NONE,NONE
M0027719,TRUSTWORTHY,-1,NONE,NONE
M0027720,TRUSTWORTHY,-1,NONE,NONE
M0027721,TRUSTWORTHY,-1,NONE,NONE
M0027722,TRUSTWORTHY,-1,NONE,NONE
M0027723,SUSPICIOUS,-1,NONE,NONE
M0027724,MALICIOUS,-1,NONE,NONE
M0027725,TRUSTWORTHY,-1,NONE,NONE
M0027726,TRUSTWORTHY,-1,NONE,NONE
M0027727,TRUSTWORTHY,-1,NONE,NONE
M0027728,MALICIOUS,-1,NONE,NONE
M0027729,TRUSTWORTHY,-1,NONE,NONE
M0027730,TRUSTWORTHY,-1,NONE,NONE
M0027731,TRUSTWORTHY,-1,NONE,NONE
M0027732,TRUSTWORTHY,-1,NONE,NONE
M0027733,TRUSTWORTHY,-1,NONE,NONE
M0027734,TRUSTWORTHY,-1,NONE,NONE
M0027735,TRUSTWORTHY,-1,NONE,NONE
M0027736,TRUSTWORTHY,-1,NONE,NONE
M0027737,TRUSTWORTHY,-1,NONE,NONE
M0027738,TRUSTWORTHY,-1,NONE,NONE
M0027739,TRUSTWORTHY,-1,NONE,NONE
M0027740,TRUSTWORTHY,-1,NONE,NONE
M0027741,SUSPICIOUS,-1,NONE,NONE
M0027742,TRUSTWORTHY,-1,NONE,NONE
M0027743,MALICIOUS,-1,NONE,NONE
M0027744,SUSPICIOUS,-1,NONE,NONE
M0027745,TRUSTWORTHY,-1,NONE,NONE
M0027746,TRUSTWORTHY,-1,NONE,NONE
M0027747,TRUSTWORTHY,-1,NONE,NONE
M0027748,TRUSTWORTHY,-1,NONE,NONE
M0027749,MALICIOUS,-1,NONE,NONE
M0027750,TRUSTWORTHY,-1,NONE,NONE
M0027751,TRUSTWORTHY,-1,NONE,NONE
M0027752,TRUSTWORTHY,-1,NONE,NONE
M0027753,TRUSTWORTHY,-1,NONE,NONE
M0027754,TRUSTWORTHY,-1,NONE,NONE
M0027755,TRUSTWORTHY,-1,NONE,NONE
M0027756,TRUSTWORTHY,-1,NONE,NONE
M0027757,SUSPICIOUS,-1,NONE,NONE
M0027758,TRUSTWORTHY,-1,NONE,NONE
M0027759,TRUSTWORTHY,-1,NONE,NONE
M0027760,TRUSTWORTHY,-1,NONE,NONE
M0027761,TRUSTWORTHY,-1,NONE,NONE
M0027762,TRUSTWORTHY,-1,NONE,NONE
M0027763,TRUSTWORTHY,-1,NONE,NONE
M0027764,TRUSTWORTHY,-1,NONE,NONE
M0027765,MALICIOUS,-1,NONE,NONE
M0027766,TRUSTWORTHY,-1,NONE,NONE
M0027767,TRUSTWORTHY,-1,NONE,NONE
M0027768,TRUSTWORTHY,-1,NONE,NONE
M0027769,TRUSTWORTHY,-1,NONE,NONE
M0027770,SUSPICIOUS,-1,NONE,NONE
M0027771,TRUSTWORTHY,-1,NONE,NONE
M0027772,TRUSTWORTHY,-1,NONE,NONE
M0027773,TRUSTWORTHY,-1,NONE,NONE
M0027774,TRUSTWORTHY,-1,NONE,NONE
M0027775,TRUSTWORTHY,-1,NONE,NONE
M0027776,SUSPICIOUS,-1,NONE,NONE
M0027777,SUSPICIOUS,-1,NONE,NONE
M0027778,TRUSTWORTHY,-1,NONE,NONE
M0027779,TRUSTWORTHY,-1,NONE,NONE
M0027780,TRUSTWORTHY,-1,NONE,NONE
M0027781,MALICIOUS,-1,NONE,NONE
M0027782,MALICIOUS,-1,NONE,NONE
M0027783,TRUSTWORTHY,-1,NONE,NONE
M0027784,TRUSTWORTHY,-1,NONE,NONE
M0027785,SUSPICIOUS,-1,NONE,NONE
M0027786,TRUSTWORTHY,-1,NONE,NONE
M0027787,TRUSTWORTHY,-1,NONE,NONE
M0027788,SUSPICIOUS,-1,NONE,NONE
M0027789,SUSPICIOUS,-1,NONE,NONE
M0027790,TRUSTWORTHY,-1,NONE,NONE
M0027791,TRUSTWORTHY,-1,NONE,NONE
M0027792,TRUSTWORTHY,-1,NONE,NONE
M0027793,SUSPICIOUS,-1,NONE,NONE
M0027794,TRUSTWORTHY,-1,NONE,NONE
M0027795,SUSPICIOUS,-1,NONE,NONE
M0027796,TRUSTWORTHY,-1,NONE,NONE
M0027797,TRUSTWORTHY,-1,NONE,NONE
M0027798,TRUSTWORTHY,-1,NONE,NONE
M0027799,TRUSTWORTHY,-1,NONE,NONE
M0027800,TRUSTWORTHY,-1,NONE,NONE
M0027801,TRUSTWORTHY,-1,NONE,NONE
M0027802,MALICIOUS,-1,NONE,NONE
M0027803,TRUSTWORTHY,-1,NONE,NONE
M0027804,TRUSTWORTHY,-1,NONE,NONE
M0027805,TRUSTWORTHY,-1,NONE,NONE
M0027806,TRUSTWORTHY,-1,NONE,NONE
M0027807,TRUSTWORTHY,-1,NONE,NONE
M0027808,TRUSTWORTHY,-1,NONE,NONE
M0027809,TRUSTWORTHY,-1,NONE,NONE
M0027810,SUSPICIOUS,-1,NONE,NONE
M0027811,TRUSTWORTHY,-1,NONE,NONE
M0027812,MALICIOUS,-1,NONE,NONE
M0027813,TRUSTWORTHY,-1,NONE,NONE
M0027814,TRUSTWORTHY,-1,NONE,NONE
M0027815,TRUSTWORTHY,-1,NONE,NONE
M0027816,TRUSTWORTHY,-1,NONE,NONE
M0027817,TRUSTWORTHY,-1,NONE,NONE
M0027818,TRUSTWORTHY,-1,NONE,NONE
M0027819,TRUSTWORTHY,-1,NONE,NONE
M0027820,SUSPICIOUS,-1,NONE,NONE
M0027821,TRUSTWORTHY,-1,NONE,NONE
M0027822,TRUSTWORTHY,-1,NONE,NONE
M0027823,TRUSTWORTHY,-1,NONE,NONE
M0027824,TRUSTWORTHY,-1,NONE,NONE
M0027825,TRUSTWORTHY,-1,NONE,NONE
M0027826,TRUSTWORTHY,-1,NONE,NONE
M0027827,TRUSTWORTHY,-1,NONE,NONE
M0027828,TRUSTWORTHY,-1,NONE,NONE
M0027829,TRUSTWORTHY,-1,NONE,NONE
M0027830,TRUSTWORTHY,-1,NONE,NONE
M0027831,TRUSTWORTHY,-1,NONE,NONE
M0027832,TRUSTWORTHY,-1,NONE,NONE
M0027833,TRUSTWORTHY,-1,NONE,NONE
M0027834,MALICIOUS,-1,NONE,NONE
M0027835,TRUSTWORTHY,-1,NONE,NONE
M0027836,TRUSTWORTHY,-1,NONE,NONE
M0027837,TRUSTWORTHY,-1,NONE,NONE
M0027838,SUSPICIOUS,-1,NONE,NONE
M0027839,TRUSTWORTHY,-1,NONE,NONE
M0027840,TRUSTWORTHY,-1,NONE,NONE
M0027841,MALICIOUS,-1,NONE,NONE
M0027842,TRUSTWORTHY,-1,NONE,NONE
M0027843,MALICIOUS,-1,NONE,NONE
M0027844,TRUSTWORTHY,-1,NONE,NONE
M0027845,TRUSTWORTHY,-1,NONE,NONE
M0027846,TRUSTWORTHY,-1,NONE,NONE
M0027847,TRUSTWORTHY,-1,NONE,NONE
M0027848,MALICIOUS,-1,NONE,NONE
M0027849,TRUSTWORTHY,-1,NONE,NONE
M0027850,TRUSTWORTHY,-1,NONE,NONE
M0027851,TRUSTWORTHY,-1,NONE,NONE
M0027852,TRUSTWORTHY,-1,NONE,NONE
M0027853,TRUSTWORTHY,-1,NONE,NONE
M0027854,TRUSTWORTHY,-1,NONE,NONE
M0027855,TRUSTWORTHY,-1,NONE,NONE
M0027856,TRUSTWORTHY,-1,NONE,NONE
M0027857,TRUSTWORTHY,-1,NONE,NONE
M0027858,TRUSTWORTHY,-1,NONE,NONE
M0027859,SUSPICIOUS,-1,NONE,NONE
M0027860,TRUSTWORTHY,-1,NONE,NONE
M0027861,TRUSTWORTHY,-1,NONE,NONE
M0027862,TRUSTWORTHY,-1,NONE,NONE
M0027863,TRUSTWORTHY,-1,NONE,NONE
M0027864,TRUSTWORTHY,-1,NONE,NONE
M0027865,MALICIOUS,-1,NONE,NONE
M0027866,TRUSTWORTHY,-1,NONE,NONE
M0027867,MALICIOUS,-1,NONE,NONE
M0027868,TRUSTWORTHY,-1,NONE,NONE
M0027869,TRUSTWORTHY,-1,NONE,NONE
M0027870,SUSPICIOUS,-1,NONE,NONE
M0027871,SUSPICIOUS,-1,NONE,NONE
M0027872,TRUSTWORTHY,-1,NONE,NONE
M0027873,TRUSTWORTHY,-1,NONE,NONE
M0027874,TRUSTWORTHY,-1,NONE,NONE
M0027875,TRUSTWORTHY,-1,NONE,NONE
M0027876,TRUSTWORTHY,-1,NONE,NONE
M0027877,TRUSTWORTHY,-1,NONE,NONE
M0027878,SUSPICIOUS,-1,NONE,NONE
M0027879,TRUSTWORTHY,-1,NONE,NONE
M0027880,TRUSTWORTHY,-1,NONE,NONE
M0027881,TRUSTWORTHY,-1,NONE,NONE
M0027882,TRUSTWORTHY,-1,NONE,NONE
M0027883,TRUSTWORTHY,-1,NONE,NONE
M0027884,TRUSTWORTHY,-1,NONE,NONE
M0027885,TRUSTWORTHY,-1,NONE,NONE
M0027886,TRUSTWORTHY,-1,NONE,NONE
M0027887,TRUSTWORTHY,-1,NONE,NONE
M0027888,MALICIOUS,-1,NONE,NONE
M0027889,SUSPICIOUS,-1,NONE,NONE
M0027890,TRUSTWORTHY,-1,NONE,NONE
M0027891,SUSPICIOUS,-1,NONE,NONE
M0027892,TRUSTWORTHY,-1,NONE,NONE
M0027893,TRUSTWORTHY,-1,NONE,NONE
M0027894,TRUSTWORTHY,-1,NONE,NONE
M0027895,SUSPICIOUS,-1,NONE,NONE
M0027896,TRUSTWORTHY,-1,NONE,NONE
M0027897,TRUSTWORTHY,-1,NONE,NONE
M0027898,TRUSTWORTHY,-1,NONE,NONE
M0027899,TRUSTWORTHY,-1,NONE,NONE
M0027900,SUSPICIOUS,-1,NONE,NONE
M0027901,SUSPICIOUS,-1,NONE,NONE
M0027902,TRUSTWORTHY,-1,NONE,NONE
M0027903,TRUSTWORTHY,-1,NONE,NONE
M0027904,TRUSTWORTHY,-1,NONE,NONE
M0027905,TRUSTWORTHY,-1,NONE,NONE
M0027906,MALICIOUS,-1,NONE,NONE
M0027907,TRUSTWORTHY,-1,NONE,NONE
M0027908,TRUSTWORTHY,-1,NONE,NONE
M0027909,TRUSTWORTHY,-1,NONE,NONE
M0027910,TRUSTWORTHY,-1,NONE,NONE
M0027911,TRUSTWORTHY,-1,NONE,NONE
M0027912,SUSPICIOUS,-1,NONE,NONE
M0027913,TRUSTWORTHY,-1,NONE,NONE
M0027914,TRUSTWORTHY,-1,NONE,NONE
M0027915,TRUSTWORTHY,-1,NONE,NONE
M0027916,TRUSTWORTHY,-1,NONE,NONE
M0027917,TRUSTWORTHY,-1,NONE,NONE
M0027918,SUSPICIOUS,-1,NONE,NONE
M0027919,TRUSTWORTHY,-1,NONE,NONE
M0027920,TRUSTWORTHY,-1,NONE,NONE
M0027921,TRUSTWORTHY,-1,NONE,NONE
M0027922,TRUSTWORTHY,-1,NONE,NONE
M0027923,TRUSTWORTHY,-1,NONE,NONE
M0027924,TRUSTWORTHY,-1,NONE,NONE
M0027925,MALICIOUS,-1,NONE,NONE
M0027926,TRUSTWORTHY,-1,NONE,NONE
M0027927,TRUSTWORTHY,-1,NONE,NONE
M0027928,TRUSTWORTHY,-1,NONE,NONE
M0027929,TRUSTWORTHY,-1,NONE,NONE
M0027930,TRUSTWORTHY,-1,NONE,NONE
M0027931,TRUSTWORTHY,-1,NONE,NONE
M0027932,TRUSTWORTHY,-1,NONE,NONE
M0027933,TRUSTWORTHY,-1,NONE,NONE
M0027934,MALICIOUS,-1,NONE,NONE
M0027935,TRUSTWORTHY,-1,NONE,NONE
M0027936,TRUSTWORTHY,-1,NONE,NONE
M0027937,TRUSTWORTHY,-1,NONE,NONE
M0027938,TRUSTWORTHY,-1,NONE,NONE
M0027939,TRUSTWORTHY,-1,NONE,NONE
M0027940,TRUSTWORTHY,-1,NONE,NONE
M0027941,TRUSTWORTHY,-1,NONE,NONE
M0027942,TRUSTWORTHY,-1,NONE,NONE
M0027943,TRUSTWORTHY,-1,NONE,NONE
M0027944,TRUSTWORTHY,-1,NONE,NONE
M0027945,MALICIOUS,-1,NONE,NONE
M0027946,TRUSTWORTHY,-1,NONE,NONE
M0027947,TRUSTWORTHY,-1,NONE,NONE
M0027948,MALICIOUS,-1,NONE,NONE
M0027949,TRUSTWORTHY,-1,NONE,NONE
M0027950,MALICIOUS,-1,NONE,NONE
M0027951,TRUSTWORTHY,-1,NONE,NONE
M0027952,TRUSTWORTHY,-1,NONE,NONE
M0027953,TRUSTWORTHY,-1,NONE,NONE
M0027954,MALICIOUS,-1,NONE,NONE
M0027955,TRUSTWORTHY,-1,NONE,NONE
M0027956,TRUSTWORTHY,-1,NONE,NONE
M0027957,TRUSTWORTHY,-1,NONE,NONE
M0027958,TRUSTWORTHY,-1,NONE,NONE
M0027959,TRUSTWORTHY,-1,NONE,NONE
M0027960,TRUSTWORTHY,-1,NONE,NONE
M0027961,TRUSTWORTHY,-1,NONE,NONE
M0027962,TRUSTWORTHY,-1,NONE,NONE
M0027963,TRUSTWORTHY,-1,NONE,NONE
M0027964,TRUSTWORTHY,-1,NONE,NONE
M0027965,TRUSTWORTHY,-1,NONE,NONE
M0027966,SUSPICIOUS,-1,NONE,NONE
M0027967,TRUSTWORTHY,-1,NONE,NONE
M0027968,TRUSTWORTHY,-1,NONE,NONE
M0027969,MALICIOUS,-1,NONE,NONE
M0027970,TRUSTWORTHY,-1,NONE,NONE
M0027971,SUSPICIOUS,-1,NONE,NONE
M0027972,SUSPICIOUS,-1,NONE,NONE
M0027973,TRUSTWORTHY,-1,NONE,NONE
M0027974,TRUSTWORTHY,-1,NONE,NONE
M0027975,TRUSTWORTHY,-1,NONE,NONE
M0027976,TRUSTWORTHY,-1,NONE,NONE
M0027977,TRUSTWORTHY,-1,NONE,NONE
M0027978,TRUSTWORTHY,-1,NONE,NONE
M0027979,SUSPICIOUS,-1,NONE,NONE
M0027980,TRUSTWORTHY,-1,NONE,NONE
M0027981,TRUSTWORTHY,-1,NONE,NONE
M0027982,TRUSTWORTHY,-1,NONE,NONE
M0027983,SUSPICIOUS,-1,NONE,NONE
M0027984,TRUSTWORTHY,-1,NONE,NONE
M0027985,TRUSTWORTHY,-1,NONE,NONE
M0027986,TRUSTWORTHY,-1,NONE,NONE
M0027987,TRUSTWORTHY,-1,NONE,NONE
M0027988,TRUSTWORTHY,-1,NONE,NONE
M0027989,TRUSTWORTHY,-1,NONE,NONE
M0027990,TRUSTWORTHY,-1,NONE,NONE
M0027991,TRUSTWORTHY,-1,NONE,NONE
M0027992,SUSPICIOUS,-1,NONE,NONE
M0027993,TRUSTWORTHY,-1,NONE,NONE
M0027994,TRUSTWORTHY,-1,NONE,NONE
M0027995,TRUSTWORTHY,-1,NONE,NONE
M0027996,TRUSTWORTHY,-1,NONE,NONE
M0027997,TRUSTWORTHY,-1,NONE,NONE
M0027998,SUSPICIOUS,-1,NONE,NONE
M0027999,TRUSTWORTHY,-1,NONE,NONE
M0028000,TRUSTWORTHY,-1,NONE,NONE
M0028001,TRUSTWORTHY,-1,NONE,NONE
M0028002,TRUSTWORTHY,-1,NONE,NONE
M0028003,TRUSTWORTHY,-1,NONE,NONE
M0028004,TRUSTWORTHY,-1,NONE,NONE
M0028005,TRUSTWORTHY,-1,NONE,NONE
M0028006,TRUSTWORTHY,-1,NONE,NONE
M0028007,TRUSTWORTHY,-1,NONE,NONE
M0028008,TRUSTWORTHY,-1,NONE,NONE
M0028009,TRUSTWORTHY,-1,NONE,NONE
M0028010,TRUSTWORTHY,-1,NONE,NONE
M0028011,MALICIOUS,-1,NONE,NONE
M0028012,TRUSTWORTHY,-1,NONE,NONE
M0028013,TRUSTWORTHY,-1,NONE,NONE
M0028014,TRUSTWORTHY,-1,NONE,NONE
M0028015,TRUSTWORTHY,-1,NONE,NONE
M0028016,SUSPICIOUS,-1,NONE,NONE
M0028017,TRUSTWORTHY,-1,NONE,NONE
M0028018,SUSPICIOUS,-1,NONE,NONE
M0028019,TRUSTWORTHY,-1,NONE,NONE
M0028020,TRUSTWORTHY,-1,NONE,NONE
M0028021,TRUSTWORTHY,-1,NONE,NONE
M0028022,TRUSTWORTHY,-1,NONE,NONE
M0028023,SUSPICIOUS,-1,NONE,NONE
M0028024,TRUSTWORTHY,-1,NONE,NONE
M0028025,TRUSTWORTHY,-1,NONE,NONE
M0028026,TRUSTWORTHY,-1,NONE,NONE
M0028027,TRUSTWORTHY,-1,NONE,NONE
M0028028,TRUSTWORTHY,-1,NONE,NONE
M0028029,TRUSTWORTHY,-1,NONE,NONE
M0028030,TRUSTWORTHY,-1,NONE,NONE
M0028031,TRUSTWORTHY,-1,NONE,NONE
M0028032,TRUSTWORTHY,-1,NONE,NONE
M0028033,TRUSTWORTHY,-1,NONE,NONE
M0028034,TRUSTWORTHY,-1,NONE,NONE
M0028035,TRUSTWORTHY,-1,NONE,NONE
M0028036,TRUSTWORTHY,-1,NONE,NONE
M0028037,TRUSTWORTHY,-1,NONE,NONE
M0028038,TRUSTWORTHY,-1,NONE,NONE
M0028039,TRUSTWORTHY,-1,NONE,NONE
M0028040,SUSPICIOUS,-1,NONE,NONE
M0028041,TRUSTWORTHY,-1,NONE,NONE
M0028042,TRUSTWORTHY,-1,NONE,NONE
M0028043,TRUSTWORTHY,-1,NONE,NONE
M0028044,SUSPICIOUS,-1,NONE,NONE
M0028045,SUSPICIOUS,-1,NONE,NONE
M0028046,TRUSTWORTHY,-1,NONE,NONE
M0028047,TRUSTWORTHY,-1,NONE,NONE
M0028048,TRUSTWORTHY,-1,NONE,NONE
M0028049,TRUSTWORTHY,-1,NONE,NONE
M0028050,MALICIOUS,-1,NONE,NONE
M0028051,TRUSTWORTHY,-1,NONE,NONE
M0028052,SUSPICIOUS,-1,NONE,NONE
M0028053,MALICIOUS,-1,NONE,NONE
M0028054,SUSPICIOUS,-1,NONE,NONE
M0028055,MALICIOUS,-1,NONE,NONE
M0028056,MALICIOUS,-1,NONE,NONE
M0028057,MALICIOUS,-1,NONE,NONE
M0028058,TRUSTWORTHY,-1,NONE,NONE
M0028059,TRUSTWORTHY,-1,NONE,NONE
M0028060,TRUSTWORTHY,-1,NONE,NONE
M0028061,TRUSTWORTHY,-1,NONE,NONE
M0028062,TRUSTWORTHY,-1,NONE,NONE
M0028063,SUSPICIOUS,-1,NONE,NONE
M0028064,TRUSTWORTHY,-1,NONE,NONE
M0028065,TRUSTWORTHY,-1,NONE,NONE
M0028066,TRUSTWORTHY,-1,NONE,NONE
M0028067,TRUSTWORTHY,-1,NONE,NONE
M0028068,SUSPICIOUS,-1,NONE,NONE
M0028069,TRUSTWORTHY,-1,NONE,NONE
M0028070,SUSPICIOUS,-1,NONE,NONE
M0028071,TRUSTWORTHY,-1,NONE,NONE
M0028072,TRUSTWORTHY,-1,NONE,NONE
M0028073,TRUSTWORTHY,-1,NONE,NONE
M0028074,TRUSTWORTHY,-1,NONE,NONE
M0028075,TRUSTWORTHY,-1,NONE,NONE
M0028076,TRUSTWORTHY,-1,NONE,NONE
M0028077,SUSPICIOUS,-1,NONE,NONE
M0028078,TRUSTWORTHY,-1,NONE,NONE
M0028079,TRUSTWORTHY,-1,NONE,NONE
M0028080,TRUSTWORTHY,-1,NONE,NONE
M0028081,TRUSTWORTHY,-1,NONE,NONE
M0028082,TRUSTWORTHY,-1,NONE,NONE
M0028083,TRUSTWORTHY,-1,NONE,NONE
M0028084,TRUSTWORTHY,-1,NONE,NONE
M0028085,TRUSTWORTHY,-1,NONE,NONE
M0028086,TRUSTWORTHY,-1,NONE,NONE
M0028087,TRUSTWORTHY,-1,NONE,NONE
M0028088,TRUSTWORTHY,-1,NONE,NONE
M0028089,TRUSTWORTHY,-1,NONE,NONE
M0028090,SUSPICIOUS,-1,NONE,NONE
M0028091,MALICIOUS,-1,NONE,NONE
M0028092,TRUSTWORTHY,-1,NONE,NONE
M0028093,TRUSTWORTHY,-1,NONE,NONE
M0028094,TRUSTWORTHY,-1,NONE,NONE
M0028095,TRUSTWORTHY,-1,NONE,NONE
M0028096,SUSPICIOUS,-1,NONE,NONE
M0028097,TRUSTWORTHY,-1,NONE,NONE
M0028098,TRUSTWORTHY,-1,NONE,NONE
M0028099,MALICIOUS,-1,NONE,NONE
M0028100,TRUSTWORTHY,-1,NONE,NONE
M0028101,SUSPICIOUS,-1,NONE,NONE
M0028102,TRUSTWORTHY,-1,NONE,NONE
M0028103,TRUSTWORTHY,-1,NONE,NONE
M0028104,TRUSTWORTHY,-1,NONE,NONE
M0028105,TRUSTWORTHY,-1,NONE,NONE
M0028106,SUSPICIOUS,-1,NONE,NONE
M0028107,TRUSTWORTHY,-1,NONE,NONE
M0028108,SUSPICIOUS,-1,NONE,NONE
M0028109,TRUSTWORTHY,-1,NONE,NONE
M0028110,SUSPICIOUS,-1,NONE,NONE
M0028111,TRUSTWORTHY,-1,NONE,NONE
M0028112,SUSPICIOUS,-1,NONE,NONE
M0028113,TRUSTWORTHY,-1,NONE,NONE
M0028114,MALICIOUS,-1,NONE,NONE
M0028115,TRUSTWORTHY,-1,NONE,NONE
M0028116,TRUSTWORTHY,-1,NONE,NONE
M0028117,TRUSTWORTHY,-1,NONE,NONE
M0028118,TRUSTWORTHY,-1,NONE,NONE
M0028119,TRUSTWORTHY,-1,NONE,NONE
M0028120,TRUSTWORTHY,-1,NONE,NONE
M0028121,TRUSTWORTHY,-1,NONE,NONE
M0028122,SUSPICIOUS,-1,NONE,NONE
M0028123,SUSPICIOUS,-1,NONE,NONE
M0028124,MALICIOUS,-1,NONE,NONE
M0028125,TRUSTWORTHY,-1,NONE,NONE
M0028126,TRUSTWORTHY,-1,NONE,NONE
M0028127,TRUSTWORTHY,-1,NONE,NONE
M0028128,TRUSTWORTHY,-1,NONE,NONE
M0028129,TRUSTWORTHY,-1,NONE,NONE
M0028130,TRUSTWORTHY,-1,NONE,NONE
M0028131,TRUSTWORTHY,-1,NONE,NONE
M0028132,TRUSTWORTHY,-1,NONE,NONE
M0028133,TRUSTWORTHY,-1,NONE,NONE
M0028134,TRUSTWORTHY,-1,NONE,NONE
M0028135,SUSPICIOUS,-1,NONE,NONE
M0028136,TRUSTWORTHY,-1,NONE,NONE
M0028137,SUSPICIOUS,-1,NONE,NONE
M0028138,TRUSTWORTHY,-1,NONE,NONE
M0028139,TRUSTWORTHY,-1,NONE,NONE
M0028140,TRUSTWORTHY,-1,NONE,NONE
M0028141,MALICIOUS,-1,NONE,NONE
M0028142,TRUSTWORTHY,-1,NONE,NONE
M0028143,TRUSTWORTHY,-1,NONE,NONE
M0028144,TRUSTWORTHY,-1,NONE,NONE
M0028145,TRUSTWORTHY,-1,NONE,NONE
M0028146,TRUSTWORTHY,-1,NONE,NONE
M0028147,SUSPICIOUS,-1,NONE,NONE
M0028148,MALICIOUS,-1,NONE,NONE
M0028149,TRUSTWORTHY,-1,NONE,NONE
M0028150,SUSPICIOUS,-1,NONE,NONE
M0028151,SUSPICIOUS,-1,NONE,NONE
M0028152,TRUSTWORTHY,-1,NONE,NONE
M0028153,TRUSTWORTHY,-1,NONE,NONE
M0028154,TRUSTWORTHY,-1,NONE,NONE
M0028155,TRUSTWORTHY,-1,NONE,NONE
M0028156,MALICIOUS,-1,NONE,NONE
M0028157,TRUSTWORTHY,-1,NONE,NONE
M0028158,SUSPICIOUS,-1,NONE,NONE
M0028159,TRUSTWORTHY,-1,NONE,NONE
M0028160,TRUSTWORTHY,-1,NONE,NONE
M0028161,MALICIOUS,-1,NONE,NONE
M0028162,SUSPICIOUS,-1,NONE,NONE
M0028163,TRUSTWORTHY,-1,NONE,NONE
M0028164,MALICIOUS,-1,NONE,NONE
M0028165,TRUSTWORTHY,-1,NONE,NONE
M0028166,SUSPICIOUS,-1,NONE,NONE
M0028167,TRUSTWORTHY,-1,NONE,NONE
M0028168,TRUSTWORTHY,-1,NONE,NONE
M0028169,TRUSTWORTHY,-1,NONE,NONE
M0028170,TRUSTWORTHY,-1,NONE,NONE
M0028171,TRUSTWORTHY,-1,NONE,NONE
M0028172,TRUSTWORTHY,-1,NONE,NONE
M0028173,TRUSTWORTHY,-1,NONE,NONE
M0028174,TRUSTWORTHY,-1,NONE,NONE
M0028175,TRUSTWORTHY,-1,NONE,NONE
M0028176,TRUSTWORTHY,-1,NONE,NONE
M0028177,TRUSTWORTHY,-1,NONE,NONE
M0028178,MALICIOUS,-1,NONE,NONE
M0028179,TRUSTWORTHY,-1,NONE,NONE
M0028180,TRUSTWORTHY,-1,NONE,NONE
M0028181,TRUSTWORTHY,-1,NONE,NONE
M0028182,TRUSTWORTHY,-1,NONE,NONE
M0028183,TRUSTWORTHY,-1,NONE,NONE
M0028184,TRUSTWORTHY,-1,NONE,NONE
M0028185,TRUSTWORTHY,-1,NONE,NONE
M0028186,TRUSTWORTHY,-1,NONE,NONE
M0028187,TRUSTWORTHY,-1,NONE,NONE
M0028188,MALICIOUS,-1,NONE,NONE
M0028189,TRUSTWORTHY,-1,NONE,NONE
M0028190,TRUSTWORTHY,-1,NONE,NONE
M0028191,TRUSTWORTHY,-1,NONE,NONE
M0028192,TRUSTWORTHY,-1,NONE,NONE
M0028193,TRUSTWORTHY,-1,NONE,NONE
M0028194,TRUSTWORTHY,-1,NONE,NONE
M0028195,MALICIOUS,-1,NONE,NONE
M0028196,TRUSTWORTHY,-1,NONE,NONE
M0028197,TRUSTWORTHY,-1,NONE,NONE
M0028198,TRUSTWORTHY,-1,NONE,NONE
M0028199,TRUSTWORTHY,-1,NONE,NONE
M0028200,TRUSTWORTHY,-1,NONE,NONE
M0028201,TRUSTWORTHY,-1,NONE,NONE
M0028202,MALICIOUS,-1,NONE,NONE
M0028203,TRUSTWORTHY,-1,NONE,NONE
M0028204,TRUSTWORTHY,-1,NONE,NONE
M0028205,SUSPICIOUS,-1,NONE,NONE
M0028206,TRUSTWORTHY,-1,NONE,NONE
M0028207,TRUSTWORTHY,-1,NONE,NONE
M0028208,SUSPICIOUS,-1,NONE,NONE
M0028209,TRUSTWORTHY,-1,NONE,NONE
M0028210,TRUSTWORTHY,-1,NONE,NONE
M0028211,TRUSTWORTHY,-1,NONE,NONE
M0028212,TRUSTWORTHY,-1,NONE,NONE
M0028213,TRUSTWORTHY,-1,NONE,NONE
M0028214,TRUSTWORTHY,-1,NONE,NONE
M0028215,SUSPICIOUS,-1,NONE,NONE
M0028216,MALICIOUS,-1,NONE,NONE
M0028217,TRUSTWORTHY,-1,NONE,NONE
M0028218,TRUSTWORTHY,-1,NONE,NONE
M0028219,TRUSTWORTHY,-1,NONE,NONE
M0028220,TRUSTWORTHY,-1,NONE,NONE
M0028221,MALICIOUS,-1,NONE,NONE
M0028222,TRUSTWORTHY,-1,NONE,NONE
M0028223,TRUSTWORTHY,-1,NONE,NONE
M0028224,MALICIOUS,-1,NONE,NONE
M0028225,TRUSTWORTHY,-1,NONE,NONE
M0028226,TRUSTWORTHY,-1,NONE,NONE
M0028227,SUSPICIOUS,-1,NONE,NONE
M0028228,TRUSTWORTHY,-1,NONE,NONE
M0028229,TRUSTWORTHY,-1,NONE,NONE
M0028230,TRUSTWORTHY,-1,NONE,NONE
M0028231,TRUSTWORTHY,-1,NONE,NONE
M0028232,TRUSTWORTHY,-1,NONE,NONE
M0028233,TRUSTWORTHY,-1,NONE,NONE
M0028234,TRUSTWORTHY,-1,NONE,NONE
M0028235,TRUSTWORTHY,-1,NONE,NONE
M0028236,TRUSTWORTHY,-1,NONE,NONE
M0028237,TRUSTWORTHY,-1,NONE,NONE
M0028238,TRUSTWORTHY,-1,NONE,NONE
M0028239,SUSPICIOUS,-1,NONE,NONE
M0028240,MALICIOUS,-1,NONE,NONE
M0028241,TRUSTWORTHY,-1,NONE,NONE
M0028242,TRUSTWORTHY,-1,NONE,NONE
M0028243,TRUSTWORTHY,-1,NONE,NONE
M0028244,TRUSTWORTHY,-1,NONE,NONE
M0028245,SUSPICIOUS,-1,NONE,NONE
M0028246,TRUSTWORTHY,-1,NONE,NONE
M0028247,SUSPICIOUS,-1,NONE,NONE
M0028248,TRUSTWORTHY,-1,NONE,NONE
M0028249,TRUSTWORTHY,-1,NONE,NONE
M0028250,TRUSTWORTHY,-1,NONE,NONE
M0028251,TRUSTWORTHY,-1,NONE,NONE
M0028252,TRUSTWORTHY,-1,NONE,NONE
M0028253,TRUSTWORTHY,-1,NONE,NONE
M0028254,TRUSTWORTHY,-1,NONE,NONE
M0028255,SUSPICIOUS,-1,NONE,NONE
M0028256,SUSPICIOUS,-1,NONE,NONE
M0028257,TRUSTWORTHY,-1,NONE,NONE
M0028258,TRUSTWORTHY,-1,NONE,NONE
M0028259,TRUSTWORTHY,-1,NONE,NONE
M0028260,TRUSTWORTHY,-1,NONE,NONE
M0028261,TRUSTWORTHY,-1,NONE,NONE
M0028262,TRUSTWORTHY,-1,NONE,NONE
M0028263,SUSPICIOUS,-1,NONE,NONE
M0028264,TRUSTWORTHY,-1,NONE,NONE
M0028265,TRUSTWORTHY,-1,NONE,NONE
M0028266,TRUSTWORTHY,-1,NONE,NONE
M0028267,TRUSTWORTHY,-1,NONE,NONE
M0028268,TRUSTWORTHY,-1,NONE,NONE
M0028269,MALICIOUS,-1,NONE,NONE
M0028270,TRUSTWORTHY,-1,NONE,NONE
M0028271,TRUSTWORTHY,-1,NONE,NONE
M0028272,TRUSTWORTHY,-1,NONE,NONE
M0028273,TRUSTWORTHY,-1,NONE,NONE
M0028274,TRUSTWORTHY,-1,NONE,NONE
M0028275,TRUSTWORTHY,-1,NONE,NONE
M0028276,TRUSTWORTHY,-1,NONE,NONE
M0028277,TRUSTWORTHY,-1,NONE,NONE
M0028278,TRUSTWORTHY,-1,NONE,NONE
M0028279,MALICIOUS,-1,NONE,NONE
M0028280,TRUSTWORTHY,-1,NONE,NONE
M0028281,TRUSTWORTHY,-1,NONE,NONE
M0028282,TRUSTWORTHY,-1,NONE,NONE
M0028283,SUSPICIOUS,-1,NONE,NONE
M0028284,TRUSTWORTHY,-1,NONE,NONE
M0028285,TRUSTWORTHY,-1,NONE,NONE
M0028286,TRUSTWORTHY,-1,NONE,NONE
M0028287,MALICIOUS,-1,NONE,NONE
M0028288,TRUSTWORTHY,-1,NONE,NONE
M0028289,MALICIOUS,-1,NONE,NONE
M0028290,TRUSTWORTHY,-1,NONE,NONE
M0028291,TRUSTWORTHY,-1,NONE,NONE
M0028292,TRUSTWORTHY,-1,NONE,NONE
M0028293,TRUSTWORTHY,-1,NONE,NONE
M0028294,TRUSTWORTHY,-1,NONE,NONE
M0028295,TRUSTWORTHY,-1,NONE,NONE
M0028296,TRUSTWORTHY,-1,NONE,NONE
M0028297,TRUSTWORTHY,-1,NONE,NONE
M0028298,TRUSTWORTHY,-1,NONE,NONE
M0028299,TRUSTWORTHY,-1,NONE,NONE
M0028300,TRUSTWORTHY,-1,NONE,NONE
M0028301,TRUSTWORTHY,-1,NONE,NONE
M0028302,SUSPICIOUS,-1,NONE,NONE
M0028303,TRUSTWORTHY,-1,NONE,NONE
M0028304,TRUSTWORTHY,-1,NONE,NONE
M0028305,TRUSTWORTHY,-1,NONE,NONE
M0028306,MALICIOUS,-1,NONE,NONE
M0028307,TRUSTWORTHY,-1,NONE,NONE
M0028308,TRUSTWORTHY,-1,NONE,NONE
M0028309,TRUSTWORTHY,-1,NONE,NONE
M0028310,TRUSTWORTHY,-1,NONE,NONE
M0028311,TRUSTWORTHY,-1,NONE,NONE
M0028312,TRUSTWORTHY,-1,NONE,NONE
M0028313,TRUSTWORTHY,-1,NONE,NONE
M0028314,SUSPICIOUS,-1,NONE,NONE
M0028315,TRUSTWORTHY,-1,NONE,NONE
M0028316,TRUSTWORTHY,-1,NONE,NONE
M0028317,SUSPICIOUS,-1,NONE,NONE
M0028318,TRUSTWORTHY,-1,NONE,NONE
M0028319,SUSPICIOUS,-1,NONE,NONE
M0028320,TRUSTWORTHY,-1,NONE,NONE
M0028321,TRUSTWORTHY,-1,NONE,NONE
M0028322,TRUSTWORTHY,-1,NONE,NONE
M0028323,TRUSTWORTHY,-1,NONE,NONE
M0028324,TRUSTWORTHY,-1,NONE,NONE
M0028325,TRUSTWORTHY,-1,NONE,NONE
M0028326,MALICIOUS,-1,NONE,NONE
M0028327,TRUSTWORTHY,-1,NONE,NONE
M0028328,TRUSTWORTHY,-1,NONE,NONE
M0028329,TRUSTWORTHY,-1,NONE,NONE
M0028330,SUSPICIOUS,-1,NONE,NONE
M0028331,TRUSTWORTHY,-1,NONE,NONE
M0028332,TRUSTWORTHY,-1,NONE,NONE
M0028333,TRUSTWORTHY,-1,NONE,NONE
M0028334,TRUSTWORTHY,-1,NONE,NONE
M0028335,TRUSTWORTHY,-1,NONE,NONE
M0028336,MALICIOUS,-1,NONE,NONE
M0028337,SUSPICIOUS,-1,NONE,NONE
M0028338,TRUSTWORTHY,-1,NONE,NONE
M0028339,TRUSTWORTHY,-1,NONE,NONE
M0028340,SUSPICIOUS,-1,NONE,NONE
M0028341,TRUSTWORTHY,-1,NONE,NONE
M0028342,TRUSTWORTHY,-1,NONE,NONE
M0028343,TRUSTWORTHY,-1,NONE,NONE
M0028344,TRUSTWORTHY,-1,NONE,NONE
M0028345,TRUSTWORTHY,-1,NONE,NONE
M0028346,SUSPICIOUS,-1,NONE,NONE
M0028347,SUSPICIOUS,-1,NONE,NONE
M0028348,TRUSTWORTHY,-1,NONE,NONE
M0028349,TRUSTWORTHY,-1,NONE,NONE
M0028350,TRUSTWORTHY,-1,NONE,NONE
M0028351,TRUSTWORTHY,-1,NONE,NONE
M0028352,MALICIOUS,-1,NONE,NONE
M0028353,TRUSTWORTHY,-1,NONE,NONE
M0028354,TRUSTWORTHY,-1,NONE,NONE
M0028355,MALICIOUS,-1,NONE,NONE
M0028356,TRUSTWORTHY,-1,NONE,NONE
M0028357,TRUSTWORTHY,-1,NONE,NONE
M0028358,TRUSTWORTHY,-1,NONE,NONE
M0028359,TRUSTWORTHY,-1,NONE,NONE
M0028360,SUSPICIOUS,-1,NONE,NONE
M0028361,TRUSTWORTHY,-1,NONE,NONE
M0028362,TRUSTWORTHY,-1,NONE,NONE
M0028363,SUSPICIOUS,-1,NONE,NONE
M0028364,TRUSTWORTHY,-1,NONE,NONE
M0028365,TRUSTWORTHY,-1,NONE,NONE
M0028366,MALICIOUS,-1,NONE,NONE
M0028367,TRUSTWORTHY,-1,NONE,NONE
M0028368,TRUSTWORTHY,-1,NONE,NONE
M0028369,TRUSTWORTHY,-1,NONE,NONE
M0028370,TRUSTWORTHY,-1,NONE,NONE
M0028371,TRUSTWORTHY,-1,NONE,NONE
M0028372,SUSPICIOUS,-1,NONE,NONE
M0028373,TRUSTWORTHY,-1,NONE,NONE
M0028374,TRUSTWORTHY,-1,NONE,NONE
M0028375,TRUSTWORTHY,-1,NONE,NONE
M0028376,SUSPICIOUS,-1,NONE,NONE
M0028377,TRUSTWORTHY,-1,NONE,NONE
M0028378,TRUSTWORTHY,-1,NONE,NONE
M0028379,TRUSTWORTHY,-1,NONE,NONE
M0028380,TRUSTWORTHY,-1,NONE,NONE
M0028381,TRUSTWORTHY,-1,NONE,NONE
M0028382,TRUSTWORTHY,-1,NONE,NONE
M0028383,TRUSTWORTHY,-1,NONE,NONE
M0028384,TRUSTWORTHY,-1,NONE,NONE
M0028385,TRUSTWORTHY,-1,NONE,NONE
M0028386,TRUSTWORTHY,-1,NONE,NONE
M0028387,SUSPICIOUS,-1,NONE,NONE
M0028388,TRUSTWORTHY,-1,NONE,NONE
M0028389,TRUSTWORTHY,-1,NONE,NONE
M0028390,MALICIOUS,-1,NONE,NONE
M0028391,TRUSTWORTHY,-1,NONE,NONE
M0028392,TRUSTWORTHY,-1,NONE,NONE
M0028393,MALICIOUS,-1,NONE,NONE
M0028394,TRUSTWORTHY,-1,NONE,NONE
M0028395,MALICIOUS,-1,NONE,NONE
M0028396,TRUSTWORTHY,-1,NONE,NONE
M0028397,TRUSTWORTHY,-1,NONE,NONE
M0028398,TRUSTWORTHY,-1,NONE,NONE
M0028399,TRUSTWORTHY,-1,NONE,NONE
M0028400,TRUSTWORTHY,-1,NONE,NONE
M0028401,SUSPICIOUS,-1,NONE,NONE
M0028402,TRUSTWORTHY,-1,NONE,NONE
M0028403,SUSPICIOUS,-1,NONE,NONE
M0028404,TRUSTWORTHY,-1,NONE,NONE
M0028405,TRUSTWORTHY,-1,NONE,NONE
M0028406,TRUSTWORTHY,-1,NONE,NONE
M0028407,TRUSTWORTHY,-1,NONE,NONE
M0028408,TRUSTWORTHY,-1,NONE,NONE
M0028409,TRUSTWORTHY,-1,NONE,NONE
M0028410,TRUSTWORTHY,-1,NONE,NONE
M0028411,TRUSTWORTHY,-1,NONE,NONE
M0028412,TRUSTWORTHY,-1,NONE,NONE
M0028413,SUSPICIOUS,-1,NONE,NONE
M0028414,TRUSTWORTHY,-1,NONE,NONE
M0028415,MALICIOUS,-1,NONE,NONE
M0028416,SUSPICIOUS,-1,NONE,NONE
M0028417,TRUSTWORTHY,-1,NONE,NONE
M0028418,MALICIOUS,-1,NONE,NONE
M0028419,TRUSTWORTHY,-1,NONE,NONE
M0028420,TRUSTWORTHY,-1,NONE,NONE
M0028421,SUSPICIOUS,-1,NONE,NONE
M0028422,TRUSTWORTHY,-1,NONE,NONE
M0028423,TRUSTWORTHY,-1,NONE,NONE
M0028424,TRUSTWORTHY,-1,NONE,NONE
M0028425,MALICIOUS,-1,NONE,NONE
M0028426,SUSPICIOUS,-1,NONE,NONE
M0028427,MALICIOUS,-1,NONE,NONE
M0028428,TRUSTWORTHY,-1,NONE,NONE
M0028429,TRUSTWORTHY,-1,NONE,NONE
M0028430,MALICIOUS,-1,NONE,NONE
M0028431,TRUSTWORTHY,-1,NONE,NONE
M0028432,TRUSTWORTHY,-1,NONE,NONE
M0028433,MALICIOUS,-1,NONE,NONE
M0028434,TRUSTWORTHY,-1,NONE,NONE
M0028435,MALICIOUS,-1,NONE,NONE
M0028436,TRUSTWORTHY,-1,NONE,NONE
M0028437,TRUSTWORTHY,-1,NONE,NONE
M0028438,TRUSTWORTHY,-1,NONE,NONE
M0028439,SUSPICIOUS,-1,NONE,NONE
M0028440,TRUSTWORTHY,-1,NONE,NONE
M0028441,TRUSTWORTHY,-1,NONE,NONE
M0028442,TRUSTWORTHY,-1,NONE,NONE
M0028443,TRUSTWORTHY,-1,NONE,NONE
M0028444,SUSPICIOUS,-1,NONE,NONE
M0028445,TRUSTWORTHY,-1,NONE,NONE
M0028446,TRUSTWORTHY,-1,NONE,NONE
M0028447,TRUSTWORTHY,-1,NONE,NONE
M0028448,SUSPICIOUS,-1,NONE,NONE
M0028449,TRUSTWORTHY,-1,NONE,NONE
M0028450,TRUSTWORTHY,-1,NONE,NONE
M0028451,TRUSTWORTHY,-1,NONE,NONE
M0028452,TRUSTWORTHY,-1,NONE,NONE
M0028453,SUSPICIOUS,-1,NONE,NONE
M0028454,MALICIOUS,-1,NONE,NONE
M0028455,TRUSTWORTHY,-1,NONE,NONE
M0028456,TRUSTWORTHY,-1,NONE,NONE
M0028457,TRUSTWORTHY,-1,NONE,NONE
M0028458,TRUSTWORTHY,-1,NONE,NONE
M0028459,SUSPICIOUS,-1,NONE,NONE
M0028460,TRUSTWORTHY,-1,NONE,NONE
M0028461,TRUSTWORTHY,-1,NONE,NONE
M0028462,TRUSTWORTHY,-1,NONE,NONE
M0028463,MALICIOUS,-1,NONE,NONE
M0028464,MALICIOUS,-1,NONE,NONE
M0028465,TRUSTWORTHY,-1,NONE,NONE
M0028466,TRUSTWORTHY,-1,NONE,NONE
M0028467,SUSPICIOUS,-1,NONE,NONE
M0028468,TRUSTWORTHY,-1,NONE,NONE
M0028469,TRUSTWORTHY,-1,NONE,NONE
M0028470,SUSPICIOUS,-1,NONE,NONE
M0028471,TRUSTWORTHY,-1,NONE,NONE
M0028472,TRUSTWORTHY,-1,NONE,NONE
M0028473,TRUSTWORTHY,-1,NONE,NONE
M0028474,TRUSTWORTHY,-1,NONE,NONE
M0028475,TRUSTWORTHY,-1,NONE,NONE
M0028476,TRUSTWORTHY,-1,NONE,NONE
M0028477,TRUSTWORTHY,-1,NONE,NONE
M0028478,TRUSTWORTHY,-1,NONE,NONE
M0028479,TRUSTWORTHY,-1,NONE,NONE
M0028480,TRUSTWORTHY,-1,NONE,NONE
M0028481,TRUSTWORTHY,-1,NONE,NONE
M0028482,MALICIOUS,-1,NONE,NONE
M0028483,TRUSTWORTHY,-1,NONE,NONE
M0028484,TRUSTWORTHY,-1,NONE,NONE
M0028485,TRUSTWORTHY,-1,NONE,NONE
M0028486,TRUSTWORTHY,-1,NONE,NONE
M0028487,TRUSTWORTHY,-1,NONE,NONE
M0028488,TRUSTWORTHY,-1,NONE,NONE
M0028489,TRUSTWORTHY,-1,NONE,NONE
M0028490,TRUSTWORTHY,-1,NONE,NONE
M0028491,TRUSTWORTHY,-1,NONE,NONE
M0028492,TRUSTWORTHY,-1,NONE,NONE
M0028493,TRUSTWORTHY,-1,NONE,NONE
M0028494,MALICIOUS,-1,NONE,NONE
M0028495,MALICIOUS,-1,NONE,NONE
M0028496,TRUSTWORTHY,-1,NONE,NONE
M0028497,SUSPICIOUS,-1,NONE,NONE
M0028498,MALICIOUS,-1,NONE,NONE
M0028499,TRUSTWORTHY,-1,NONE,NONE
M0028500,SUSPICIOUS,-1,NONE,NONE
M0028501,TRUSTWORTHY,-1,NONE,NONE
M0028502,TRUSTWORTHY,-1,NONE,NONE
M0028503,TRUSTWORTHY,-1,NONE,NONE
M0028504,MALICIOUS,-1,NONE,NONE
M0028505,MALICIOUS,-1,NONE,NONE
M0028506,TRUSTWORTHY,-1,NONE,NONE
M0028507,TRUSTWORTHY,-1,NONE,NONE
M0028508,TRUSTWORTHY,-1,NONE,NONE
M0028509,TRUSTWORTHY,-1,NONE,NONE
M0028510,TRUSTWORTHY,-1,NONE,NONE
M0028511,TRUSTWORTHY,-1,NONE,NONE
M0028512,SUSPICIOUS,-1,NONE,NONE
M0028513,TRUSTWORTHY,-1,NONE,NONE
M0028514,SUSPICIOUS,-1,NONE,NONE
M0028515,TRUSTWORTHY,-1,NONE,NONE
M0028516,TRUSTWORTHY,-1,NONE,NONE
M0028517,TRUSTWORTHY,-1,NONE,NONE
M0028518,MALICIOUS,-1,NONE,NONE
M0028519,SUSPICIOUS,-1,NONE,NONE
M0028520,TRUSTWORTHY,-1,NONE,NONE
M0028521,TRUSTWORTHY,-1,NONE,NONE
M0028522,TRUSTWORTHY,-1,NONE,NONE
M0028523,MALICIOUS,-1,NONE,NONE
M0028524,MALICIOUS,-1,NONE,NONE
M0028525,TRUSTWORTHY,-1,NONE,NONE
M0028526,MALICIOUS,-1,NONE,NONE
M0028527,TRUSTWORTHY,-1,NONE,NONE
M0028528,SUSPICIOUS,-1,NONE,NONE
M0028529,MALICIOUS,-1,NONE,NONE
M0028530,TRUSTWORTHY,-1,NONE,NONE
M0028531,TRUSTWORTHY,-1,NONE,NONE
M0028532,MALICIOUS,-1,NONE,NONE
M0028533,TRUSTWORTHY,-1,NONE,NONE
M0028534,MALICIOUS,-1,NONE,NONE
M0028535,TRUSTWORTHY,-1,NONE,NONE
M0028536,TRUSTWORTHY,-1,NONE,NONE
M0028537,MALICIOUS,-1,NONE,NONE
M0028538,TRUSTWORTHY,-1,NONE,NONE
M0028539,SUSPICIOUS,-1,NONE,NONE
M0028540,TRUSTWORTHY,-1,NONE,NONE
M0028541,TRUSTWORTHY,-1,NONE,NONE
M0028542,SUSPICIOUS,-1,NONE,NONE
M0028543,TRUSTWORTHY,-1,NONE,NONE
M0028544,SUSPICIOUS,-1,NONE,NONE
M0028545,MALICIOUS,-1,NONE,NONE
M0028546,TRUSTWORTHY,-1,NONE,NONE
M0028547,TRUSTWORTHY,-1,NONE,NONE
M0028548,TRUSTWORTHY,-1,NONE,NONE
M0028549,TRUSTWORTHY,-1,NONE,NONE
M0028550,TRUSTWORTHY,-1,NONE,NONE
M0028551,TRUSTWORTHY,-1,NONE,NONE
M0028552,SUSPICIOUS,-1,NONE,NONE
M0028553,TRUSTWORTHY,-1,NONE,NONE
M0028554,SUSPICIOUS,-1,NONE,NONE
M0028555,TRUSTWORTHY,-1,NONE,NONE
M0028556,MALICIOUS,-1,NONE,NONE
M0028557,TRUSTWORTHY,-1,NONE,NONE
M0028558,SUSPICIOUS,-1,NONE,NONE
M0028559,MALICIOUS,-1,NONE,NONE
M0028560,SUSPICIOUS,-1,NONE,NONE
M0028561,SUSPICIOUS,-1,NONE,NONE
M0028562,TRUSTWORTHY,-1,NONE,NONE
M0028563,TRUSTWORTHY,-1,NONE,NONE
M0028564,TRUSTWORTHY,-1,NONE,NONE
M0028565,TRUSTWORTHY,-1,NONE,NONE
M0028566,TRUSTWORTHY,-1,NONE,NONE
M0028567,TRUSTWORTHY,-1,NONE,NONE
M0028568,TRUSTWORTHY,-1,NONE,NONE
M0028569,TRUSTWORTHY,-1,NONE,NONE
M0028570,SUSPICIOUS,-1,NONE,NONE
M0028571,TRUSTWORTHY,-1,NONE,NONE
M0028572,TRUSTWORTHY,-1,NONE,NONE
M0028573,TRUSTWORTHY,-1,NONE,NONE
M0028574,TRUSTWORTHY,-1,NONE,NONE
M0028575,TRUSTWORTHY,-1,NONE,NONE
M0028576,TRUSTWORTHY,-1,NONE,NONE
M0028577,TRUSTWORTHY,-1,NONE,NONE
M0028578,TRUSTWORTHY,-1,NONE,NONE
M0028579,TRUSTWORTHY,-1,NONE,NONE
M0028580,TRUSTWORTHY,-1,NONE,NONE
M0028581,SUSPICIOUS,-1,NONE,NONE
M0028582,TRUSTWORTHY,-1,NONE,NONE
M0028583,TRUSTWORTHY,-1,NONE,NONE
M0028584,TRUSTWORTHY,-1,NONE,NONE
M0028585,TRUSTWORTHY,-1,NONE,NONE
M0028586,TRUSTWORTHY,-1,NONE,NONE
M0028587,TRUSTWORTHY,-1,NONE,NONE
M0028588,TRUSTWORTHY,-1,NONE,NONE
M0028589,TRUSTWORTHY,-1,NONE,NONE
M0028590,TRUSTWORTHY,-1,NONE,NONE
M0028591,SUSPICIOUS,-1,NONE,NONE
M0028592,MALICIOUS,-1,NONE,NONE
M0028593,TRUSTWORTHY,-1,NONE,NONE
M0028594,TRUSTWORTHY,-1,NONE,NONE
M0028595,TRUSTWORTHY,-1,NONE,NONE
M0028596,TRUSTWORTHY,-1,NONE,NONE
M0028597,TRUSTWORTHY,-1,NONE,NONE
M0028598,TRUSTWORTHY,-1,NONE,NONE
M0028599,MALICIOUS,-1,NONE,NONE
M0028600,TRUSTWORTHY,-1,NONE,NONE
M0028601,TRUSTWORTHY,-1,NONE,NONE
M0028602,TRUSTWORTHY,-1,NONE,NONE
M0028603,TRUSTWORTHY,-1,NONE,NONE
M0028604,MALICIOUS,-1,NONE,NONE
M0028605,TRUSTWORTHY,-1,NONE,NONE
M0028606,TRUSTWORTHY,-1,NONE,NONE
M0028607,SUSPICIOUS,-1,NONE,NONE
M0028608,TRUSTWORTHY,-1,NONE,NONE
M0028609,MALICIOUS,-1,NONE,NONE
M0028610,TRUSTWORTHY,-1,NONE,NONE
M0028611,TRUSTWORTHY,-1,NONE,NONE
M0028612,TRUSTWORTHY,-1,NONE,NONE
M0028613,TRUSTWORTHY,-1,NONE,NONE
M0028614,TRUSTWORTHY,-1,NONE,NONE
M0028615,TRUSTWORTHY,-1,NONE,NONE
M0028616,MALICIOUS,-1,NONE,NONE
M0028617,TRUSTWORTHY,-1,NONE,NONE
M0028618,TRUSTWORTHY,-1,NONE,NONE
M0028619,MALICIOUS,-1,NONE,NONE
M0028620,SUSPICIOUS,-1,NONE,NONE
M0028621,MALICIOUS,-1,NONE,NONE
M0028622,TRUSTWORTHY,-1,NONE,NONE
M0028623,SUSPICIOUS,-1,NONE,NONE
M0028624,SUSPICIOUS,-1,NONE,NONE
M0028625,TRUSTWORTHY,-1,NONE,NONE
M0028626,TRUSTWORTHY,-1,NONE,NONE
M0028627,TRUSTWORTHY,-1,NONE,NONE
M0028628,TRUSTWORTHY,-1,NONE,NONE
M0028629,TRUSTWORTHY,-1,NONE,NONE
M0028630,TRUSTWORTHY,-1,NONE,NONE
M0028631,TRUSTWORTHY,-1,NONE,NONE
M0028632,TRUSTWORTHY,-1,NONE,NONE
M0028633,TRUSTWORTHY,-1,NONE,NONE
M0028634,TRUSTWORTHY,-1,NONE,NONE
M0028635,TRUSTWORTHY,-1,NONE,NONE
M0028636,SUSPICIOUS,-1,NONE,NONE
M0028637,TRUSTWORTHY,-1,NONE,NONE
M0028638,TRUSTWORTHY,-1,NONE,NONE
M0028639,MALICIOUS,-1,NONE,NONE
M0028640,SUSPICIOUS,-1,NONE,NONE
M0028641,TRUSTWORTHY,-1,NONE,NONE
M0028642,MALICIOUS,-1,NONE,NONE
M0028643,TRUSTWORTHY,-1,NONE,NONE
M0028644,TRUSTWORTHY,-1,NONE,NONE
M0028645,MALICIOUS,-1,NONE,NONE
M0028646,SUSPICIOUS,-1,NONE,NONE
M0028647,SUSPICIOUS,-1,NONE,NONE
M0028648,TRUSTWORTHY,-1,NONE,NONE
M0028649,TRUSTWORTHY,-1,NONE,NONE
M0028650,TRUSTWORTHY,-1,NONE,NONE
M0028651,SUSPICIOUS,-1,NONE,NONE
M0028652,TRUSTWORTHY,-1,NONE,NONE
M0028653,TRUSTWORTHY,-1,NONE,NONE
M0028654,SUSPICIOUS,-1,NONE,NONE
M0028655,TRUSTWORTHY,-1,NONE,NONE
M0028656,TRUSTWORTHY,-1,NONE,NONE
M0028657,TRUSTWORTHY,-1,NONE,NONE
M0028658,TRUSTWORTHY,-1,NONE,NONE
M0028659,TRUSTWORTHY,-1,NONE,NONE
M0028660,TRUSTWORTHY,-1,NONE,NONE
M0028661,TRUSTWORTHY,-1,NONE,NONE
M0028662,TRUSTWORTHY,-1,NONE,NONE
M0028663,TRUSTWORTHY,-1,NONE,NONE
M0028664,TRUSTWORTHY,-1,NONE,NONE
M0028665,TRUSTWORTHY,-1,NONE,NONE
M0028666,MALICIOUS,-1,NONE,NONE
M0028667,MALICIOUS,-1,NONE,NONE
M0028668,SUSPICIOUS,-1,NONE,NONE
M0028669,SUSPICIOUS,-1,NONE,NONE
M0028670,TRUSTWORTHY,-1,NONE,NONE
M0028671,TRUSTWORTHY,-1,NONE,NONE
M0028672,MALICIOUS,-1,NONE,NONE
M0028673,TRUSTWORTHY,-1,NONE,NONE
M0028674,TRUSTWORTHY,-1,NONE,NONE
M0028675,TRUSTWORTHY,-1,NONE,NONE
M0028676,SUSPICIOUS,-1,NONE,NONE
M0028677,TRUSTWORTHY,-1,NONE,NONE
M0028678,TRUSTWORTHY,-1,NONE,NONE
M0028679,TRUSTWORTHY,-1,NONE,NONE
M0028680,TRUSTWORTHY,-1,NONE,NONE
M0028681,SUSPICIOUS,-1,NONE,NONE
M0028682,TRUSTWORTHY,-1,NONE,NONE
M0028683,TRUSTWORTHY,-1,NONE,NONE
M0028684,TRUSTWORTHY,-1,NONE,NONE
M0028685,MALICIOUS,-1,NONE,NONE
M0028686,TRUSTWORTHY,-1,NONE,NONE
M0028687,TRUSTWORTHY,-1,NONE,NONE
M0028688,TRUSTWORTHY,-1,NONE,NONE
M0028689,TRUSTWORTHY,-1,NONE,NONE
M0028690,TRUSTWORTHY,-1,NONE,NONE
M0028691,TRUSTWORTHY,-1,NONE,NONE
M0028692,TRUSTWORTHY,-1,NONE,NONE
M0028693,TRUSTWORTHY,-1,NONE,NONE
M0028694,TRUSTWORTHY,-1,NONE,NONE
M0028695,TRUSTWORTHY,-1,NONE,NONE
M0028696,TRUSTWORTHY,-1,NONE,NONE
M0028697,TRUSTWORTHY,-1,NONE,NONE
M0028698,TRUSTWORTHY,-1,NONE,NONE
M0028699,TRUSTWORTHY,-1,NONE,NONE
M0028700,TRUSTWORTHY,-1,NONE,NONE
M0028701,TRUSTWORTHY,-1,NONE,NONE
M0028702,TRUSTWORTHY,-1,NONE,NONE
M0028703,MALICIOUS,-1,NONE,NONE
M0028704,TRUSTWORTHY,-1,NONE,NONE
M0028705,TRUSTWORTHY,-1,NONE,NONE
M0028706,TRUSTWORTHY,-1,NONE,NONE
M0028707,MALICIOUS,-1,NONE,NONE
M0028708,SUSPICIOUS,-1,NONE,NONE
M0028709,TRUSTWORTHY,-1,NONE,NONE
M0028710,TRUSTWORTHY,-1,NONE,NONE
M0028711,TRUSTWORTHY,-1,NONE,NONE
M0028712,TRUSTWORTHY,-1,NONE,NONE
M0028713,TRUSTWORTHY,-1,NONE,NONE
M0028714,TRUSTWORTHY,-1,NONE,NONE
M0028715,TRUSTWORTHY,-1,NONE,NONE
M0028716,MALICIOUS,-1,NONE,NONE
M0028717,TRUSTWORTHY,-1,NONE,NONE
M0028718,SUSPICIOUS,-1,NONE,NONE
M0028719,TRUSTWORTHY,-1,NONE,NONE
M0028720,TRUSTWORTHY,-1,NONE,NONE
M0028721,SUSPICIOUS,-1,NONE,NONE
M0028722,TRUSTWORTHY,-1,NONE,NONE
M0028723,MALICIOUS,-1,NONE,NONE
M0028724,SUSPICIOUS,-1,NONE,NONE
M0028725,TRUSTWORTHY,-1,NONE,NONE
M0028726,TRUSTWORTHY,-1,NONE,NONE
M0028727,TRUSTWORTHY,-1,NONE,NONE
M0028728,TRUSTWORTHY,-1,NONE,NONE
M0028729,TRUSTWORTHY,-1,NONE,NONE
M0028730,SUSPICIOUS,-1,NONE,NONE
M0028731,TRUSTWORTHY,-1,NONE,NONE
M0028732,TRUSTWORTHY,-1,NONE,NONE
M0028733,TRUSTWORTHY,-1,NONE,NONE
M0028734,TRUSTWORTHY,-1,NONE,NONE
M0028735,SUSPICIOUS,-1,NONE,NONE
M0028736,TRUSTWORTHY,-1,NONE,NONE
M0028737,TRUSTWORTHY,-1,NONE,NONE
M0028738,SUSPICIOUS,-1,NONE,NONE
M0028739,TRUSTWORTHY,-1,NONE,NONE
M0028740,SUSPICIOUS,-1,NONE,NONE
M0028741,SUSPICIOUS,-1,NONE,NONE
M0028742,TRUSTWORTHY,-1,NONE,NONE
M0028743,TRUSTWORTHY,-1,NONE,NONE
M0028744,SUSPICIOUS,-1,NONE,NONE
M0028745,SUSPICIOUS,-1,NONE,NONE
M0028746,TRUSTWORTHY,-1,NONE,NONE
M0028747,TRUSTWORTHY,-1,NONE,NONE
M0028748,TRUSTWORTHY,-1,NONE,NONE
M0028749,SUSPICIOUS,-1,NONE,NONE
M0028750,SUSPICIOUS,-1,NONE,NONE
M0028751,TRUSTWORTHY,-1,NONE,NONE
M0028752,TRUSTWORTHY,-1,NONE,NONE
M0028753,TRUSTWORTHY,-1,NONE,NONE
M0028754,TRUSTWORTHY,-1,NONE,NONE
M0028755,MALICIOUS,-1,NONE,NONE
M0028756,TRUSTWORTHY,-1,NONE,NONE
M0028757,TRUSTWORTHY,-1,NONE,NONE
M0028758,SUSPICIOUS,-1,NONE,NONE
M0028759,TRUSTWORTHY,-1,NONE,NONE
M0028760,TRUSTWORTHY,-1,NONE,NONE
M0028761,MALICIOUS,-1,NONE,NONE
M0028762,TRUSTWORTHY,-1,NONE,NONE
M0028763,MALICIOUS,-1,NONE,NONE
M0028764,TRUSTWORTHY,-1,NONE,NONE
M0028765,TRUSTWORTHY,-1,NONE,NONE
M0028766,TRUSTWORTHY,-1,NONE,NONE
M0028767,TRUSTWORTHY,-1,NONE,NONE
M0028768,TRUSTWORTHY,-1,NONE,NONE
M0028769,TRUSTWORTHY,-1,NONE,NONE
M0028770,TRUSTWORTHY,-1,NONE,NONE
M0028771,MALICIOUS,-1,NONE,NONE
M0028772,MALICIOUS,-1,NONE,NONE
M0028773,MALICIOUS,-1,NONE,NONE
M0028774,SUSPICIOUS,-1,NONE,NONE
M0028775,SUSPICIOUS,-1,NONE,NONE
M0028776,TRUSTWORTHY,-1,NONE,NONE
M0028777,TRUSTWORTHY,-1,NONE,NONE
M0028778,TRUSTWORTHY,-1,NONE,NONE
M0028779,TRUSTWORTHY,-1,NONE,NONE
M0028780,TRUSTWORTHY,-1,NONE,NONE
M0028781,MALICIOUS,-1,NONE,NONE
M0028782,SUSPICIOUS,-1,NONE,NONE
M0028783,TRUSTWORTHY,-1,NONE,NONE
M0028784,TRUSTWORTHY,-1,NONE,NONE
M0028785,TRUSTWORTHY,-1,NONE,NONE
M0028786,TRUSTWORTHY,-1,NONE,NONE
M0028787,TRUSTWORTHY,-1,NONE,NONE
M0028788,TRUSTWORTHY,-1,NONE,NONE
M0028789,TRUSTWORTHY,-1,NONE,NONE
M0028790,TRUSTWORTHY,-1,NONE,NONE
M0028791,TRUSTWORTHY,-1,NONE,NONE
M0028792,MALICIOUS,-1,NONE,NONE
M0028793,TRUSTWORTHY,-1,NONE,NONE
M0028794,TRUSTWORTHY,-1,NONE,NONE
M0028795,SUSPICIOUS,-1,NONE,NONE
M0028796,TRUSTWORTHY,-1,NONE,NONE
M0028797,TRUSTWORTHY,-1,NONE,NONE
M0028798,TRUSTWORTHY,-1,NONE,NONE
M0028799,MALICIOUS,-1,NONE,NONE
M0028800,SUSPICIOUS,-1,NONE,NONE
M0028801,MALICIOUS,-1,NONE,NONE
M0028802,TRUSTWORTHY,-1,NONE,NONE
M0028803,MALICIOUS,-1,NONE,NONE
M0028804,TRUSTWORTHY,-1,NONE,NONE
M0028805,MALICIOUS,-1,NONE,NONE
M0028806,SUSPICIOUS,-1,NONE,NONE
M0028807,TRUSTWORTHY,-1,NONE,NONE
M0028808,TRUSTWORTHY,-1,NONE,NONE
M0028809,TRUSTWORTHY,-1,NONE,NONE
M0028810,TRUSTWORTHY,-1,NONE,NONE
M0028811,TRUSTWORTHY,-1,NONE,NONE
M0028812,TRUSTWORTHY,-1,NONE,NONE
M0028813,MALICIOUS,-1,NONE,NONE
M0028814,TRUSTWORTHY,-1,NONE,NONE
M0028815,TRUSTWORTHY,-1,NONE,NONE
M0028816,SUSPICIOUS,-1,NONE,NONE
M0028817,TRUSTWORTHY,-1,NONE,NONE
M0028818,TRUSTWORTHY,-1,NONE,NONE
M0028819,TRUSTWORTHY,-1,NONE,NONE
M0028820,MALICIOUS,-1,NONE,NONE
M0028821,TRUSTWORTHY,-1,NONE,NONE
M0028822,MALICIOUS,-1,NONE,NONE
M0028823,TRUSTWORTHY,-1,NONE,NONE
M0028824,TRUSTWORTHY,-1,NONE,NONE
M0028825,TRUSTWORTHY,-1,NONE,NONE
M0028826,MALICIOUS,-1,NONE,NONE
M0028827,TRUSTWORTHY,-1,NONE,NONE
M0028828,TRUSTWORTHY,-1,NONE,NONE
M0028829,TRUSTWORTHY,-1,NONE,NONE
M0028830,SUSPICIOUS,-1,NONE,NONE
M0028831,TRUSTWORTHY,-1,NONE,NONE
M0028832,TRUSTWORTHY,-1,NONE,NONE
M0028833,TRUSTWORTHY,-1,NONE,NONE
M0028834,TRUSTWORTHY,-1,NONE,NONE
M0028835,SUSPICIOUS,-1,NONE,NONE
M0028836,TRUSTWORTHY,-1,NONE,NONE
M0028837,TRUSTWORTHY,-1,NONE,NONE
M0028838,TRUSTWORTHY,-1,NONE,NONE
M0028839,TRUSTWORTHY,-1,NONE,NONE
M0028840,TRUSTWORTHY,-1,NONE,NONE
M0028841,TRUSTWORTHY,-1,NONE,NONE
M0028842,TRUSTWORTHY,-1,NONE,NONE
M0028843,TRUSTWORTHY,-1,NONE,NONE
M0028844,TRUSTWORTHY,-1,NONE,NONE
M0028845,TRUSTWORTHY,-1,NONE,NONE
M0028846,TRUSTWORTHY,-1,NONE,NONE
M0028847,MALICIOUS,-1,NONE,NONE
M0028848,TRUSTWORTHY,-1,NONE,NONE
M0028849,SUSPICIOUS,-1,NONE,NONE
M0028850,TRUSTWORTHY,-1,NONE,NONE
M0028851,TRUSTWORTHY,-1,NONE,NONE
M0028852,TRUSTWORTHY,-1,NONE,NONE
M0028853,SUSPICIOUS,-1,NONE,NONE
M0028854,MALICIOUS,-1,NONE,NONE
M0028855,TRUSTWORTHY,-1,NONE,NONE
M0028856,TRUSTWORTHY,-1,NONE,NONE
M0028857,TRUSTWORTHY,-1,NONE,NONE
M0028858,TRUSTWORTHY,-1,NONE,NONE
M0028859,TRUSTWORTHY,-1,NONE,NONE
M0028860,MALICIOUS,-1,NONE,NONE
M0028861,TRUSTWORTHY,-1,NONE,NONE
M0028862,MALICIOUS,-1,NONE,NONE
M0028863,TRUSTWORTHY,-1,NONE,NONE
M0028864,TRUSTWORTHY,-1,NONE,NONE
M0028865,TRUSTWORTHY,-1,NONE,NONE
M0028866,TRUSTWORTHY,-1,NONE,NONE
M0028867,TRUSTWORTHY,-1,NONE,NONE
M0028868,TRUSTWORTHY,-1,NONE,NONE
M0028869,TRUSTWORTHY,-1,NONE,NONE
M0028870,TRUSTWORTHY,-1,NONE,NONE
M0028871,SUSPICIOUS,-1,NONE,NONE
M0028872,TRUSTWORTHY,-1,NONE,NONE
M0028873,TRUSTWORTHY,-1,NONE,NONE
M0028874,SUSPICIOUS,-1,NONE,NONE
M0028875,SUSPICIOUS,-1,NONE,NONE
M0028876,SUSPICIOUS,-1,NONE,NONE
M0028877,TRUSTWORTHY,-1,NONE,NONE
M0028878,TRUSTWORTHY,-1,NONE,NONE
M0028879,TRUSTWORTHY,-1,NONE,NONE
M0028880,TRUSTWORTHY,-1,NONE,NONE
M0028881,TRUSTWORTHY,-1,NONE,NONE
M0028882,TRUSTWORTHY,-1,NONE,NONE
M0028883,TRUSTWORTHY,-1,NONE,NONE
M0028884,SUSPICIOUS,-1,NONE,NONE
M0028885,TRUSTWORTHY,-1,NONE,NONE
M0028886,TRUSTWORTHY,-1,NONE,NONE
M0028887,TRUSTWORTHY,-1,NONE,NONE
M0028888,TRUSTWORTHY,-1,NONE,NONE
M0028889,TRUSTWORTHY,-1,NONE,NONE
M0028890,TRUSTWORTHY,-1,NONE,NONE
M0028891,MALICIOUS,-1,NONE,NONE
M0028892,TRUSTWORTHY,-1,NONE,NONE
M0028893,TRUSTWORTHY,-1,NONE,NONE
M0028894,TRUSTWORTHY,-1,NONE,NONE
M0028895,TRUSTWORTHY,-1,NONE,NONE
M0028896,TRUSTWORTHY,-1,NONE,NONE
M0028897,TRUSTWORTHY,-1,NONE,NONE
M0028898,SUSPICIOUS,-1,NONE,NONE
M0028899,MALICIOUS,-1,NONE,NONE
M0028900,TRUSTWORTHY,-1,NONE,NONE
M0028901,TRUSTWORTHY,-1,NONE,NONE
M0028902,TRUSTWORTHY,-1,NONE,NONE
M0028903,TRUSTWORTHY,-1,NONE,NONE
M0028904,SUSPICIOUS,-1,NONE,NONE
M0028905,TRUSTWORTHY,-1,NONE,NONE
M0028906,TRUSTWORTHY,-1,NONE,NONE
M0028907,TRUSTWORTHY,-1,NONE,NONE
M0028908,MALICIOUS,-1,NONE,NONE
M0028909,TRUSTWORTHY,-1,NONE,NONE
M0028910,TRUSTWORTHY,-1,NONE,NONE
M0028911,TRUSTWORTHY,-1,NONE,NONE
M0028912,SUSPICIOUS,-1,NONE,NONE
M0028913,TRUSTWORTHY,-1,NONE,NONE
M0028914,SUSPICIOUS,-1,NONE,NONE
M0028915,TRUSTWORTHY,-1,NONE,NONE
M0028916,SUSPICIOUS,-1,NONE,NONE
M0028917,TRUSTWORTHY,-1,NONE,NONE
M0028918,TRUSTWORTHY,-1,NONE,NONE
M0028919,SUSPICIOUS,-1,NONE,NONE
M0028920,TRUSTWORTHY,-1,NONE,NONE
M0028921,SUSPICIOUS,-1,NONE,NONE
M0028922,TRUSTWORTHY,-1,NONE,NONE
M0028923,TRUSTWORTHY,-1,NONE,NONE
M0028924,SUSPICIOUS,-1,NONE,NONE
M0028925,TRUSTWORTHY,-1,NONE,NONE
M0028926,TRUSTWORTHY,-1,NONE,NONE
M0028927,TRUSTWORTHY,-1,NONE,NONE
M0028928,TRUSTWORTHY,-1,NONE,NONE
M0028929,TRUSTWORTHY,-1,NONE,NONE
M0028930,TRUSTWORTHY,-1,NONE,NONE
M0028931,TRUSTWORTHY,-1,NONE,NONE
M0028932,TRUSTWORTHY,-1,NONE,NONE
M0028933,TRUSTWORTHY,-1,NONE,NONE
M0028934,TRUSTWORTHY,-1,NONE,NONE
M0028935,TRUSTWORTHY,-1,NONE,NONE
M0028936,TRUSTWORTHY,-1,NONE,NONE
M0028937,TRUSTWORTHY,-1,NONE,NONE
M0028938,SUSPICIOUS,-1,NONE,NONE
M0028939,TRUSTWORTHY,-1,NONE,NONE
M0028940,TRUSTWORTHY,-1,NONE,NONE
M0028941,SUSPICIOUS,-1,NONE,NONE
M0028942,MALICIOUS,-1,NONE,NONE
M0028943,TRUSTWORTHY,-1,NONE,NONE
M0028944,TRUSTWORTHY,-1,NONE,NONE
M0028945,TRUSTWORTHY,-1,NONE,NONE
M0028946,TRUSTWORTHY,-1,NONE,NONE
M0028947,SUSPICIOUS,-1,NONE,NONE
M0028948,SUSPICIOUS,-1,NONE,NONE
M0028949,MALICIOUS,-1,NONE,NONE
M0028950,TRUSTWORTHY,-1,NONE,NONE
M0028951,MALICIOUS,-1,NONE,NONE
M0028952,TRUSTWORTHY,-1,NONE,NONE
M0028953,TRUSTWORTHY,-1,NONE,NONE
M0028954,TRUSTWORTHY,-1,NONE,NONE
M0028955,TRUSTWORTHY,-1,NONE,NONE
M0028956,TRUSTWORTHY,-1,NONE,NONE
M0028957,TRUSTWORTHY,-1,NONE,NONE
M0028958,TRUSTWORTHY,-1,NONE,NONE
M0028959,TRUSTWORTHY,-1,NONE,NONE
M0028960,TRUSTWORTHY,-1,NONE,NONE
M0028961,SUSPICIOUS,-1,NONE,NONE
M0028962,TRUSTWORTHY,-1,NONE,NONE
M0028963,TRUSTWORTHY,-1,NONE,NONE
M0028964,TRUSTWORTHY,-1,NONE,NONE
M0028965,TRUSTWORTHY,-1,NONE,NONE
M0028966,TRUSTWORTHY,-1,NONE,NONE
M0028967,TRUSTWORTHY,-1,NONE,NONE
M0028968,MALICIOUS,-1,NONE,NONE
M0028969,MALICIOUS,-1,NONE,NONE
M0028970,MALICIOUS,-1,NONE,NONE
M0028971,TRUSTWORTHY,-1,NONE,NONE
M0028972,TRUSTWORTHY,-1,NONE,NONE
M0028973,TRUSTWORTHY,-1,NONE,NONE
M0028974,TRUSTWORTHY,-1,NONE,NONE
M0028975,TRUSTWORTHY,-1,NONE,NONE
M0028976,TRUSTWORTHY,-1,NONE,NONE
M0028977,MALICIOUS,-1,NONE,NONE
M0028978,TRUSTWORTHY,-1,NONE,NONE
M0028979,TRUSTWORTHY,-1,NONE,NONE
M0028980,TRUSTWORTHY,-1,NONE,NONE
M0028981,TRUSTWORTHY,-1,NONE,NONE
M0028982,TRUSTWORTHY,-1,NONE,NONE
M0028983,TRUSTWORTHY,-1,NONE,NONE
M0028984,SUSPICIOUS,-1,NONE,NONE
M0028985,TRUSTWORTHY,-1,NONE,NONE
M0028986,SUSPICIOUS,-1,NONE,NONE
M0028987,TRUSTWORTHY,-1,NONE,NONE
M0028988,TRUSTWORTHY,-1,NONE,NONE
M0028989,TRUSTWORTHY,-1,NONE,NONE
M0028990,SUSPICIOUS,-1,NONE,NONE
M0028991,TRUSTWORTHY,-1,NONE,NONE
M0028992,TRUSTWORTHY,-1,NONE,NONE
M0028993,TRUSTWORTHY,-1,NONE,NONE
M0028994,TRUSTWORTHY,-1,NONE,NONE
M0028995,TRUSTWORTHY,-1,NONE,NONE
M0028996,TRUSTWORTHY,-1,NONE,NONE
M0028997,MALICIOUS,-1,NONE,NONE
M0028998,MALICIOUS,-1,NONE,NONE
M0028999,TRUSTWORTHY,-1,NONE,NONE
M0029000,TRUSTWORTHY,-1,NONE,NONE
M0029001,TRUSTWORTHY,-1,NONE,NONE
M0029002,TRUSTWORTHY,-1,NONE,NONE
M0029003,TRUSTWORTHY,-1,NONE,NONE
M0029004,MALICIOUS,-1,NONE,NONE
M0029005,MALICIOUS,-1,NONE,NONE
M0029006,TRUSTWORTHY,-1,NONE,NONE
M0029007,TRUSTWORTHY,-1,NONE,NONE
M0029008,TRUSTWORTHY,-1,NONE,NONE
M0029009,SUSPICIOUS,-1,NONE,NONE
M0029010,MALICIOUS,-1,NONE,NONE
M0029011,TRUSTWORTHY,-1,NONE,NONE
M0029012,TRUSTWORTHY,-1,NONE,NONE
M0029013,TRUSTWORTHY,-1,NONE,NONE
M0029014,MALICIOUS,-1,NONE,NONE
M0029015,TRUSTWORTHY,-1,NONE,NONE
M0029016,SUSPICIOUS,-1,NONE,NONE
M0029017,TRUSTWORTHY,-1,NONE,NONE
M0029018,TRUSTWORTHY,-1,NONE,NONE
M0029019,TRUSTWORTHY,-1,NONE,NONE
M0029020,MALICIOUS,-1,NONE,NONE
M0029021,TRUSTWORTHY,-1,NONE,NONE
M0029022,TRUSTWORTHY,-1,NONE,NONE
M0029023,TRUSTWORTHY,-1,NONE,NONE
M0029024,SUSPICIOUS,-1,NONE,NONE
M0029025,TRUSTWORTHY,-1,NONE,NONE
M0029026,MALICIOUS,-1,NONE,NONE
M0029027,TRUSTWORTHY,-1,NONE,NONE
M0029028,TRUSTWORTHY,-1,NONE,NONE
M0029029,TRUSTWORTHY,-1,NONE,NONE
M0029030,TRUSTWORTHY,-1,NONE,NONE
M0029031,SUSPICIOUS,-1,NONE,NONE
M0029032,TRUSTWORTHY,-1,NONE,NONE
M0029033,TRUSTWORTHY,-1,NONE,NONE
M0029034,TRUSTWORTHY,-1,NONE,NONE
M0029035,TRUSTWORTHY,-1,NONE,NONE
M0029036,TRUSTWORTHY,-1,NONE,NONE
M0029037,TRUSTWORTHY,-1,NONE,NONE
M0029038,TRUSTWORTHY,-1,NONE,NONE
M0029039,TRUSTWORTHY,-1,NONE,NONE
M0029040,TRUSTWORTHY,-1,NONE,NONE
M0029041,SUSPICIOUS,-1,NONE,NONE
M0029042,SUSPICIOUS,-1,NONE,NONE
M0029043,MALICIOUS,-1,NONE,NONE
M0029044,TRUSTWORTHY,-1,NONE,NONE
M0029045,MALICIOUS,-1,NONE,NONE
M0029046,TRUSTWORTHY,-1,NONE,NONE
M0029047,TRUSTWORTHY,-1,NONE,NONE
M0029048,TRUSTWORTHY,-1,NONE,NONE
M0029049,TRUSTWORTHY,-1,NONE,NONE
M0029050,TRUSTWORTHY,-1,NONE,NONE
M0029051,TRUSTWORTHY,-1,NONE,NONE
M0029052,TRUSTWORTHY,-1,NONE,NONE
M0029053,SUSPICIOUS,-1,NONE,NONE
M0029054,TRUSTWORTHY,-1,NONE,NONE
M0029055,TRUSTWORTHY,-1,NONE,NONE
M0029056,MALICIOUS,-1,NONE,NONE
M0029057,TRUSTWORTHY,-1,NONE,NONE
M0029058,TRUSTWORTHY,-1,NONE,NONE
M0029059,TRUSTWORTHY,-1,NONE,NONE
M0029060,TRUSTWORTHY,-1,NONE,NONE
M0029061,MALICIOUS,-1,NONE,NONE
M0029062,TRUSTWORTHY,-1,NONE,NONE
M0029063,TRUSTWORTHY,-1,NONE,NONE
M0029064,MALICIOUS,-1,NONE,NONE
M0029065,TRUSTWORTHY,-1,NONE,NONE
M0029066,TRUSTWORTHY,-1,NONE,NONE
M0029067,TRUSTWORTHY,-1,NONE,NONE
M0029068,TRUSTWORTHY,-1,NONE,NONE
M0029069,TRUSTWORTHY,-1,NONE,NONE
M0029070,TRUSTWORTHY,-1,NONE,NONE
M0029071,TRUSTWORTHY,-1,NONE,NONE
M0029072,TRUSTWORTHY,-1,NONE,NONE
M0029073,TRUSTWORTHY,-1,NONE,NONE
M0029074,SUSPICIOUS,-1,NONE,NONE
M0029075,TRUSTWORTHY,-1,NONE,NONE
M0029076,TRUSTWORTHY,-1,NONE,NONE
M0029077,TRUSTWORTHY,-1,NONE,NONE
M0029078,TRUSTWORTHY,-1,NONE,NONE
M0029079,MALICIOUS,-1,NONE,NONE
M0029080,TRUSTWORTHY,-1,NONE,NONE
M0029081,TRUSTWORTHY,-1,NONE,NONE
M0029082,TRUSTWORTHY,-1,NONE,NONE
M0029083,TRUSTWORTHY,-1,NONE,NONE
M0029084,TRUSTWORTHY,-1,NONE,NONE
M0029085,TRUSTWORTHY,-1,NONE,NONE
M0029086,TRUSTWORTHY,-1,NONE,NONE
M0029087,SUSPICIOUS,-1,NONE,NONE
M0029088,SUSPICIOUS,-1,NONE,NONE
M0029089,TRUSTWORTHY,-1,NONE,NONE
M0029090,TRUSTWORTHY,-1,NONE,NONE
M0029091,TRUSTWORTHY,-1,NONE,NONE
M0029092,SUSPICIOUS,-1,NONE,NONE
M0029093,TRUSTWORTHY,-1,NONE,NONE
M0029094,TRUSTWORTHY,-1,NONE,NONE
M0029095,TRUSTWORTHY,-1,NONE,NONE
M0029096,TRUSTWORTHY,-1,NONE,NONE
M0029097,MALICIOUS,-1,NONE,NONE
M0029098,TRUSTWORTHY,-1,NONE,NONE
M0029099,TRUSTWORTHY,-1,NONE,NONE
M0029100,TRUSTWORTHY,-1,NONE,NONE
M0029101,TRUSTWORTHY,-1,NONE,NONE
M0029102,TRUSTWORTHY,-1,NONE,NONE
M0029103,TRUSTWORTHY,-1,NONE,NONE
M0029104,SUSPICIOUS,-1,NONE,NONE
M0029105,TRUSTWORTHY,-1,NONE,NONE
M0029106,TRUSTWORTHY,-1,NONE,NONE
M0029107,TRUSTWORTHY,-1,NONE,NONE
M0029108,TRUSTWORTHY,-1,NONE,NONE
M0029109,TRUSTWORTHY,-1,NONE,NONE
M0029110,TRUSTWORTHY,-1,NONE,NONE
M0029111,TRUSTWORTHY,-1,NONE,NONE
M0029112,TRUSTWORTHY,-1,NONE,NONE
M0029113,TRUSTWORTHY,-1,NONE,NONE
M0029114,TRUSTWORTHY,-1,NONE,NONE
M0029115,TRUSTWORTHY,-1,NONE,NONE
M0029116,TRUSTWORTHY,-1,NONE,NONE
M0029117,TRUSTWORTHY,-1,NONE,NONE
M0029118,TRUSTWORTHY,-1,NONE,NONE
M0029119,TRUSTWORTHY,-1,NONE,NONE
M0029120,TRUSTWORTHY,-1,NONE,NONE
M0029121,TRUSTWORTHY,-1,NONE,NONE
M0029122,TRUSTWORTHY,-1,NONE,NONE
M0029123,SUSPICIOUS,-1,NONE,NONE
M0029124,MALICIOUS,-1,NONE,NONE
M0029125,TRUSTWORTHY,-1,NONE,NONE
M0029126,TRUSTWORTHY,-1,NONE,NONE
M0029127,TRUSTWORTHY,-1,NONE,NONE
M0029128,TRUSTWORTHY,-1,NONE,NONE
M0029129,MALICIOUS,-1,NONE,NONE
M0029130,MALICIOUS,-1,NONE,NONE
M0029131,TRUSTWORTHY,-1,NONE,NONE
M0029132,TRUSTWORTHY,-1,NONE,NONE
M0029133,SUSPICIOUS,-1,NONE,NONE
M0029134,TRUSTWORTHY,-1,NONE,NONE
M0029135,TRUSTWORTHY,-1,NONE,NONE
M0029136,TRUSTWORTHY,-1,NONE,NONE
M0029137,TRUSTWORTHY,-1,NONE,NONE
M0029138,MALICIOUS,-1,NONE,NONE
M0029139,TRUSTWORTHY,-1,NONE,NONE
M0029140,TRUSTWORTHY,-1,NONE,NONE
M0029141,TRUSTWORTHY,-1,NONE,NONE
M0029142,TRUSTWORTHY,-1,NONE,NONE
M0029143,TRUSTWORTHY,-1,NONE,NONE
M0029144,TRUSTWORTHY,-1,NONE,NONE
M0029145,TRUSTWORTHY,-1,NONE,NONE
M0029146,TRUSTWORTHY,-1,NONE,NONE
M0029147,TRUSTWORTHY,-1,NONE,NONE
M0029148,TRUSTWORTHY,-1,NONE,NONE
M0029149,TRUSTWORTHY,-1,NONE,NONE
M0029150,TRUSTWORTHY,-1,NONE,NONE
M0029151,TRUSTWORTHY,-1,NONE,NONE
M0029152,TRUSTWORTHY,-1,NONE,NONE
M0029153,TRUSTWORTHY,-1,NONE,NONE
M0029154,TRUSTWORTHY,-1,NONE,NONE
M0029155,TRUSTWORTHY,-1,NONE,NONE
M0029156,MALICIOUS,-1,NONE,NONE
M0029157,TRUSTWORTHY,-1,NONE,NONE
M0029158,TRUSTWORTHY,-1,NONE,NONE
M0029159,SUSPICIOUS,-1,NONE,NONE
M0029160,MALICIOUS,-1,NONE,NONE
M0029161,TRUSTWORTHY,-1,NONE,NONE
M0029162,MALICIOUS,-1,NONE,NONE
M0029163,MALICIOUS,-1,NONE,NONE
M0029164,TRUSTWORTHY,-1,NONE,NONE
M0029165,TRUSTWORTHY,-1,NONE,NONE
M0029166,SUSPICIOUS,-1,NONE,NONE
M0029167,SUSPICIOUS,-1,NONE,NONE
M0029168,TRUSTWORTHY,-1,NONE,NONE
M0029169,MALICIOUS,-1,NONE,NONE
M0029170,MALICIOUS,-1,NONE,NONE
M0029171,TRUSTWORTHY,-1,NONE,NONE
M0029172,TRUSTWORTHY,-1,NONE,NONE
M0029173,TRUSTWORTHY,-1,NONE,NONE
M0029174,SUSPICIOUS,-1,NONE,NONE
M0029190,TRUSTWORTHY,-1,NONE,NONE
M0029209,TRUSTWORTHY,-1,NONE,NONE
M0029222,TRUSTWORTHY,-1,NONE,NONE
A000000,NONE,0,NONE,CAM_CLUSTER_BENIGN
A000001,NONE,0,NONE,CAM_CLUSTER_BENIGN
A000002,NONE,0,NONE,CAM_CLUSTER_BENIGN
A000003,NONE,0,NONE,CAM_CLUSTER_BENIGN
A000004,NONE,0,NONE,CAM_CLUSTER_BENIGN
A000005,NONE,0,NONE,CAM_CLUSTER_BENIGN
A000006,NONE,0,NONE,CAM_CLUSTER_BENIGN
A000007,NONE,0,NONE,CAM_CLUSTER_BENIGN
A000008,NONE,0,NONE,CAM_CLUSTER_BENIGN
A000009,NONE,0,NONE,CAM_CLUSTER_BENIGN
A000010,NONE,0,NONE,CAM_CLUSTER_BENIGN
A000011,NONE,0,NONE,CAM_CLUSTER_001
A000012,NONE,0,NONE,CAM_CLUSTER_BENIGN
A000013,NONE,0,NONE,CAM_CLUSTER_BENIGN
A000014,NONE,0,NONE,CAM_CLUSTER_BENIGN
A000015,NONE,0,NONE,CAM_CLUSTER_BENIGN
A000016,NONE,0,NONE,CAM_CLUSTER_BENIGN
A000017,NONE,0,NONE,CAM_CLUSTER_BENIGN
A000018,NONE,0,NONE,CAM_CLUSTER_BENIGN
A000019,NONE,0,NONE,CAM_CLUSTER_BENIGN
A000020,NONE,0,NONE,CAM_CLUSTER_BENIGN
A000021,NONE,0,NONE,CAM_CLUSTER_BENIGN
A000022,NONE,0,NONE,CAM_CLUSTER_BENIGN
A000023,NONE,0,NONE,CAM_CLUSTER_BENIGN
A000024,NONE,0,NONE,CAM_CLUSTER_BENIGN
A000025,NONE,0,NONE,CAM_CLUSTER_BENIGN
A000026,NONE,0,NONE,CAM_CLUSTER_004
A000027,NONE,0,NONE,CAM_CLUSTER_BENIGN
A000028,NONE,0,NONE,CAM_CLUSTER_BENIGN
A000029,NONE,0,NONE,CAM_CLUSTER_005
A000030,NONE,0,NONE,CAM_CLUSTER_BENIGN
A000031,NONE,0,NONE,CAM_CLUSTER_BENIGN
A000032,NONE,0,NONE,CAM_CLUSTER_BENIGN
A000033,NONE,0,NONE,CAM_CLUSTER_BENIGN
A000034,NONE,0,NONE,CAM_CLUSTER_BENIGN
A000035,NONE,0,NONE,CAM_CLUSTER_BENIGN
A000036,NONE,0,NONE,CAM_CLUSTER_BENIGN
A000037,NONE,0,NONE,CAM_CLUSTER_BENIGN
A000038,NONE,0,NONE,CAM_CLUSTER_BENIGN
A000039,NONE,0,NONE,CAM_CLUSTER_BENIGN
A000040,NONE,0,NONE,CAM_CLUSTER_BENIGN
A000041,NONE,0,NONE,CAM_CLUSTER_BENIGN
A000042,NONE,0,NONE,CAM_CLUSTER_BENIGN
A000043,NONE,0,NONE,CAM_CLUSTER_BENIGN
A000044,NONE,0,NONE,CAM_CLUSTER_BENIGN
A000045,NONE,0,NONE,CAM_CLUSTER_BENIGN
A000046,NONE,0,NONE,CAM_CLUSTER_BENIGN
A000047,NONE,0,NONE,CAM_CLUSTER_BENIGN
A000048,NONE,0,NONE,CAM_CLUSTER_BENIGN
A000049,NONE,0,NONE,CAM_CLUSTER_BENIGN
A000050,NONE,0,NONE,CAM_CLUSTER_BENIGN
A000051,NONE,0,NONE,CAM_CLUSTER_BENIGN
A000052,NONE,0,NONE,CAM_CLUSTER_005
A000053,NONE,0,NONE,CAM_CLUSTER_BENIGN
A000054,NONE,0,NONE,CAM_CLUSTER_BENIGN
A000055,NONE,0,NONE,CAM_CLUSTER_BENIGN
A000056,NONE,0,NONE,CAM_CLUSTER_BENIGN
A000057,NONE,0,NONE,CAM_CLUSTER_BENIGN
A000058,NONE,0,NONE,CAM_CLUSTER_BENIGN
A000059,NONE,0,NONE,CAM_CLUSTER_BENIGN
A000060,NONE,0,NONE,CAM_CLUSTER_BENIGN
A000061,NONE,0,NONE,CAM_CLUSTER_BENIGN
A000062,NONE,0,NONE,CAM_CLUSTER_BENIGN
A000063,NONE,0,NONE,CAM_CLUSTER_007
A000064,NONE,0,NONE,CAM_CLUSTER_BENIGN
A000065,NONE,0,NONE,CAM_CLUSTER_BENIGN
A000066,NONE,0,NONE,CAM_CLUSTER_BENIGN
A000067,NONE,0,NONE,CAM_CLUSTER_BENIGN
A000068,NONE,0,NONE,CAM_CLUSTER_BENIGN
A000069,NONE,0,NONE,CAM_CLUSTER_BENIGN
A000070,NONE,0,NONE,CAM_CLUSTER_BENIGN
A000071,NONE,0,NONE,CAM_CLUSTER_BENIGN
A000072,NONE,0,NONE,CAM_CLUSTER_BENIGN
A000073,NONE,1,2025-09-26 23:57:03,CAM_CLUSTER_BENIGN
A000074,NONE,0,NONE,CAM_CLUSTER_BENIGN
A000075,NONE,0,NONE,CAM_CLUSTER_BENIGN
A000076,NONE,0,NONE,CAM_CLUSTER_BENIGN
A000077,NONE,0,NONE,CAM_CLUSTER_BENIGN
A000078,NONE,0,NONE,CAM_CLUSTER_BENIGN
A000079,NONE,0,NONE,CAM_CLUSTER_BENIGN
A000080,NONE,0,NONE,CAM_CLUSTER_000
A000081,NONE,0,NONE,CAM_CLUSTER_BENIGN
A000082,NONE,0,NONE,CAM_CLUSTER_BENIGN
A000083,NONE,0,NONE,CAM_CLUSTER_BENIGN
A000084,NONE,0,NONE,CAM_CLUSTER_BENIGN
A000085,NONE,0,NONE,CAM_CLUSTER_BENIGN
A000086,NONE,0,NONE,CAM_CLUSTER_BENIGN
A000087,NONE,0,NONE,CAM_CLUSTER_BENIGN
A000088,NONE,0,NONE,CAM_CLUSTER_BENIGN
A000089,NONE,0,NONE,CAM_CLUSTER_BENIGN
A000090,NONE,0,NONE,CAM_CLUSTER_BENIGN
A000091,NONE,0,NONE,CAM_CLUSTER_BENIGN
A000092,NONE,0,NONE,CAM_CLUSTER_BENIGN
A000093,NONE,0,NONE,CAM_CLUSTER_BENIGN
A000094,NONE,0,NONE,CAM_CLUSTER_BENIGN
A000095,NONE,0,NONE,CAM_CLUSTER_BENIGN
A000096,NONE,0,NONE,CAM_CLUSTER_BENIGN
A000097,NONE,0,NONE,CAM_CLUSTER_BENIGN
A000098,NONE,0,NONE,CAM_CLUSTER_BENIGN
A000099,NONE,0,NONE,CAM_CLUSTER_BENIGN
A000100,NONE,0,NONE,CAM_CLUSTER_BENIGN
A000101,NONE,0,NONE,CAM_CLUSTER_BENIGN
A000102,NONE,0,NONE,CAM_CLUSTER_BENIGN
A000103,NONE,0,NONE,CAM_CLUSTER_BENIGN
A000104,NONE,0,NONE,CAM_CLUSTER_BENIGN
A000105,NONE,0,NONE,CAM_CLUSTER_BENIGN
A000106,NONE,0,NONE,CAM_CLUSTER_BENIGN
A000107,NONE,0,NONE,CAM_CLUSTER_BENIGN
A000108,NONE,0,NONE,CAM_CLUSTER_BENIGN
A000109,NONE,1,2025-09-08 18:08:16,CAM_CLUSTER_BENIGN
A000110,NONE,1,2025-03-04 19:56:55,CAM_CLUSTER_BENIGN
A000111,NONE,0,NONE,CAM_CLUSTER_BENIGN
A000112,NONE,0,NONE,CAM_CLUSTER_BENIGN
A000113,NONE,0,NONE,CAM_CLUSTER_BENIGN
A000114,NONE,1,2025-09-13 04:04:31,CAM_CLUSTER_BENIGN
A000115,NONE,0,NONE,CAM_CLUSTER_005
A000116,NONE,0,NONE,CAM_CLUSTER_BENIGN
A000117,NONE,0,NONE,CAM_CLUSTER_BENIGN
A000118,NONE,0,NONE,CAM_CLUSTER_BENIGN
A000119,NONE,0,NONE,CAM_CLUSTER_BENIGN
A000120,NONE,1,2025-09-13 22:36:03,CAM_CLUSTER_BENIGN
A000121,NONE,0,NONE,CAM_CLUSTER_BENIGN
A000122,NONE,0,NONE,CAM_CLUSTER_BENIGN
A000123,NONE,0,NONE,CAM_CLUSTER_000
A000124,NONE,0,NONE,CAM_CLUSTER_000
A000125,NONE,0,NONE,CAM_CLUSTER_BENIGN
A000126,NONE,0,NONE,CAM_CLUSTER_BENIGN
A000127,NONE,0,NONE,CAM_CLUSTER_BENIGN
A000128,NONE,0,NONE,CAM_CLUSTER_BENIGN
A000129,NONE,0,NONE,CAM_CLUSTER_BENIGN
A000130,NONE,0,NONE,CAM_CLUSTER_BENIGN
A000131,NONE,0,NONE,CAM_CLUSTER_BENIGN
A000132,NONE,0,NONE,CAM_CLUSTER_BENIGN
A000133,NONE,0,NONE,CAM_CLUSTER_BENIGN
A000134,NONE,0,NONE,CAM_CLUSTER_BENIGN
A000135,NONE,0,NONE,CAM_CLUSTER_BENIGN
A000136,NONE,0,NONE,CAM_CLUSTER_BENIGN
A000137,NONE,0,NONE,CAM_CLUSTER_BENIGN
A000138,NONE,0,NONE,CAM_CLUSTER_BENIGN
A000139,NONE,0,NONE,CAM_CLUSTER_BENIGN
A000140,NONE,0,NONE,CAM_CLUSTER_BENIGN
A000141,NONE,0,NONE,CAM_CLUSTER_BENIGN
A000142,NONE,0,NONE,CAM_CLUSTER_BENIGN
A000143,NONE,0,NONE,CAM_CLUSTER_BENIGN
A000144,NONE,0,NONE,CAM_CLUSTER_BENIGN
A000145,NONE,0,NONE,CAM_CLUSTER_BENIGN
A000146,NONE,0,NONE,CAM_CLUSTER_BENIGN
A000147,NONE,0,NONE,CAM_CLUSTER_BENIGN
A000148,NONE,0,NONE,CAM_CLUSTER_BENIGN
A000149,NONE,0,NONE,CAM_CLUSTER_BENIGN
A000150,NONE,0,NONE,CAM_CLUSTER_BENIGN
A000151,NONE,0,NONE,CAM_CLUSTER_BENIGN
A000152,NONE,0,NONE,CAM_CLUSTER_BENIGN
A000153,NONE,0,NONE,CAM_CLUSTER_BENIGN
A000154,NONE,0,NONE,CAM_CLUSTER_BENIGN
A000155,NONE,0,NONE,CAM_CLUSTER_BENIGN
A000156,NONE,0,NONE,CAM_CLUSTER_BENIGN
A000157,NONE,0,NONE,CAM_CLUSTER_BENIGN
A000158,NONE,0,NONE,CAM_CLUSTER_BENIGN
A000159,NONE,0,NONE,CAM_CLUSTER_BENIGN
A000160,NONE,0,NONE,CAM_CLUSTER_BENIGN
A000161,NONE,0,NONE,CAM_CLUSTER_BENIGN
A000162,NONE,0,NONE,CAM_CLUSTER_BENIGN
A000163,NONE,0,NONE,CAM_CLUSTER_BENIGN
A000164,NONE,0,NONE,CAM_CLUSTER_001
A000165,NONE,0,NONE,CAM_CLUSTER_BENIGN
A000166,NONE,0,NONE,CAM_CLUSTER_BENIGN
A000167,NONE,0,NONE,CAM_CLUSTER_BENIGN
A000168,NONE,1,2025-01-22 16:29:43,CAM_CLUSTER_BENIGN
A000169,NONE,0,NONE,CAM_CLUSTER_000
A000170,NONE,0,NONE,CAM_CLUSTER_BENIGN
A000171,NONE,0,NONE,CAM_CLUSTER_BENIGN
A000172,NONE,0,NONE,CAM_CLUSTER_BENIGN
A000173,NONE,0,NONE,CAM_CLUSTER_BENIGN
A000174,NONE,0,NONE,CAM_CLUSTER_002
A000175,NONE,0,NONE,CAM_CLUSTER_BENIGN
A000176,NONE,0,NONE,CAM_CLUSTER_007
A000177,NONE,0,NONE,CAM_CLUSTER_BENIGN
A000178,NONE,0,NONE,CAM_CLUSTER_BENIGN
A000179,NONE,0,NONE,CAM_CLUSTER_BENIGN
A000180,NONE,0,NONE,CAM_CLUSTER_BENIGN
A000181,NONE,0,NONE,CAM_CLUSTER_BENIGN
A000182,NONE,0,NONE,CAM_CLUSTER_BENIGN
A000183,NONE,0,NONE,CAM_CLUSTER_BENIGN
A000184,NONE,0,NONE,CAM_CLUSTER_BENIGN
A000185,NONE,0,NONE,CAM_CLUSTER_BENIGN
A000186,NONE,0,NONE,CAM_CLUSTER_BENIGN
A000187,NONE,0,NONE,CAM_CLUSTER_BENIGN
A000188,NONE,0,NONE,CAM_CLUSTER_BENIGN
A000189,NONE,0,NONE,CAM_CLUSTER_BENIGN
A000190,NONE,0,NONE,CAM_CLUSTER_BENIGN
A000191,NONE,0,NONE,CAM_CLUSTER_BENIGN
A000192,NONE,0,NONE,CAM_CLUSTER_BENIGN
A000193,NONE,0,NONE,CAM_CLUSTER_BENIGN
A000194,NONE,0,NONE,CAM_CLUSTER_BENIGN
A000195,NONE,0,NONE,CAM_CLUSTER_BENIGN
A000196,NONE,0,NONE,CAM_CLUSTER_BENIGN
A000197,NONE,0,NONE,CAM_CLUSTER_BENIGN
A000198,NONE,0,NONE,CAM_CLUSTER_BENIGN
A000199,NONE,0,NONE,CAM_CLUSTER_BENIGN
A000200,NONE,0,NONE,CAM_CLUSTER_BENIGN
A000201,NONE,0,NONE,CAM_CLUSTER_BENIGN
A000202,NONE,0,NONE,CAM_CLUSTER_BENIGN
A000203,NONE,1,2025-10-09 13:17:00,CAM_CLUSTER_BENIGN
A000204,NONE,0,NONE,CAM_CLUSTER_BENIGN
A000205,NONE,0,NONE,CAM_CLUSTER_BENIGN
A000206,NONE,0,NONE,CAM_CLUSTER_BENIGN
A000207,NONE,0,NONE,CAM_CLUSTER_BENIGN
A000208,NONE,0,NONE,CAM_CLUSTER_BENIGN
A000209,NONE,0,NONE,CAM_CLUSTER_BENIGN
A000210,NONE,0,NONE,CAM_CLUSTER_BENIGN
A000211,NONE,0,NONE,CAM_CLUSTER_BENIGN
A000212,NONE,0,NONE,CAM_CLUSTER_BENIGN
A000213,NONE,1,2025-09-16 17:15:51,CAM_CLUSTER_BENIGN
A000214,NONE,1,2025-09-07 01:35:48,CAM_CLUSTER_BENIGN
A000215,NONE,0,NONE,CAM_CLUSTER_BENIGN
A000216,NONE,0,NONE,CAM_CLUSTER_BENIGN
A000217,NONE,0,NONE,CAM_CLUSTER_BENIGN
A000218,NONE,1,2025-03-24 14:36:43,CAM_CLUSTER_BENIGN
A000219,NONE,0,NONE,CAM_CLUSTER_BENIGN
A000220,NONE,0,NONE,CAM_CLUSTER_BENIGN
A000221,NONE,0,NONE,CAM_CLUSTER_BENIGN
A000222,NONE,0,NONE,CAM_CLUSTER_BENIGN
A000223,NONE,0,NONE,CAM_CLUSTER_BENIGN
A000224,NONE,0,NONE,CAM_CLUSTER_BENIGN
A000225,NONE,0,NONE,CAM_CLUSTER_BENIGN
A000226,NONE,0,NONE,CAM_CLUSTER_BENIGN
A000227,NONE,0,NONE,CAM_CLUSTER_BENIGN
A000228,NONE,0,NONE,CAM_CLUSTER_BENIGN
A000229,NONE,0,NONE,CAM_CLUSTER_BENIGN
A000230,NONE,0,NONE,CAM_CLUSTER_BENIGN
A000231,NONE,0,NONE,CAM_CLUSTER_BENIGN
A000232,NONE,0,NONE,CAM_CLUSTER_BENIGN
A000233,NONE,0,NONE,CAM_CLUSTER_BENIGN
A000234,NONE,0,NONE,CAM_CLUSTER_BENIGN
A000235,NONE,0,NONE,CAM_CLUSTER_001
A000236,NONE,0,NONE,CAM_CLUSTER_BENIGN
A000237,NONE,0,NONE,CAM_CLUSTER_BENIGN
A000238,NONE,0,NONE,CAM_CLUSTER_BENIGN
A000239,NONE,0,NONE,CAM_CLUSTER_BENIGN
A000240,NONE,0,NONE,CAM_CLUSTER_BENIGN
A000241,NONE,0,NONE,CAM_CLUSTER_BENIGN
A000242,NONE,0,NONE,CAM_CLUSTER_BENIGN
A000243,NONE,0,NONE,CAM_CLUSTER_BENIGN
A000244,NONE,0,NONE,CAM_CLUSTER_BENIGN
A000245,NONE,0,NONE,CAM_CLUSTER_BENIGN
A000246,NONE,0,NONE,CAM_CLUSTER_BENIGN
A000247,NONE,0,NONE,CAM_CLUSTER_BENIGN
A000248,NONE,0,NONE,CAM_CLUSTER_BENIGN
A000249,NONE,0,NONE,CAM_CLUSTER_BENIGN
A000250,NONE,0,NONE,CAM_CLUSTER_BENIGN
A000251,NONE,0,NONE,CAM_CLUSTER_BENIGN
A000252,NONE,0,NONE,CAM_CLUSTER_BENIGN
A000253,NONE,0,NONE,CAM_CLUSTER_007
A000254,NONE,1,2025-09-21 11:30:33,CAM_CLUSTER_BENIGN
A000255,NONE,0,NONE,CAM_CLUSTER_BENIGN
A000256,NONE,0,NONE,CAM_CLUSTER_BENIGN
A000257,NONE,0,NONE,CAM_CLUSTER_BENIGN
A000258,NONE,0,NONE,CAM_CLUSTER_BENIGN
A000259,NONE,0,NONE,CAM_CLUSTER_BENIGN
A000260,NONE,0,NONE,CAM_CLUSTER_BENIGN
A000261,NONE,0,NONE,CAM_CLUSTER_BENIGN
A000262,NONE,0,NONE,CAM_CLUSTER_BENIGN
A000263,NONE,0,NONE,CAM_CLUSTER_BENIGN
A000264,NONE,0,NONE,CAM_CLUSTER_BENIGN
A000265,NONE,0,NONE,CAM_CLUSTER_BENIGN
A000266,NONE,0,NONE,CAM_CLUSTER_BENIGN
A000267,NONE,1,2025-10-11 07:11:24,CAM_CLUSTER_BENIGN
A000268,NONE,1,2025-09-10 23:25:12,CAM_CLUSTER_BENIGN
A000269,NONE,0,NONE,CAM_CLUSTER_BENIGN
A000270,NONE,1,2025-09-21 02:07:59,CAM_CLUSTER_BENIGN
A000271,NONE,0,NONE,CAM_CLUSTER_BENIGN
A000272,NONE,0,NONE,CAM_CLUSTER_BENIGN
A000273,NONE,0,NONE,CAM_CLUSTER_BENIGN
A000274,NONE,1,2025-09-02 17:59:20,CAM_CLUSTER_BENIGN
A000275,NONE,0,NONE,CAM_CLUSTER_BENIGN
A000276,NONE,0,NONE,CAM_CLUSTER_BENIGN
A000277,NONE,0,NONE,CAM_CLUSTER_BENIGN
A000278,NONE,0,NONE,CAM_CLUSTER_BENIGN
A000279,NONE,1,2025-10-24 15:38:39,CAM_CLUSTER_BENIGN
A000280,NONE,0,NONE,CAM_CLUSTER_BENIGN
A000281,NONE,1,2025-09-02 05:04:42,CAM_CLUSTER_BENIGN
A000282,NONE,1,2025-09-10 12:50:02,CAM_CLUSTER_BENIGN
A000283,NONE,1,2025-09-03 15:43:48,CAM_CLUSTER_BENIGN
A000284,NONE,1,2025-09-04 23:28:16,CAM_CLUSTER_BENIGN
A000285,NONE,0,NONE,CAM_CLUSTER_BENIGN
A000286,NONE,0,NONE,CAM_CLUSTER_BENIGN
A000287,NONE,0,NONE,CAM_CLUSTER_BENIGN
A000288,NONE,0,NONE,CAM_CLUSTER_BENIGN
A000289,NONE,0,NONE,CAM_CLUSTER_BENIGN
A000290,NONE,0,NONE,CAM_CLUSTER_BENIGN
A000291,NONE,0,NONE,CAM_CLUSTER_BENIGN
A000292,NONE,0,NONE,CAM_CLUSTER_BENIGN
A000293,NONE,0,NONE,CAM_CLUSTER_BENIGN
A000294,NONE,0,NONE,CAM_CLUSTER_BENIGN
A000295,NONE,0,NONE,CAM_CLUSTER_BENIGN
A000296,NONE,0,NONE,CAM_CLUSTER_BENIGN
A000297,NONE,1,2025-09-04 17:43:21,CAM_CLUSTER_BENIGN
A000298,NONE,1,2025-03-18 14:36:27,CAM_CLUSTER_BENIGN
A000299,NONE,1,2025-09-30 05:55:37,CAM_CLUSTER_BENIGN
A000300,NONE,0,NONE,CAM_CLUSTER_BENIGN
A000301,NONE,0,NONE,CAM_CLUSTER_BENIGN
A000302,NONE,0,NONE,CAM_CLUSTER_011
A000303,NONE,0,NONE,CAM_CLUSTER_BENIGN
A000304,NONE,0,NONE,CAM_CLUSTER_BENIGN
A000305,NONE,0,NONE,CAM_CLUSTER_BENIGN
A000306,NONE,0,NONE,CAM_CLUSTER_BENIGN
A000307,NONE,0,NONE,CAM_CLUSTER_BENIGN
A000308,NONE,0,NONE,CAM_CLUSTER_BENIGN
A000309,NONE,0,NONE,CAM_CLUSTER_BENIGN
A000310,NONE,0,NONE,CAM_CLUSTER_BENIGN
A000311,NONE,0,NONE,CAM_CLUSTER_BENIGN
A000312,NONE,0,NONE,CAM_CLUSTER_BENIGN
A000313,NONE,0,NONE,CAM_CLUSTER_BENIGN
A000314,NONE,0,NONE,CAM_CLUSTER_BENIGN
A000315,NONE,1,2025-09-20 02:42:21,CAM_CLUSTER_BENIGN
A000316,NONE,1,2025-09-06 09:13:19,CAM_CLUSTER_BENIGN
A000317,NONE,0,NONE,CAM_CLUSTER_BENIGN
A000318,NONE,0,NONE,CAM_CLUSTER_BENIGN
A000319,NONE,1,2025-09-06 20:07:41,CAM_CLUSTER_BENIGN
A000320,NONE,0,NONE,CAM_CLUSTER_BENIGN
A000321,NONE,0,NONE,CAM_CLUSTER_BENIGN
A000322,NONE,0,NONE,CAM_CLUSTER_000
A000323,NONE,0,NONE,CAM_CLUSTER_BENIGN
A000324,NONE,0,NONE,CAM_CLUSTER_BENIGN
A000325,NONE,0,NONE,CAM_CLUSTER_BENIGN
A000326,NONE,1,2025-09-02 23:03:54,CAM_CLUSTER_BENIGN
A000327,NONE,0,NONE,CAM_CLUSTER_BENIGN
A000328,NONE,0,NONE,CAM_CLUSTER_BENIGN
A000329,NONE,0,NONE,CAM_CLUSTER_BENIGN
A000330,NONE,0,NONE,CAM_CLUSTER_BENIGN
A000331,NONE,0,NONE,CAM_CLUSTER_008
A000332,NONE,0,NONE,CAM_CLUSTER_BENIGN
A000333,NONE,0,NONE,CAM_CLUSTER_BENIGN
A000334,NONE,0,NONE,CAM_CLUSTER_BENIGN
A000335,NONE,0,NONE,CAM_CLUSTER_BENIGN
A000336,NONE,0,NONE,CAM_CLUSTER_BENIGN
A000337,NONE,0,NONE,CAM_CLUSTER_BENIGN
A000338,NONE,0,NONE,CAM_CLUSTER_BENIGN
A000339,NONE,0,NONE,CAM_CLUSTER_BENIGN
A000340,NONE,0,NONE,CAM_CLUSTER_BENIGN
A000341,NONE,1,2025-09-30 19:02:22,CAM_CLUSTER_BENIGN
A000342,NONE,0,NONE,CAM_CLUSTER_BENIGN
A000343,NONE,0,NONE,CAM_CLUSTER_BENIGN
A000344,NONE,1,2025-10-03 10:36:17,CAM_CLUSTER_BENIGN
A000345,NONE,0,NONE,CAM_CLUSTER_BENIGN
A000346,NONE,0,NONE,CAM_CLUSTER_BENIGN
A000347,NONE,0,NONE,CAM_CLUSTER_BENIGN
A000348,NONE,0,NONE,CAM_CLUSTER_BENIGN
A000349,NONE,0,NONE,CAM_CLUSTER_BENIGN
A000350,NONE,0,NONE,CAM_CLUSTER_BENIGN
A000351,NONE,0,NONE,CAM_CLUSTER_BENIGN
A000352,NONE,0,NONE,CAM_CLUSTER_BENIGN
A000353,NONE,0,NONE,CAM_CLUSTER_BENIGN
A000354,NONE,0,NONE,CAM_CLUSTER_BENIGN
A000355,NONE,1,2025-03-17 10:21:17,CAM_CLUSTER_BENIGN
A000356,NONE,0,NONE,CAM_CLUSTER_BENIGN
A000357,NONE,1,2025-09-15 09:31:05,CAM_CLUSTER_BENIGN
A000358,NONE,1,2025-09-19 13:20:19,CAM_CLUSTER_BENIGN
A000359,NONE,0,NONE,CAM_CLUSTER_BENIGN
A000360,NONE,0,NONE,CAM_CLUSTER_BENIGN
A000361,NONE,0,NONE,CAM_CLUSTER_BENIGN
A000362,NONE,0,NONE,CAM_CLUSTER_BENIGN
A000363,NONE,0,NONE,CAM_CLUSTER_BENIGN
A000364,NONE,0,NONE,CAM_CLUSTER_BENIGN
A000365,NONE,0,NONE,CAM_CLUSTER_BENIGN
A000366,NONE,0,NONE,CAM_CLUSTER_002
A000367,NONE,0,NONE,CAM_CLUSTER_BENIGN
A000368,NONE,0,NONE,CAM_CLUSTER_002
A000369,NONE,0,NONE,CAM_CLUSTER_BENIGN
A000370,NONE,0,NONE,CAM_CLUSTER_BENIGN
A000371,NONE,0,NONE,CAM_CLUSTER_BENIGN
A000372,NONE,0,NONE,CAM_CLUSTER_BENIGN
A000373,NONE,0,NONE,CAM_CLUSTER_BENIGN
A000374,NONE,0,NONE,CAM_CLUSTER_BENIGN
A000375,NONE,0,NONE,CAM_CLUSTER_BENIGN
A000376,NONE,0,NONE,CAM_CLUSTER_BENIGN
A000377,NONE,0,NONE,CAM_CLUSTER_BENIGN
A000378,NONE,0,NONE,CAM_CLUSTER_BENIGN
A000379,NONE,0,NONE,CAM_CLUSTER_005
A000380,NONE,0,NONE,CAM_CLUSTER_BENIGN
A000381,NONE,0,NONE,CAM_CLUSTER_BENIGN
A000382,NONE,0,NONE,CAM_CLUSTER_BENIGN
A000383,NONE,0,NONE,CAM_CLUSTER_BENIGN
A000384,NONE,0,NONE,CAM_CLUSTER_BENIGN
A000385,NONE,0,NONE,CAM_CLUSTER_BENIGN
A000386,NONE,0,NONE,CAM_CLUSTER_BENIGN
A000387,NONE,0,NONE,CAM_CLUSTER_BENIGN
A000388,NONE,1,2025-09-17 05:39:29,CAM_CLUSTER_BENIGN
A000389,NONE,0,NONE,CAM_CLUSTER_BENIGN
A000390,NONE,0,NONE,CAM_CLUSTER_BENIGN
A000391,NONE,0,NONE,CAM_CLUSTER_BENIGN
A000392,NONE,0,NONE,CAM_CLUSTER_BENIGN
A000393,NONE,0,NONE,CAM_CLUSTER_BENIGN
A000394,NONE,0,NONE,CAM_CLUSTER_BENIGN
A000395,NONE,0,NONE,CAM_CLUSTER_BENIGN
A000396,NONE,0,NONE,CAM_CLUSTER_BENIGN
A000397,NONE,0,NONE,CAM_CLUSTER_BENIGN
A000398,NONE,0,NONE,CAM_CLUSTER_BENIGN
A000399,NONE,0,NONE,CAM_CLUSTER_002
A000400,NONE,0,NONE,CAM_CLUSTER_005
A000401,NONE,0,NONE,CAM_CLUSTER_BENIGN
A000402,NONE,0,NONE,CAM_CLUSTER_BENIGN
A000403,NONE,0,NONE,CAM_CLUSTER_BENIGN
A000404,NONE,0,NONE,CAM_CLUSTER_BENIGN
A000405,NONE,0,NONE,CAM_CLUSTER_BENIGN
A000406,NONE,0,NONE,CAM_CLUSTER_BENIGN
A000407,NONE,0,NONE,CAM_CLUSTER_BENIGN
A000408,NONE,0,NONE,CAM_CLUSTER_006
A000409,NONE,0,NONE,CAM_CLUSTER_000
A000410,NONE,0,NONE,CAM_CLUSTER_BENIGN
A000411,NONE,0,NONE,CAM_CLUSTER_BENIGN
A000412,NONE,0,NONE,CAM_CLUSTER_BENIGN
A000413,NONE,0,NONE,CAM_CLUSTER_BENIGN
A000414,NONE,0,NONE,CAM_CLUSTER_BENIGN
A000415,NONE,0,NONE,CAM_CLUSTER_BENIGN
A000416,NONE,0,NONE,CAM_CLUSTER_002
A000417,NONE,0,NONE,CAM_CLUSTER_BENIGN
A000418,NONE,0,NONE,CAM_CLUSTER_BENIGN
A000419,NONE,0,NONE,CAM_CLUSTER_BENIGN
A000420,NONE,1,2025-10-27 22:05:21,CAM_CLUSTER_BENIGN
A000421,NONE,1,2025-09-25 09:33:29,CAM_CLUSTER_BENIGN
A000422,NONE,0,NONE,CAM_CLUSTER_BENIGN
A000423,NONE,0,NONE,CAM_CLUSTER_BENIGN
A000424,NONE,0,NONE,CAM_CLUSTER_BENIGN
A000425,NONE,0,NONE,CAM_CLUSTER_BENIGN
A000426,NONE,0,NONE,CAM_CLUSTER_BENIGN
A000427,NONE,1,2025-09-15 02:44:57,CAM_CLUSTER_BENIGN
A000428,NONE,0,NONE,CAM_CLUSTER_BENIGN
A000429,NONE,0,NONE,CAM_CLUSTER_BENIGN
A000430,NONE,0,NONE,CAM_CLUSTER_BENIGN
A000431,NONE,0,NONE,CAM_CLUSTER_002
A000432,NONE,0,NONE,CAM_CLUSTER_BENIGN
A000433,NONE,0,NONE,CAM_CLUSTER_BENIGN
A000434,NONE,0,NONE,CAM_CLUSTER_BENIGN
A000435,NONE,0,NONE,CAM_CLUSTER_BENIGN
A000436,NONE,0,NONE,CAM_CLUSTER_BENIGN
A000437,NONE,0,NONE,CAM_CLUSTER_BENIGN
A000438,NONE,0,NONE,CAM_CLUSTER_BENIGN
A000439,NONE,0,NONE,CAM_CLUSTER_BENIGN
A000440,NONE,0,NONE,CAM_CLUSTER_BENIGN
A000441,NONE,0,NONE,CAM_CLUSTER_BENIGN
A000442,NONE,0,NONE,CAM_CLUSTER_BENIGN
A000443,NONE,0,NONE,CAM_CLUSTER_BENIGN
A000444,NONE,0,NONE,CAM_CLUSTER_BENIGN
A000445,NONE,0,NONE,CAM_CLUSTER_BENIGN
A000446,NONE,0,NONE,CAM_CLUSTER_BENIGN
A000447,NONE,0,NONE,CAM_CLUSTER_BENIGN
A000448,NONE,0,NONE,CAM_CLUSTER_BENIGN
A000449,NONE,0,NONE,CAM_CLUSTER_BENIGN
A000450,NONE,0,NONE,CAM_CLUSTER_BENIGN
A000451,NONE,0,NONE,CAM_CLUSTER_BENIGN
A000452,NONE,0,NONE,CAM_CLUSTER_BENIGN
A000453,NONE,0,NONE,CAM_CLUSTER_BENIGN
A000454,NONE,0,NONE,CAM_CLUSTER_BENIGN
A000455,NONE,0,NONE,CAM_CLUSTER_BENIGN
A000456,NONE,0,NONE,CAM_CLUSTER_BENIGN
A000457,NONE,0,NONE,CAM_CLUSTER_BENIGN
A000458,NONE,0,NONE,CAM_CLUSTER_BENIGN
A000459,NONE,0,NONE,CAM_CLUSTER_BENIGN
A000460,NONE,1,2025-10-05 04:12:41,CAM_CLUSTER_BENIGN
A000461,NONE,0,NONE,CAM_CLUSTER_BENIGN
A000462,NONE,0,NONE,CAM_CLUSTER_BENIGN
A000463,NONE,0,NONE,CAM_CLUSTER_BENIGN
A000464,NONE,0,NONE,CAM_CLUSTER_BENIGN
A000465,NONE,0,NONE,CAM_CLUSTER_BENIGN
A000466,NONE,0,NONE,CAM_CLUSTER_BENIGN
A000467,NONE,0,NONE,CAM_CLUSTER_BENIGN
A000468,NONE,0,NONE,CAM_CLUSTER_BENIGN
A000469,NONE,0,NONE,CAM_CLUSTER_BENIGN
A000470,NONE,0,NONE,CAM_CLUSTER_BENIGN
A000471,NONE,0,NONE,CAM_CLUSTER_BENIGN
A000472,NONE,0,NONE,CAM_CLUSTER_BENIGN
A000473,NONE,0,NONE,CAM_CLUSTER_BENIGN
A000474,NONE,0,NONE,CAM_CLUSTER_BENIGN
A000475,NONE,0,NONE,CAM_CLUSTER_BENIGN
A000476,NONE,0,NONE,CAM_CLUSTER_BENIGN
A000477,NONE,0,NONE,CAM_CLUSTER_BENIGN
A000478,NONE,1,2025-10-06 03:42:26,CAM_CLUSTER_BENIGN
A000479,NONE,0,NONE,CAM_CLUSTER_BENIGN
A000480,NONE,0,NONE,CAM_CLUSTER_BENIGN
A000481,NONE,0,NONE,CAM_CLUSTER_BENIGN
A000482,NONE,1,2025-09-13 20:13:31,CAM_CLUSTER_BENIGN
A000483,NONE,0,NONE,CAM_CLUSTER_BENIGN
A000484,NONE,0,NONE,CAM_CLUSTER_BENIGN
A000485,NONE,0,NONE,CAM_CLUSTER_BENIGN
A000486,NONE,0,NONE,CAM_CLUSTER_BENIGN
A000487,NONE,0,NONE,CAM_CLUSTER_BENIGN
A000488,NONE,0,NONE,CAM_CLUSTER_BENIGN
A000489,NONE,0,NONE,CAM_CLUSTER_BENIGN
A000490,NONE,0,NONE,CAM_CLUSTER_BENIGN
A000491,NONE,1,2025-09-02 16:02:17,CAM_CLUSTER_BENIGN
A000492,NONE,0,NONE,CAM_CLUSTER_BENIGN
A000493,NONE,0,NONE,CAM_CLUSTER_BENIGN
A000494,NONE,0,NONE,CAM_CLUSTER_BENIGN
A000495,NONE,0,NONE,CAM_CLUSTER_BENIGN
A000496,NONE,0,NONE,CAM_CLUSTER_BENIGN
A000497,NONE,0,NONE,CAM_CLUSTER_BENIGN
A000498,NONE,0,NONE,CAM_CLUSTER_BENIGN
A000499,NONE,0,NONE,CAM_CLUSTER_BENIGN
A000500,NONE,0,NONE,CAM_CLUSTER_BENIGN
A000501,NONE,0,NONE,CAM_CLUSTER_BENIGN
A000502,NONE,0,NONE,CAM_CLUSTER_001
A000503,NONE,0,NONE,CAM_CLUSTER_BENIGN
A000504,NONE,0,NONE,CAM_CLUSTER_BENIGN
A000505,NONE,0,NONE,CAM_CLUSTER_BENIGN
A000506,NONE,0,NONE,CAM_CLUSTER_BENIGN
A000507,NONE,0,NONE,CAM_CLUSTER_BENIGN
A000508,NONE,0,NONE,CAM_CLUSTER_BENIGN
A000509,NONE,0,NONE,CAM_CLUSTER_BENIGN
A000510,NONE,0,NONE,CAM_CLUSTER_BENIGN
A000511,NONE,0,NONE,CAM_CLUSTER_BENIGN
A000512,NONE,0,NONE,CAM_CLUSTER_BENIGN
A000513,NONE,0,NONE,CAM_CLUSTER_BENIGN
A000514,NONE,0,NONE,CAM_CLUSTER_BENIGN
A000515,NONE,0,NONE,CAM_CLUSTER_BENIGN
A000516,NONE,0,NONE,CAM_CLUSTER_BENIGN
A000517,NONE,0,NONE,CAM_CLUSTER_BENIGN
A000518,NONE,0,NONE,CAM_CLUSTER_BENIGN
A000519,NONE,0,NONE,CAM_CLUSTER_BENIGN
A000520,NONE,0,NONE,CAM_CLUSTER_BENIGN
A000521,NONE,0,NONE,CAM_CLUSTER_BENIGN
A000522,NONE,0,NONE,CAM_CLUSTER_002
A000523,NONE,0,NONE,CAM_CLUSTER_BENIGN
A000524,NONE,0,NONE,CAM_CLUSTER_BENIGN
A000525,NONE,0,NONE,CAM_CLUSTER_011
A000526,NONE,0,NONE,CAM_CLUSTER_BENIGN
A000527,NONE,0,NONE,CAM_CLUSTER_BENIGN
A000528,NONE,0,NONE,CAM_CLUSTER_BENIGN
A000529,NONE,0,NONE,CAM_CLUSTER_BENIGN
A000530,NONE,0,NONE,CAM_CLUSTER_BENIGN
A000531,NONE,0,NONE,CAM_CLUSTER_BENIGN
A000532,NONE,0,NONE,CAM_CLUSTER_BENIGN
A000533,NONE,0,NONE,CAM_CLUSTER_BENIGN
A000534,NONE,0,NONE,CAM_CLUSTER_BENIGN
A000535,NONE,0,NONE,CAM_CLUSTER_BENIGN
A000536,NONE,0,NONE,CAM_CLUSTER_BENIGN
A000537,NONE,0,NONE,CAM_CLUSTER_BENIGN
A000538,NONE,0,NONE,CAM_CLUSTER_BENIGN
A000539,NONE,0,NONE,CAM_CLUSTER_BENIGN
A000540,NONE,0,NONE,CAM_CLUSTER_BENIGN
A000541,NONE,0,NONE,CAM_CLUSTER_BENIGN
A000542,NONE,0,NONE,CAM_CLUSTER_BENIGN
A000543,NONE,0,NONE,CAM_CLUSTER_BENIGN
A000544,NONE,0,NONE,CAM_CLUSTER_BENIGN
A000545,NONE,0,NONE,CAM_CLUSTER_BENIGN
A000546,NONE,0,NONE,CAM_CLUSTER_BENIGN
A000547,NONE,0,NONE,CAM_CLUSTER_BENIGN
A000548,NONE,1,2025-09-25 01:38:51,CAM_CLUSTER_BENIGN
A000549,NONE,0,NONE,CAM_CLUSTER_BENIGN
A000550,NONE,0,NONE,CAM_CLUSTER_BENIGN
A000551,NONE,0,NONE,CAM_CLUSTER_BENIGN
A000552,NONE,0,NONE,CAM_CLUSTER_BENIGN
A000553,NONE,0,NONE,CAM_CLUSTER_BENIGN
A000554,NONE,0,NONE,CAM_CLUSTER_BENIGN
A000555,NONE,0,NONE,CAM_CLUSTER_BENIGN
A000556,NONE,0,NONE,CAM_CLUSTER_BENIGN
A000557,NONE,0,NONE,CAM_CLUSTER_BENIGN
A000558,NONE,0,NONE,CAM_CLUSTER_BENIGN
A000559,NONE,0,NONE,CAM_CLUSTER_BENIGN
A000560,NONE,0,NONE,CAM_CLUSTER_BENIGN
A000561,NONE,0,NONE,CAM_CLUSTER_BENIGN
A000562,NONE,0,NONE,CAM_CLUSTER_BENIGN
A000563,NONE,0,NONE,CAM_CLUSTER_BENIGN
A000564,NONE,0,NONE,CAM_CLUSTER_BENIGN
A000565,NONE,0,NONE,CAM_CLUSTER_BENIGN
A000566,NONE,0,NONE,CAM_CLUSTER_BENIGN
A000567,NONE,0,NONE,CAM_CLUSTER_BENIGN
A000568,NONE,0,NONE,CAM_CLUSTER_BENIGN
A000569,NONE,0,NONE,CAM_CLUSTER_BENIGN
A000570,NONE,0,NONE,CAM_CLUSTER_BENIGN
A000571,NONE,0,NONE,CAM_CLUSTER_BENIGN
A000572,NONE,0,NONE,CAM_CLUSTER_BENIGN
A000573,NONE,0,NONE,CAM_CLUSTER_006
A000574,NONE,0,NONE,CAM_CLUSTER_BENIGN
A000575,NONE,0,NONE,CAM_CLUSTER_BENIGN
A000576,NONE,0,NONE,CAM_CLUSTER_BENIGN
A000577,NONE,0,NONE,CAM_CLUSTER_BENIGN
A000578,NONE,0,NONE,CAM_CLUSTER_BENIGN
A000579,NONE,0,NONE,CAM_CLUSTER_BENIGN
A000580,NONE,0,NONE,CAM_CLUSTER_BENIGN
A000581,NONE,0,NONE,CAM_CLUSTER_BENIGN
A000582,NONE,0,NONE,CAM_CLUSTER_BENIGN
A000583,NONE,0,NONE,CAM_CLUSTER_BENIGN
A000584,NONE,0,NONE,CAM_CLUSTER_BENIGN
A000585,NONE,0,NONE,CAM_CLUSTER_BENIGN
A000586,NONE,0,NONE,CAM_CLUSTER_BENIGN
A000587,NONE,0,NONE,CAM_CLUSTER_BENIGN
A000588,NONE,0,NONE,CAM_CLUSTER_BENIGN
A000589,NONE,0,NONE,CAM_CLUSTER_BENIGN
A000590,NONE,0,NONE,CAM_CLUSTER_BENIGN
A000591,NONE,0,NONE,CAM_CLUSTER_BENIGN
A000592,NONE,0,NONE,CAM_CLUSTER_BENIGN
A000593,NONE,0,NONE,CAM_CLUSTER_BENIGN
A000594,NONE,0,NONE,CAM_CLUSTER_BENIGN
A000595,NONE,0,NONE,CAM_CLUSTER_BENIGN
A000596,NONE,0,NONE,CAM_CLUSTER_008
A000597,NONE,0,NONE,CAM_CLUSTER_BENIGN
A000598,NONE,0,NONE,CAM_CLUSTER_BENIGN
A000599,NONE,1,2025-09-13 08:57:24,CAM_CLUSTER_BENIGN
A000600,NONE,0,NONE,CAM_CLUSTER_BENIGN
A000601,NONE,0,NONE,CAM_CLUSTER_BENIGN
A000602,NONE,0,NONE,CAM_CLUSTER_BENIGN
A000603,NONE,0,NONE,CAM_CLUSTER_BENIGN
A000604,NONE,0,NONE,CAM_CLUSTER_BENIGN
A000605,NONE,0,NONE,CAM_CLUSTER_BENIGN
A000606,NONE,0,NONE,CAM_CLUSTER_BENIGN
A000607,NONE,0,NONE,CAM_CLUSTER_BENIGN
A000608,NONE,0,NONE,CAM_CLUSTER_BENIGN
A000609,NONE,0,NONE,CAM_CLUSTER_BENIGN
A000610,NONE,0,NONE,CAM_CLUSTER_BENIGN
A000611,NONE,0,NONE,CAM_CLUSTER_BENIGN
A000612,NONE,0,NONE,CAM_CLUSTER_BENIGN
A000613,NONE,0,NONE,CAM_CLUSTER_BENIGN
A000614,NONE,0,NONE,CAM_CLUSTER_BENIGN
A000615,NONE,0,NONE,CAM_CLUSTER_BENIGN
A000616,NONE,0,NONE,CAM_CLUSTER_BENIGN
A000617,NONE,0,NONE,CAM_CLUSTER_BENIGN
A000618,NONE,0,NONE,CAM_CLUSTER_BENIGN
A000619,NONE,0,NONE,CAM_CLUSTER_BENIGN
A000620,NONE,0,NONE,CAM_CLUSTER_BENIGN
A000621,NONE,0,NONE,CAM_CLUSTER_BENIGN
A000622,NONE,1,2025-09-07 13:26:20,CAM_CLUSTER_BENIGN
A000623,NONE,1,2025-09-06 22:15:55,CAM_CLUSTER_BENIGN
A000624,NONE,1,2025-09-28 22:44:05,CAM_CLUSTER_BENIGN
A000625,NONE,0,NONE,CAM_CLUSTER_BENIGN
A000626,NONE,0,NONE,CAM_CLUSTER_BENIGN
A000627,NONE,0,NONE,CAM_CLUSTER_BENIGN
A000628,NONE,0,NONE,CAM_CLUSTER_BENIGN
A000629,NONE,0,NONE,CAM_CLUSTER_BENIGN
A000630,NONE,0,NONE,CAM_CLUSTER_BENIGN
A000631,NONE,0,NONE,CAM_CLUSTER_BENIGN
A000632,NONE,0,NONE,CAM_CLUSTER_BENIGN
A000633,NONE,0,NONE,CAM_CLUSTER_BENIGN
A000634,NONE,0,NONE,CAM_CLUSTER_BENIGN
A000635,NONE,0,NONE,CAM_CLUSTER_BENIGN
A000636,NONE,0,NONE,CAM_CLUSTER_BENIGN
A000637,NONE,0,NONE,CAM_CLUSTER_BENIGN
A000638,NONE,0,NONE,CAM_CLUSTER_BENIGN
A000639,NONE,1,2025-09-28 15:50:36,CAM_CLUSTER_BENIGN
A000640,NONE,0,NONE,CAM_CLUSTER_BENIGN
A000641,NONE,0,NONE,CAM_CLUSTER_BENIGN
A000642,NONE,0,NONE,CAM_CLUSTER_BENIGN
A000643,NONE,0,NONE,CAM_CLUSTER_BENIGN
A000644,NONE,0,NONE,CAM_CLUSTER_BENIGN
A000645,NONE,0,NONE,CAM_CLUSTER_BENIGN
A000646,NONE,0,NONE,CAM_CLUSTER_BENIGN
A000647,NONE,0,NONE,CAM_CLUSTER_BENIGN
A000648,NONE,0,NONE,CAM_CLUSTER_BENIGN
A000649,NONE,0,NONE,CAM_CLUSTER_BENIGN
A000650,NONE,1,2025-10-06 03:48:56,CAM_CLUSTER_BENIGN
A000651,NONE,1,2025-02-18 16:52:09,CAM_CLUSTER_BENIGN
A000652,NONE,0,NONE,CAM_CLUSTER_BENIGN
A000653,NONE,0,NONE,CAM_CLUSTER_BENIGN
A000654,NONE,0,NONE,CAM_CLUSTER_BENIGN
A000655,NONE,0,NONE,CAM_CLUSTER_BENIGN
A000656,NONE,0,NONE,CAM_CLUSTER_BENIGN
A000657,NONE,0,NONE,CAM_CLUSTER_BENIGN
A000658,NONE,0,NONE,CAM_CLUSTER_BENIGN
A000659,NONE,0,NONE,CAM_CLUSTER_BENIGN
A000660,NONE,0,NONE,CAM_CLUSTER_BENIGN
A000661,NONE,0,NONE,CAM_CLUSTER_BENIGN
A000662,NONE,0,NONE,CAM_CLUSTER_BENIGN
A000663,NONE,0,NONE,CAM_CLUSTER_BENIGN
A000664,NONE,0,NONE,CAM_CLUSTER_BENIGN
A000665,NONE,0,NONE,CAM_CLUSTER_BENIGN
A000666,NONE,0,NONE,CAM_CLUSTER_BENIGN
A000667,NONE,0,NONE,CAM_CLUSTER_BENIGN
A000668,NONE,0,NONE,CAM_CLUSTER_BENIGN
A000669,NONE,0,NONE,CAM_CLUSTER_BENIGN
A000670,NONE,0,NONE,CAM_CLUSTER_BENIGN
A000671,NONE,0,NONE,CAM_CLUSTER_BENIGN
A000672,NONE,0,NONE,CAM_CLUSTER_BENIGN
A000673,NONE,0,NONE,CAM_CLUSTER_BENIGN
A000674,NONE,0,NONE,CAM_CLUSTER_BENIGN
A000675,NONE,0,NONE,CAM_CLUSTER_BENIGN
A000676,NONE,0,NONE,CAM_CLUSTER_BENIGN
A000677,NONE,0,NONE,CAM_CLUSTER_BENIGN
A000678,NONE,0,NONE,CAM_CLUSTER_BENIGN
A000679,NONE,0,NONE,CAM_CLUSTER_BENIGN
A000680,NONE,0,NONE,CAM_CLUSTER_BENIGN
A000681,NONE,0,NONE,CAM_CLUSTER_BENIGN
A000682,NONE,0,NONE,CAM_CLUSTER_BENIGN
A000683,NONE,0,NONE,CAM_CLUSTER_BENIGN
A000684,NONE,1,2025-01-11 02:25:50,CAM_CLUSTER_BENIGN
A000685,NONE,0,NONE,CAM_CLUSTER_BENIGN
A000686,NONE,0,NONE,CAM_CLUSTER_001
A000687,NONE,0,NONE,CAM_CLUSTER_BENIGN
A000688,NONE,0,NONE,CAM_CLUSTER_BENIGN
A000689,NONE,0,NONE,CAM_CLUSTER_BENIGN
A000690,NONE,0,NONE,CAM_CLUSTER_BENIGN
A000691,NONE,0,NONE,CAM_CLUSTER_BENIGN
A000692,NONE,0,NONE,CAM_CLUSTER_BENIGN
A000693,NONE,0,NONE,CAM_CLUSTER_BENIGN
A000694,NONE,0,NONE,CAM_CLUSTER_BENIGN
A000695,NONE,0,NONE,CAM_CLUSTER_BENIGN
A000696,NONE,0,NONE,CAM_CLUSTER_BENIGN
A000697,NONE,0,NONE,CAM_CLUSTER_BENIGN
A000698,NONE,0,NONE,CAM_CLUSTER_BENIGN
A000699,NONE,0,NONE,CAM_CLUSTER_BENIGN
A000700,NONE,1,2025-09-03 15:31:08,CAM_CLUSTER_BENIGN
A000701,NONE,0,NONE,CAM_CLUSTER_BENIGN
A000702,NONE,0,NONE,CAM_CLUSTER_BENIGN
A000703,NONE,0,NONE,CAM_CLUSTER_BENIGN
A000704,NONE,0,NONE,CAM_CLUSTER_BENIGN
A000705,NONE,0,NONE,CAM_CLUSTER_BENIGN
A000706,NONE,0,NONE,CAM_CLUSTER_BENIGN
A000707,NONE,0,NONE,CAM_CLUSTER_BENIGN
A000708,NONE,0,NONE,CAM_CLUSTER_001
A000709,NONE,1,2025-09-04 18:53:05,CAM_CLUSTER_BENIGN
A000710,NONE,1,2025-10-21 07:21:41,CAM_CLUSTER_BENIGN
A000711,NONE,0,NONE,CAM_CLUSTER_BENIGN
A000712,NONE,0,NONE,CAM_CLUSTER_BENIGN
A000713,NONE,0,NONE,CAM_CLUSTER_BENIGN
A000714,NONE,0,NONE,CAM_CLUSTER_001
A000715,NONE,0,NONE,CAM_CLUSTER_BENIGN
A000716,NONE,0,NONE,CAM_CLUSTER_BENIGN
A000717,NONE,0,NONE,CAM_CLUSTER_BENIGN
A000718,NONE,0,NONE,CAM_CLUSTER_BENIGN
A000719,NONE,0,NONE,CAM_CLUSTER_BENIGN
A000720,NONE,0,NONE,CAM_CLUSTER_002
A000721,NONE,0,NONE,CAM_CLUSTER_BENIGN
A000722,NONE,0,NONE,CAM_CLUSTER_BENIGN
A000723,NONE,0,NONE,CAM_CLUSTER_BENIGN
A000724,NONE,0,NONE,CAM_CLUSTER_BENIGN
A000725,NONE,0,NONE,CAM_CLUSTER_BENIGN
A000726,NONE,1,2025-10-06 06:11:34,CAM_CLUSTER_BENIGN
A000727,NONE,0,NONE,CAM_CLUSTER_009
A000728,NONE,0,NONE,CAM_CLUSTER_BENIGN
A000729,NONE,0,NONE,CAM_CLUSTER_BENIGN
A000730,NONE,0,NONE,CAM_CLUSTER_BENIGN
A000731,NONE,0,NONE,CAM_CLUSTER_BENIGN
A000732,NONE,0,NONE,CAM_CLUSTER_BENIGN
A000733,NONE,0,NONE,CAM_CLUSTER_BENIGN
A000734,NONE,0,NONE,CAM_CLUSTER_BENIGN
A000735,NONE,0,NONE,CAM_CLUSTER_000
A000736,NONE,0,NONE,CAM_CLUSTER_BENIGN
A000737,NONE,0,NONE,CAM_CLUSTER_008
A000738,NONE,0,NONE,CAM_CLUSTER_BENIGN
A000739,NONE,0,NONE,CAM_CLUSTER_BENIGN
A000740,NONE,0,NONE,CAM_CLUSTER_BENIGN
A000741,NONE,0,NONE,CAM_CLUSTER_BENIGN
A000742,NONE,0,NONE,CAM_CLUSTER_BENIGN
A000743,NONE,0,NONE,CAM_CLUSTER_BENIGN
A000744,NONE,0,NONE,CAM_CLUSTER_BENIGN
A000745,NONE,0,NONE,CAM_CLUSTER_BENIGN
A000746,NONE,0,NONE,CAM_CLUSTER_BENIGN
A000747,NONE,1,2025-09-13 15:31:34,CAM_CLUSTER_BENIGN
A000748,NONE,0,NONE,CAM_CLUSTER_BENIGN
A000749,NONE,0,NONE,CAM_CLUSTER_BENIGN
A000750,NONE,0,NONE,CAM_CLUSTER_BENIGN
A000751,NONE,0,NONE,CAM_CLUSTER_BENIGN
A000752,NONE,1,2025-09-22 05:16:55,CAM_CLUSTER_BENIGN
A000753,NONE,0,NONE,CAM_CLUSTER_BENIGN
A000754,NONE,0,NONE,CAM_CLUSTER_000
A000755,NONE,0,NONE,CAM_CLUSTER_BENIGN
A000756,NONE,0,NONE,CAM_CLUSTER_BENIGN
A000757,NONE,0,NONE,CAM_CLUSTER_BENIGN
A000758,NONE,0,NONE,CAM_CLUSTER_BENIGN
A000759,NONE,0,NONE,CAM_CLUSTER_BENIGN
A000760,NONE,0,NONE,CAM_CLUSTER_002
A000761,NONE,0,NONE,CAM_CLUSTER_BENIGN
A000762,NONE,0,NONE,CAM_CLUSTER_BENIGN
A000763,NONE,0,NONE,CAM_CLUSTER_BENIGN
A000764,NONE,0,NONE,CAM_CLUSTER_BENIGN
A000765,NONE,0,NONE,CAM_CLUSTER_BENIGN
A000766,NONE,0,NONE,CAM_CLUSTER_BENIGN
A000767,NONE,0,NONE,CAM_CLUSTER_BENIGN
A000768,NONE,0,NONE,CAM_CLUSTER_BENIGN
A000769,NONE,0,NONE,CAM_CLUSTER_BENIGN
A000770,NONE,0,NONE,CAM_CLUSTER_BENIGN
A000771,NONE,0,NONE,CAM_CLUSTER_BENIGN
A000772,NONE,0,NONE,CAM_CLUSTER_BENIGN
A000773,NONE,0,NONE,CAM_CLUSTER_BENIGN
A000774,NONE,0,NONE,CAM_CLUSTER_BENIGN
A000775,NONE,0,NONE,CAM_CLUSTER_BENIGN
A000776,NONE,0,NONE,CAM_CLUSTER_BENIGN
A000777,NONE,1,2025-09-24 23:22:17,CAM_CLUSTER_BENIGN
A000778,NONE,0,NONE,CAM_CLUSTER_BENIGN
A000779,NONE,0,NONE,CAM_CLUSTER_BENIGN
A000780,NONE,0,NONE,CAM_CLUSTER_BENIGN
A000781,NONE,0,NONE,CAM_CLUSTER_BENIGN
A000782,NONE,0,NONE,CAM_CLUSTER_BENIGN
A000783,NONE,0,NONE,CAM_CLUSTER_BENIGN
A000784,NONE,0,NONE,CAM_CLUSTER_BENIGN
A000785,NONE,0,NONE,CAM_CLUSTER_BENIGN
A000786,NONE,1,2025-09-04 08:51:06,CAM_CLUSTER_BENIGN
A000787,NONE,1,2025-09-04 00:01:11,CAM_CLUSTER_BENIGN
A000788,NONE,0,NONE,CAM_CLUSTER_BENIGN
A000789,NONE,0,NONE,CAM_CLUSTER_BENIGN
A000790,NONE,0,NONE,CAM_CLUSTER_BENIGN
A000791,NONE,0,NONE,CAM_CLUSTER_BENIGN
A000792,NONE,0,NONE,CAM_CLUSTER_010
A000793,NONE,0,NONE,CAM_CLUSTER_BENIGN
A000794,NONE,0,NONE,CAM_CLUSTER_BENIGN
A000795,NONE,0,NONE,CAM_CLUSTER_BENIGN
A000796,NONE,0,NONE,CAM_CLUSTER_BENIGN
A000797,NONE,0,NONE,CAM_CLUSTER_008
A000798,NONE,0,NONE,CAM_CLUSTER_BENIGN
A000799,NONE,0,NONE,CAM_CLUSTER_BENIGN
A000800,NONE,0,NONE,CAM_CLUSTER_BENIGN
A000801,NONE,0,NONE,CAM_CLUSTER_BENIGN
A000802,NONE,0,NONE,CAM_CLUSTER_BENIGN
A000803,NONE,0,NONE,CAM_CLUSTER_BENIGN
A000804,NONE,0,NONE,CAM_CLUSTER_BENIGN
A000805,NONE,0,NONE,CAM_CLUSTER_BENIGN
A000806,NONE,0,NONE,CAM_CLUSTER_BENIGN
A000807,NONE,0,NONE,CAM_CLUSTER_000
A000808,NONE,0,NONE,CAM_CLUSTER_BENIGN
A000809,NONE,0,NONE,CAM_CLUSTER_BENIGN
A000810,NONE,0,NONE,CAM_CLUSTER_BENIGN
A000811,NONE,0,NONE,CAM_CLUSTER_BENIGN
A000812,NONE,0,NONE,CAM_CLUSTER_BENIGN
A000813,NONE,0,NONE,CAM_CLUSTER_BENIGN
A000814,NONE,0,NONE,CAM_CLUSTER_BENIGN
A000815,NONE,0,NONE,CAM_CLUSTER_BENIGN
A000816,NONE,0,NONE,CAM_CLUSTER_BENIGN
A000817,NONE,0,NONE,CAM_CLUSTER_BENIGN
A000818,NONE,0,NONE,CAM_CLUSTER_BENIGN
A000819,NONE,0,NONE,CAM_CLUSTER_BENIGN
A000820,NONE,0,NONE,CAM_CLUSTER_BENIGN
A000821,NONE,0,NONE,CAM_CLUSTER_BENIGN
A000822,NONE,0,NONE,CAM_CLUSTER_BENIGN
A000823,NONE,0,NONE,CAM_CLUSTER_BENIGN
A000824,NONE,0,NONE,CAM_CLUSTER_BENIGN
A000825,NONE,0,NONE,CAM_CLUSTER_BENIGN
A000826,NONE,0,NONE,CAM_CLUSTER_BENIGN
A000827,NONE,0,NONE,CAM_CLUSTER_BENIGN
A000828,NONE,0,NONE,CAM_CLUSTER_BENIGN
A000829,NONE,0,NONE,CAM_CLUSTER_BENIGN
A000830,NONE,0,NONE,CAM_CLUSTER_BENIGN
A000831,NONE,0,NONE,CAM_CLUSTER_BENIGN
A000832,NONE,0,NONE,CAM_CLUSTER_BENIGN
A000833,NONE,0,NONE,CAM_CLUSTER_BENIGN
A000834,NONE,0,NONE,CAM_CLUSTER_BENIGN
A000835,NONE,0,NONE,CAM_CLUSTER_BENIGN
A000836,NONE,0,NONE,CAM_CLUSTER_BENIGN
A000837,NONE,0,NONE,CAM_CLUSTER_006
A000838,NONE,0,NONE,CAM_CLUSTER_BENIGN
A000839,NONE,0,NONE,CAM_CLUSTER_BENIGN
A000840,NONE,0,NONE,CAM_CLUSTER_BENIGN
A000841,NONE,0,NONE,CAM_CLUSTER_BENIGN
A000842,NONE,0,NONE,CAM_CLUSTER_BENIGN
A000843,NONE,0,NONE,CAM_CLUSTER_BENIGN
A000844,NONE,0,NONE,CAM_CLUSTER_BENIGN
A000845,NONE,0,NONE,CAM_CLUSTER_BENIGN
A000846,NONE,0,NONE,CAM_CLUSTER_BENIGN
A000847,NONE,0,NONE,CAM_CLUSTER_BENIGN
A000848,NONE,0,NONE,CAM_CLUSTER_BENIGN
A000849,NONE,0,NONE,CAM_CLUSTER_BENIGN
A000850,NONE,0,NONE,CAM_CLUSTER_BENIGN
A000851,NONE,0,NONE,CAM_CLUSTER_BENIGN
A000852,NONE,0,NONE,CAM_CLUSTER_BENIGN
A000853,NONE,0,NONE,CAM_CLUSTER_BENIGN
A000854,NONE,0,NONE,CAM_CLUSTER_BENIGN
A000855,NONE,0,NONE,CAM_CLUSTER_BENIGN
A000856,NONE,0,NONE,CAM_CLUSTER_BENIGN
A000857,NONE,0,NONE,CAM_CLUSTER_000
A000858,NONE,0,NONE,CAM_CLUSTER_006
A000859,NONE,0,NONE,CAM_CLUSTER_BENIGN
A000860,NONE,0,NONE,CAM_CLUSTER_BENIGN
A000861,NONE,0,NONE,CAM_CLUSTER_BENIGN
A000862,NONE,0,NONE,CAM_CLUSTER_BENIGN
A000863,NONE,0,NONE,CAM_CLUSTER_BENIGN
A000864,NONE,0,NONE,CAM_CLUSTER_BENIGN
A000865,NONE,0,NONE,CAM_CLUSTER_BENIGN
A000866,NONE,0,NONE,CAM_CLUSTER_BENIGN
A000867,NONE,0,NONE,CAM_CLUSTER_BENIGN
A000868,NONE,0,NONE,CAM_CLUSTER_BENIGN
A000869,NONE,0,NONE,CAM_CLUSTER_001
A000870,NONE,1,2025-09-16 18:08:36,CAM_CLUSTER_BENIGN
A000871,NONE,0,NONE,CAM_CLUSTER_BENIGN
A000872,NONE,0,NONE,CAM_CLUSTER_BENIGN
A000873,NONE,0,NONE,CAM_CLUSTER_BENIGN
A000874,NONE,0,NONE,CAM_CLUSTER_BENIGN
A000875,NONE,1,2025-02-05 09:02:03,CAM_CLUSTER_BENIGN
A000876,NONE,0,NONE,CAM_CLUSTER_BENIGN
A000877,NONE,0,NONE,CAM_CLUSTER_BENIGN
A000878,NONE,0,NONE,CAM_CLUSTER_BENIGN
A000879,NONE,0,NONE,CAM_CLUSTER_010
A000880,NONE,1,2025-09-06 07:58:52,CAM_CLUSTER_BENIGN
A000881,NONE,0,NONE,CAM_CLUSTER_BENIGN
A000882,NONE,0,NONE,CAM_CLUSTER_BENIGN
A000883,NONE,0,NONE,CAM_CLUSTER_BENIGN
A000884,NONE,1,2025-10-14 06:35:45,CAM_CLUSTER_BENIGN
A000885,NONE,1,2025-09-04 20:15:12,CAM_CLUSTER_BENIGN
A000886,NONE,0,NONE,CAM_CLUSTER_BENIGN
A000887,NONE,0,NONE,CAM_CLUSTER_BENIGN
A000888,NONE,0,NONE,CAM_CLUSTER_BENIGN
A000889,NONE,0,NONE,CAM_CLUSTER_BENIGN
A000890,NONE,0,NONE,CAM_CLUSTER_BENIGN
A000891,NONE,0,NONE,CAM_CLUSTER_BENIGN
A000892,NONE,0,NONE,CAM_CLUSTER_BENIGN
A000893,NONE,0,NONE,CAM_CLUSTER_002
A000894,NONE,0,NONE,CAM_CLUSTER_BENIGN
A000895,NONE,0,NONE,CAM_CLUSTER_BENIGN
A000896,NONE,0,NONE,CAM_CLUSTER_BENIGN
A000897,NONE,0,NONE,CAM_CLUSTER_BENIGN
A000898,NONE,0,NONE,CAM_CLUSTER_BENIGN
A000899,NONE,0,NONE,CAM_CLUSTER_BENIGN
A000900,NONE,0,NONE,CAM_CLUSTER_BENIGN
A000901,NONE,0,NONE,CAM_CLUSTER_BENIGN
A000902,NONE,0,NONE,CAM_CLUSTER_BENIGN
A000903,NONE,0,NONE,CAM_CLUSTER_BENIGN
A000904,NONE,0,NONE,CAM_CLUSTER_BENIGN
A000905,NONE,0,NONE,CAM_CLUSTER_BENIGN
A000906,NONE,0,NONE,CAM_CLUSTER_BENIGN
A000907,NONE,0,NONE,CAM_CLUSTER_BENIGN
A000908,NONE,0,NONE,CAM_CLUSTER_BENIGN
A000909,NONE,0,NONE,CAM_CLUSTER_BENIGN
A000910,NONE,0,NONE,CAM_CLUSTER_BENIGN
A000911,NONE,0,NONE,CAM_CLUSTER_BENIGN
A000912,NONE,0,NONE,CAM_CLUSTER_BENIGN
A000913,NONE,0,NONE,CAM_CLUSTER_BENIGN
A000914,NONE,0,NONE,CAM_CLUSTER_BENIGN
A000915,NONE,0,NONE,CAM_CLUSTER_001
A000916,NONE,0,NONE,CAM_CLUSTER_BENIGN
A000917,NONE,0,NONE,CAM_CLUSTER_BENIGN
A000918,NONE,0,NONE,CAM_CLUSTER_BENIGN
A000919,NONE,0,NONE,CAM_CLUSTER_BENIGN
A000920,NONE,0,NONE,CAM_CLUSTER_BENIGN
A000921,NONE,0,NONE,CAM_CLUSTER_BENIGN
A000922,NONE,0,NONE,CAM_CLUSTER_BENIGN
A000923,NONE,0,NONE,CAM_CLUSTER_BENIGN
A000924,NONE,0,NONE,CAM_CLUSTER_BENIGN
A000925,NONE,1,2025-09-08 13:31:37,CAM_CLUSTER_BENIGN
A000926,NONE,1,2025-09-07 03:39:38,CAM_CLUSTER_BENIGN
A000927,NONE,0,NONE,CAM_CLUSTER_BENIGN
A000928,NONE,1,2025-09-08 13:53:11,CAM_CLUSTER_BENIGN
A000929,NONE,0,NONE,CAM_CLUSTER_BENIGN
A000930,NONE,0,NONE,CAM_CLUSTER_BENIGN
A000931,NONE,0,NONE,CAM_CLUSTER_BENIGN
A000932,NONE,0,NONE,CAM_CLUSTER_BENIGN
A000933,NONE,0,NONE,CAM_CLUSTER_BENIGN
A000934,NONE,0,NONE,CAM_CLUSTER_BENIGN
A000935,NONE,0,NONE,CAM_CLUSTER_BENIGN
A000936,NONE,0,NONE,CAM_CLUSTER_BENIGN
A000937,NONE,0,NONE,CAM_CLUSTER_BENIGN
A000938,NONE,0,NONE,CAM_CLUSTER_BENIGN
A000939,NONE,0,NONE,CAM_CLUSTER_BENIGN
A000940,NONE,0,NONE,CAM_CLUSTER_BENIGN
A000941,NONE,0,NONE,CAM_CLUSTER_BENIGN
A000942,NONE,0,NONE,CAM_CLUSTER_BENIGN
A000943,NONE,0,NONE,CAM_CLUSTER_BENIGN
A000944,NONE,0,NONE,CAM_CLUSTER_000
A000945,NONE,0,NONE,CAM_CLUSTER_BENIGN
A000946,NONE,0,NONE,CAM_CLUSTER_BENIGN
A000947,NONE,0,NONE,CAM_CLUSTER_BENIGN
A000948,NONE,0,NONE,CAM_CLUSTER_BENIGN
A000949,NONE,0,NONE,CAM_CLUSTER_BENIGN
A000950,NONE,0,NONE,CAM_CLUSTER_BENIGN
A000951,NONE,0,NONE,CAM_CLUSTER_BENIGN
A000952,NONE,0,NONE,CAM_CLUSTER_BENIGN
A000953,NONE,0,NONE,CAM_CLUSTER_BENIGN
A000954,NONE,0,NONE,CAM_CLUSTER_BENIGN
A000955,NONE,0,NONE,CAM_CLUSTER_BENIGN
A000956,NONE,0,NONE,CAM_CLUSTER_BENIGN
A000957,NONE,0,NONE,CAM_CLUSTER_001
A000958,NONE,0,NONE,CAM_CLUSTER_BENIGN
A000959,NONE,0,NONE,CAM_CLUSTER_BENIGN
A000960,NONE,0,NONE,CAM_CLUSTER_BENIGN
A000961,NONE,0,NONE,CAM_CLUSTER_BENIGN
A000962,NONE,0,NONE,CAM_CLUSTER_BENIGN
A000963,NONE,0,NONE,CAM_CLUSTER_BENIGN
A000964,NONE,0,NONE,CAM_CLUSTER_BENIGN
A000965,NONE,0,NONE,CAM_CLUSTER_BENIGN
A000966,NONE,0,NONE,CAM_CLUSTER_BENIGN
A000967,NONE,0,NONE,CAM_CLUSTER_BENIGN
A000968,NONE,0,NONE,CAM_CLUSTER_BENIGN
A000969,NONE,0,NONE,CAM_CLUSTER_BENIGN
A000970,NONE,0,NONE,CAM_CLUSTER_BENIGN
A000971,NONE,0,NONE,CAM_CLUSTER_BENIGN
A000972,NONE,0,NONE,CAM_CLUSTER_BENIGN
A000973,NONE,0,NONE,CAM_CLUSTER_BENIGN
A000974,NONE,0,NONE,CAM_CLUSTER_BENIGN
A000975,NONE,0,NONE,CAM_CLUSTER_BENIGN
A000976,NONE,0,NONE,CAM_CLUSTER_BENIGN
A000977,NONE,0,NONE,CAM_CLUSTER_BENIGN
A000978,NONE,0,NONE,CAM_CLUSTER_BENIGN
A000979,NONE,0,NONE,CAM_CLUSTER_BENIGN
A000980,NONE,0,NONE,CAM_CLUSTER_BENIGN
A000981,NONE,0,NONE,CAM_CLUSTER_BENIGN
A000982,NONE,0,NONE,CAM_CLUSTER_BENIGN
A000983,NONE,0,NONE,CAM_CLUSTER_BENIGN
A000984,NONE,0,NONE,CAM_CLUSTER_005
A000985,NONE,0,NONE,CAM_CLUSTER_BENIGN
A000986,NONE,0,NONE,CAM_CLUSTER_BENIGN
A000987,NONE,0,NONE,CAM_CLUSTER_BENIGN
A000988,NONE,0,NONE,CAM_CLUSTER_BENIGN
A000989,NONE,0,NONE,CAM_CLUSTER_BENIGN
A000990,NONE,0,NONE,CAM_CLUSTER_BENIGN
A000991,NONE,0,NONE,CAM_CLUSTER_BENIGN
A000992,NONE,0,NONE,CAM_CLUSTER_BENIGN
A000993,NONE,0,NONE,CAM_CLUSTER_BENIGN
A000994,NONE,0,NONE,CAM_CLUSTER_BENIGN
A000995,NONE,0,NONE,CAM_CLUSTER_BENIGN
A000996,NONE,0,NONE,CAM_CLUSTER_BENIGN
A000997,NONE,0,NONE,CAM_CLUSTER_BENIGN
A000998,NONE,0,NONE,CAM_CLUSTER_BENIGN
A000999,NONE,0,NONE,CAM_CLUSTER_BENIGN
A001000,NONE,0,NONE,CAM_CLUSTER_BENIGN
A001001,NONE,0,NONE,CAM_CLUSTER_BENIGN
A001002,NONE,0,NONE,CAM_CLUSTER_BENIGN
A001003,NONE,0,NONE,CAM_CLUSTER_BENIGN
A001004,NONE,0,NONE,CAM_CLUSTER_BENIGN
A001005,NONE,0,NONE,CAM_CLUSTER_BENIGN
A001006,NONE,0,NONE,CAM_CLUSTER_BENIGN
A001007,NONE,0,NONE,CAM_CLUSTER_BENIGN
A001008,NONE,0,NONE,CAM_CLUSTER_BENIGN
A001009,NONE,0,NONE,CAM_CLUSTER_BENIGN
A001010,NONE,1,2025-09-14 11:42:00,CAM_CLUSTER_BENIGN
A001011,NONE,0,NONE,CAM_CLUSTER_BENIGN
A001012,NONE,0,NONE,CAM_CLUSTER_BENIGN
A001013,NONE,0,NONE,CAM_CLUSTER_BENIGN
A001014,NONE,0,NONE,CAM_CLUSTER_BENIGN
A001015,NONE,0,NONE,CAM_CLUSTER_BENIGN
A001016,NONE,0,NONE,CAM_CLUSTER_BENIGN
A001017,NONE,0,NONE,CAM_CLUSTER_BENIGN
A001018,NONE,0,NONE,CAM_CLUSTER_BENIGN
A001019,NONE,0,NONE,CAM_CLUSTER_BENIGN
A001020,NONE,0,NONE,CAM_CLUSTER_BENIGN
A001021,NONE,0,NONE,CAM_CLUSTER_BENIGN
A001022,NONE,0,NONE,CAM_CLUSTER_BENIGN
A001023,NONE,0,NONE,CAM_CLUSTER_BENIGN
A001024,NONE,0,NONE,CAM_CLUSTER_BENIGN
A001025,NONE,0,NONE,CAM_CLUSTER_BENIGN
A001026,NONE,1,2025-09-19 21:12:39,CAM_CLUSTER_BENIGN
A001027,NONE,0,NONE,CAM_CLUSTER_BENIGN
A001028,NONE,0,NONE,CAM_CLUSTER_BENIGN
A001029,NONE,0,NONE,CAM_CLUSTER_BENIGN
A001030,NONE,0,NONE,CAM_CLUSTER_BENIGN
A001031,NONE,0,NONE,CAM_CLUSTER_BENIGN
A001032,NONE,0,NONE,CAM_CLUSTER_BENIGN
A001033,NONE,0,NONE,CAM_CLUSTER_BENIGN
A001034,NONE,0,NONE,CAM_CLUSTER_BENIGN
A001035,NONE,0,NONE,CAM_CLUSTER_BENIGN
A001036,NONE,0,NONE,CAM_CLUSTER_BENIGN
A001037,NONE,0,NONE,CAM_CLUSTER_000
A001038,NONE,0,NONE,CAM_CLUSTER_BENIGN
A001039,NONE,0,NONE,CAM_CLUSTER_BENIGN
A001040,NONE,0,NONE,CAM_CLUSTER_BENIGN
A001041,NONE,0,NONE,CAM_CLUSTER_BENIGN
A001042,NONE,0,NONE,CAM_CLUSTER_BENIGN
A001043,NONE,0,NONE,CAM_CLUSTER_BENIGN
A001044,NONE,0,NONE,CAM_CLUSTER_BENIGN
A001045,NONE,0,NONE,CAM_CLUSTER_BENIGN
A001046,NONE,0,NONE,CAM_CLUSTER_BENIGN
A001047,NONE,0,NONE,CAM_CLUSTER_BENIGN
A001048,NONE,0,NONE,CAM_CLUSTER_BENIGN
A001049,NONE,0,NONE,CAM_CLUSTER_BENIGN
A001050,NONE,0,NONE,CAM_CLUSTER_BENIGN
A001051,NONE,0,NONE,CAM_CLUSTER_BENIGN
A001052,NONE,0,NONE,CAM_CLUSTER_BENIGN
A001053,NONE,0,NONE,CAM_CLUSTER_BENIGN
A001054,NONE,0,NONE,CAM_CLUSTER_000
A001055,NONE,0,NONE,CAM_CLUSTER_BENIGN
A001056,NONE,0,NONE,CAM_CLUSTER_BENIGN
A001057,NONE,0,NONE,CAM_CLUSTER_BENIGN
A001058,NONE,0,NONE,CAM_CLUSTER_BENIGN
A001059,NONE,0,NONE,CAM_CLUSTER_BENIGN
A001060,NONE,0,NONE,CAM_CLUSTER_BENIGN
A001061,NONE,0,NONE,CAM_CLUSTER_BENIGN
A001062,NONE,0,NONE,CAM_CLUSTER_BENIGN
A001063,NONE,0,NONE,CAM_CLUSTER_BENIGN
A001064,NONE,1,2025-09-07 02:00:36,CAM_CLUSTER_BENIGN
A001065,NONE,0,NONE,CAM_CLUSTER_BENIGN
A001066,NONE,0,NONE,CAM_CLUSTER_BENIGN
A001067,NONE,0,NONE,CAM_CLUSTER_BENIGN
A001068,NONE,0,NONE,CAM_CLUSTER_BENIGN
A001069,NONE,0,NONE,CAM_CLUSTER_BENIGN
A001070,NONE,0,NONE,CAM_CLUSTER_BENIGN
A001071,NONE,0,NONE,CAM_CLUSTER_BENIGN
A001072,NONE,0,NONE,CAM_CLUSTER_BENIGN
A001073,NONE,0,NONE,CAM_CLUSTER_BENIGN
A001074,NONE,0,NONE,CAM_CLUSTER_BENIGN
A001075,NONE,1,2025-09-20 12:45:12,CAM_CLUSTER_BENIGN
A001076,NONE,0,NONE,CAM_CLUSTER_BENIGN
A001077,NONE,0,NONE,CAM_CLUSTER_BENIGN
A001078,NONE,0,NONE,CAM_CLUSTER_BENIGN
A001079,NONE,0,NONE,CAM_CLUSTER_BENIGN
A001080,NONE,0,NONE,CAM_CLUSTER_BENIGN
A001081,NONE,0,NONE,CAM_CLUSTER_BENIGN
A001082,NONE,0,NONE,CAM_CLUSTER_BENIGN
A001083,NONE,0,NONE,CAM_CLUSTER_BENIGN
A001084,NONE,0,NONE,CAM_CLUSTER_BENIGN
A001085,NONE,0,NONE,CAM_CLUSTER_BENIGN
A001086,NONE,1,2025-10-07 13:42:41,CAM_CLUSTER_BENIGN
A001087,NONE,1,2025-09-02 19:53:09,CAM_CLUSTER_BENIGN
A001088,NONE,0,NONE,CAM_CLUSTER_008
A001089,NONE,0,NONE,CAM_CLUSTER_BENIGN
A001090,NONE,0,NONE,CAM_CLUSTER_BENIGN
A001091,NONE,0,NONE,CAM_CLUSTER_BENIGN
A001092,NONE,0,NONE,CAM_CLUSTER_BENIGN
A001093,NONE,0,NONE,CAM_CLUSTER_BENIGN
A001094,NONE,0,NONE,CAM_CLUSTER_BENIGN
A001095,NONE,0,NONE,CAM_CLUSTER_BENIGN
A001096,NONE,0,NONE,CAM_CLUSTER_BENIGN
A001097,NONE,0,NONE,CAM_CLUSTER_BENIGN
A001098,NONE,0,NONE,CAM_CLUSTER_BENIGN
A001099,NONE,0,NONE,CAM_CLUSTER_BENIGN
A001100,NONE,0,NONE,CAM_CLUSTER_002
A001101,NONE,1,2025-09-03 13:06:13,CAM_CLUSTER_BENIGN
A001102,NONE,1,2025-09-07 14:24:34,CAM_CLUSTER_BENIGN
A001103,NONE,0,NONE,CAM_CLUSTER_006
A001104,NONE,0,NONE,CAM_CLUSTER_BENIGN
A001105,NONE,0,NONE,CAM_CLUSTER_BENIGN
A001106,NONE,0,NONE,CAM_CLUSTER_BENIGN
A001107,NONE,0,NONE,CAM_CLUSTER_BENIGN
A001108,NONE,1,2025-01-23 11:56:45,CAM_CLUSTER_BENIGN
A001109,NONE,1,2025-09-20 02:18:07,CAM_CLUSTER_BENIGN
A001110,NONE,0,NONE,CAM_CLUSTER_BENIGN
A001111,NONE,1,2025-09-11 21:22:49,CAM_CLUSTER_BENIGN
A001112,NONE,0,NONE,CAM_CLUSTER_000
A001113,NONE,0,NONE,CAM_CLUSTER_BENIGN
A001114,NONE,0,NONE,CAM_CLUSTER_BENIGN
A001115,NONE,0,NONE,CAM_CLUSTER_BENIGN
A001116,NONE,0,NONE,CAM_CLUSTER_BENIGN
A001117,NONE,0,NONE,CAM_CLUSTER_BENIGN
A001118,NONE,0,NONE,CAM_CLUSTER_BENIGN
A001119,NONE,0,NONE,CAM_CLUSTER_BENIGN
A001120,NONE,0,NONE,CAM_CLUSTER_BENIGN
A001121,NONE,0,NONE,CAM_CLUSTER_001
A001122,NONE,0,NONE,CAM_CLUSTER_BENIGN
A001123,NONE,0,NONE,CAM_CLUSTER_BENIGN
A001124,NONE,0,NONE,CAM_CLUSTER_BENIGN
A001125,NONE,0,NONE,CAM_CLUSTER_BENIGN
A001126,NONE,0,NONE,CAM_CLUSTER_BENIGN
A001127,NONE,1,2025-09-20 09:49:04,CAM_CLUSTER_BENIGN
A001128,NONE,0,NONE,CAM_CLUSTER_BENIGN
A001129,NONE,1,2025-09-04 23:51:18,CAM_CLUSTER_BENIGN
A001130,NONE,0,NONE,CAM_CLUSTER_BENIGN
A001131,NONE,0,NONE,CAM_CLUSTER_BENIGN
A001132,NONE,1,2025-02-03 08:47:39,CAM_CLUSTER_BENIGN
A001133,NONE,1,2025-10-24 05:19:34,CAM_CLUSTER_BENIGN
A001134,NONE,1,2025-10-27 23:32:40,CAM_CLUSTER_BENIGN
A001135,NONE,0,NONE,CAM_CLUSTER_BENIGN
A001136,NONE,0,NONE,CAM_CLUSTER_BENIGN
A001137,NONE,0,NONE,CAM_CLUSTER_BENIGN
A001138,NONE,0,NONE,CAM_CLUSTER_BENIGN
A001139,NONE,0,NONE,CAM_CLUSTER_BENIGN
A001140,NONE,0,NONE,CAM_CLUSTER_BENIGN
A001141,NONE,1,2025-10-02 03:21:01,CAM_CLUSTER_BENIGN
A001142,NONE,0,NONE,CAM_CLUSTER_BENIGN
A001143,NONE,1,2025-09-09 10:04:02,CAM_CLUSTER_BENIGN
A001144,NONE,0,NONE,CAM_CLUSTER_BENIGN
A001145,NONE,0,NONE,CAM_CLUSTER_BENIGN
A001146,NONE,0,NONE,CAM_CLUSTER_BENIGN
A001147,NONE,0,NONE,CAM_CLUSTER_BENIGN
A001148,NONE,0,NONE,CAM_CLUSTER_BENIGN
A001149,NONE,0,NONE,CAM_CLUSTER_BENIGN
A001150,NONE,0,NONE,CAM_CLUSTER_BENIGN
A001151,NONE,0,NONE,CAM_CLUSTER_BENIGN
A001152,NONE,0,NONE,CAM_CLUSTER_BENIGN
A001153,NONE,0,NONE,CAM_CLUSTER_BENIGN
A001154,NONE,0,NONE,CAM_CLUSTER_BENIGN
A001155,NONE,0,NONE,CAM_CLUSTER_BENIGN
A001156,NONE,0,NONE,CAM_CLUSTER_BENIGN
A001157,NONE,0,NONE,CAM_CLUSTER_BENIGN
A001158,NONE,0,NONE,CAM_CLUSTER_BENIGN
A001159,NONE,0,NONE,CAM_CLUSTER_BENIGN
A001160,NONE,0,NONE,CAM_CLUSTER_BENIGN
A001161,NONE,0,NONE,CAM_CLUSTER_BENIGN
A001162,NONE,0,NONE,CAM_CLUSTER_BENIGN
A001163,NONE,0,NONE,CAM_CLUSTER_BENIGN
A001164,NONE,0,NONE,CAM_CLUSTER_BENIGN
A001165,NONE,0,NONE,CAM_CLUSTER_BENIGN
A001166,NONE,0,NONE,CAM_CLUSTER_BENIGN
A001167,NONE,0,NONE,CAM_CLUSTER_BENIGN
A001168,NONE,0,NONE,CAM_CLUSTER_BENIGN
A001169,NONE,0,NONE,CAM_CLUSTER_BENIGN
A001170,NONE,0,NONE,CAM_CLUSTER_BENIGN
A001171,NONE,0,NONE,CAM_CLUSTER_BENIGN
A001172,NONE,0,NONE,CAM_CLUSTER_BENIGN
A001173,NONE,0,NONE,CAM_CLUSTER_BENIGN
A001174,NONE,0,NONE,CAM_CLUSTER_BENIGN
A001175,NONE,0,NONE,CAM_CLUSTER_BENIGN
A001176,NONE,0,NONE,CAM_CLUSTER_BENIGN
A001177,NONE,0,NONE,CAM_CLUSTER_BENIGN
A001178,NONE,0,NONE,CAM_CLUSTER_BENIGN
A001179,NONE,0,NONE,CAM_CLUSTER_BENIGN
A001180,NONE,0,NONE,CAM_CLUSTER_BENIGN
A001181,NONE,0,NONE,CAM_CLUSTER_000
A001182,NONE,0,NONE,CAM_CLUSTER_BENIGN
A001183,NONE,0,NONE,CAM_CLUSTER_BENIGN
A001184,NONE,0,NONE,CAM_CLUSTER_BENIGN
A001185,NONE,0,NONE,CAM_CLUSTER_001
A001186,NONE,0,NONE,CAM_CLUSTER_BENIGN
A001187,NONE,1,2025-01-02 13:01:21,CAM_CLUSTER_BENIGN
A001188,NONE,0,NONE,CAM_CLUSTER_BENIGN
A001189,NONE,0,NONE,CAM_CLUSTER_BENIGN
A001190,NONE,0,NONE,CAM_CLUSTER_BENIGN
A001191,NONE,1,2025-09-17 21:19:01,CAM_CLUSTER_BENIGN
A001192,NONE,0,NONE,CAM_CLUSTER_BENIGN
A001193,NONE,0,NONE,CAM_CLUSTER_BENIGN
A001194,NONE,0,NONE,CAM_CLUSTER_BENIGN
A001195,NONE,0,NONE,CAM_CLUSTER_BENIGN
A001196,NONE,0,NONE,CAM_CLUSTER_BENIGN
A001197,NONE,0,NONE,CAM_CLUSTER_BENIGN
A001198,NONE,0,NONE,CAM_CLUSTER_BENIGN
A001199,NONE,0,NONE,CAM_CLUSTER_BENIGN
A001200,NONE,0,NONE,CAM_CLUSTER_BENIGN
A001201,NONE,0,NONE,CAM_CLUSTER_BENIGN
A001202,NONE,0,NONE,CAM_CLUSTER_BENIGN
A001203,NONE,0,NONE,CAM_CLUSTER_BENIGN
A001204,NONE,0,NONE,CAM_CLUSTER_BENIGN
A001205,NONE,0,NONE,CAM_CLUSTER_BENIGN
A001206,NONE,0,NONE,CAM_CLUSTER_BENIGN
A001207,NONE,1,2025-09-16 09:04:12,CAM_CLUSTER_BENIGN
A001208,NONE,0,NONE,CAM_CLUSTER_BENIGN
A001209,NONE,0,NONE,CAM_CLUSTER_BENIGN
A001210,NONE,0,NONE,CAM_CLUSTER_001
A001211,NONE,0,NONE,CAM_CLUSTER_BENIGN
A001212,NONE,0,NONE,CAM_CLUSTER_BENIGN
A001213,NONE,0,NONE,CAM_CLUSTER_BENIGN
A001214,NONE,0,NONE,CAM_CLUSTER_007
A001215,NONE,0,NONE,CAM_CLUSTER_BENIGN
A001216,NONE,0,NONE,CAM_CLUSTER_BENIGN
A001217,NONE,0,NONE,CAM_CLUSTER_BENIGN
A001218,NONE,1,2025-09-08 17:49:00,CAM_CLUSTER_BENIGN
A001219,NONE,0,NONE,CAM_CLUSTER_BENIGN
A001220,NONE,0,NONE,CAM_CLUSTER_BENIGN
A001221,NONE,0,NONE,CAM_CLUSTER_BENIGN
A001222,NONE,0,NONE,CAM_CLUSTER_BENIGN
A001223,NONE,0,NONE,CAM_CLUSTER_001
A001224,NONE,0,NONE,CAM_CLUSTER_BENIGN
A001225,NONE,0,NONE,CAM_CLUSTER_BENIGN
A001226,NONE,0,NONE,CAM_CLUSTER_BENIGN
A001227,NONE,0,NONE,CAM_CLUSTER_BENIGN
A001228,NONE,0,NONE,CAM_CLUSTER_BENIGN
A001229,NONE,0,NONE,CAM_CLUSTER_BENIGN
A001230,NONE,0,NONE,CAM_CLUSTER_BENIGN
A001231,NONE,0,NONE,CAM_CLUSTER_BENIGN
A001232,NONE,0,NONE,CAM_CLUSTER_BENIGN
A001233,NONE,0,NONE,CAM_CLUSTER_BENIGN
A001234,NONE,0,NONE,CAM_CLUSTER_BENIGN
A001235,NONE,0,NONE,CAM_CLUSTER_BENIGN
A001236,NONE,0,NONE,CAM_CLUSTER_BENIGN
A001237,NONE,0,NONE,CAM_CLUSTER_BENIGN
A001238,NONE,0,NONE,CAM_CLUSTER_BENIGN
A001239,NONE,0,NONE,CAM_CLUSTER_BENIGN
A001240,NONE,0,NONE,CAM_CLUSTER_BENIGN
A001241,NONE,0,NONE,CAM_CLUSTER_BENIGN
A001242,NONE,0,NONE,CAM_CLUSTER_BENIGN
A001243,NONE,0,NONE,CAM_CLUSTER_BENIGN
A001244,NONE,0,NONE,CAM_CLUSTER_BENIGN
A001245,NONE,0,NONE,CAM_CLUSTER_BENIGN
A001246,NONE,0,NONE,CAM_CLUSTER_BENIGN
A001247,NONE,0,NONE,CAM_CLUSTER_BENIGN
A001248,NONE,0,NONE,CAM_CLUSTER_BENIGN
A001249,NONE,0,NONE,CAM_CLUSTER_BENIGN
A001250,NONE,0,NONE,CAM_CLUSTER_BENIGN
A001251,NONE,0,NONE,CAM_CLUSTER_BENIGN
A001252,NONE,0,NONE,CAM_CLUSTER_BENIGN
A001253,NONE,0,NONE,CAM_CLUSTER_BENIGN
A001254,NONE,0,NONE,CAM_CLUSTER_003
A001255,NONE,0,NONE,CAM_CLUSTER_BENIGN
A001256,NONE,0,NONE,CAM_CLUSTER_BENIGN
A001257,NONE,0,NONE,CAM_CLUSTER_BENIGN
A001258,NONE,0,NONE,CAM_CLUSTER_BENIGN
A001259,NONE,0,NONE,CAM_CLUSTER_BENIGN
A001260,NONE,0,NONE,CAM_CLUSTER_BENIGN
A001261,NONE,0,NONE,CAM_CLUSTER_BENIGN
A001262,NONE,0,NONE,CAM_CLUSTER_BENIGN
A001263,NONE,0,NONE,CAM_CLUSTER_BENIGN
A001264,NONE,0,NONE,CAM_CLUSTER_BENIGN
A001265,NONE,0,NONE,CAM_CLUSTER_BENIGN
A001266,NONE,0,NONE,CAM_CLUSTER_BENIGN
A001267,NONE,0,NONE,CAM_CLUSTER_BENIGN
A001268,NONE,0,NONE,CAM_CLUSTER_BENIGN
A001269,NONE,0,NONE,CAM_CLUSTER_BENIGN
A001270,NONE,0,NONE,CAM_CLUSTER_BENIGN
A001271,NONE,0,NONE,CAM_CLUSTER_BENIGN
A001272,NONE,0,NONE,CAM_CLUSTER_006
A001273,NONE,0,NONE,CAM_CLUSTER_BENIGN
A001274,NONE,0,NONE,CAM_CLUSTER_BENIGN
A001275,NONE,0,NONE,CAM_CLUSTER_BENIGN
A001276,NONE,0,NONE,CAM_CLUSTER_BENIGN
A001277,NONE,0,NONE,CAM_CLUSTER_BENIGN
A001278,NONE,0,NONE,CAM_CLUSTER_BENIGN
A001279,NONE,0,NONE,CAM_CLUSTER_BENIGN
A001280,NONE,0,NONE,CAM_CLUSTER_BENIGN
A001281,NONE,0,NONE,CAM_CLUSTER_BENIGN
A001282,NONE,0,NONE,CAM_CLUSTER_BENIGN
A001283,NONE,0,NONE,CAM_CLUSTER_BENIGN
A001284,NONE,0,NONE,CAM_CLUSTER_BENIGN
A001285,NONE,0,NONE,CAM_CLUSTER_BENIGN
A001286,NONE,0,NONE,CAM_CLUSTER_BENIGN
A001287,NONE,0,NONE,CAM_CLUSTER_BENIGN
A001288,NONE,1,2025-09-01 20:52:31,CAM_CLUSTER_BENIGN
A001289,NONE,0,NONE,CAM_CLUSTER_BENIGN
A001290,NONE,0,NONE,CAM_CLUSTER_BENIGN
A001291,NONE,0,NONE,CAM_CLUSTER_BENIGN
A001292,NONE,0,NONE,CAM_CLUSTER_BENIGN
A001293,NONE,0,NONE,CAM_CLUSTER_BENIGN
A001294,NONE,1,2025-09-02 11:18:01,CAM_CLUSTER_BENIGN
A001295,NONE,0,NONE,CAM_CLUSTER_BENIGN
A001296,NONE,0,NONE,CAM_CLUSTER_BENIGN
A001297,NONE,0,NONE,CAM_CLUSTER_BENIGN
A001298,NONE,0,NONE,CAM_CLUSTER_BENIGN
A001299,NONE,0,NONE,CAM_CLUSTER_BENIGN
A001300,NONE,0,NONE,CAM_CLUSTER_BENIGN
A001301,NONE,0,NONE,CAM_CLUSTER_BENIGN
A001302,NONE,1,2025-09-28 10:29:57,CAM_CLUSTER_BENIGN
A001303,NONE,0,NONE,CAM_CLUSTER_BENIGN
A001304,NONE,0,NONE,CAM_CLUSTER_BENIGN
A001305,NONE,0,NONE,CAM_CLUSTER_BENIGN
A001306,NONE,0,NONE,CAM_CLUSTER_BENIGN
A001307,NONE,0,NONE,CAM_CLUSTER_BENIGN
A001308,NONE,0,NONE,CAM_CLUSTER_004
A001309,NONE,0,NONE,CAM_CLUSTER_BENIGN
A001310,NONE,0,NONE,CAM_CLUSTER_BENIGN
A001311,NONE,0,NONE,CAM_CLUSTER_BENIGN
A001312,NONE,0,NONE,CAM_CLUSTER_009
A001313,NONE,0,NONE,CAM_CLUSTER_BENIGN
A001314,NONE,0,NONE,CAM_CLUSTER_BENIGN
A001315,NONE,0,NONE,CAM_CLUSTER_BENIGN
A001316,NONE,0,NONE,CAM_CLUSTER_BENIGN
A001317,NONE,1,2025-09-11 07:52:54,CAM_CLUSTER_BENIGN
A001318,NONE,0,NONE,CAM_CLUSTER_BENIGN
A001319,NONE,0,NONE,CAM_CLUSTER_BENIGN
A001320,NONE,0,NONE,CAM_CLUSTER_BENIGN
A001321,NONE,0,NONE,CAM_CLUSTER_BENIGN
A001322,NONE,0,NONE,CAM_CLUSTER_BENIGN
A001323,NONE,0,NONE,CAM_CLUSTER_BENIGN
A001324,NONE,0,NONE,CAM_CLUSTER_BENIGN
A001325,NONE,0,NONE,CAM_CLUSTER_BENIGN
A001326,NONE,0,NONE,CAM_CLUSTER_BENIGN
A001327,NONE,0,NONE,CAM_CLUSTER_BENIGN
A001328,NONE,0,NONE,CAM_CLUSTER_BENIGN
A001329,NONE,0,NONE,CAM_CLUSTER_BENIGN
A001330,NONE,0,NONE,CAM_CLUSTER_002
A001331,NONE,0,NONE,CAM_CLUSTER_004
A001332,NONE,0,NONE,CAM_CLUSTER_BENIGN
A001333,NONE,0,NONE,CAM_CLUSTER_BENIGN
A001334,NONE,0,NONE,CAM_CLUSTER_BENIGN
A001335,NONE,0,NONE,CAM_CLUSTER_BENIGN
A001336,NONE,0,NONE,CAM_CLUSTER_BENIGN
A001337,NONE,0,NONE,CAM_CLUSTER_BENIGN
A001338,NONE,0,NONE,CAM_CLUSTER_BENIGN
A001339,NONE,0,NONE,CAM_CLUSTER_BENIGN
A001340,NONE,0,NONE,CAM_CLUSTER_BENIGN
A001341,NONE,0,NONE,CAM_CLUSTER_BENIGN
A001342,NONE,0,NONE,CAM_CLUSTER_BENIGN
A001343,NONE,0,NONE,CAM_CLUSTER_BENIGN
A001344,NONE,0,NONE,CAM_CLUSTER_BENIGN
A001345,NONE,0,NONE,CAM_CLUSTER_BENIGN
A001346,NONE,0,NONE,CAM_CLUSTER_BENIGN
A001347,NONE,0,NONE,CAM_CLUSTER_BENIGN
A001348,NONE,0,NONE,CAM_CLUSTER_BENIGN
A001349,NONE,0,NONE,CAM_CLUSTER_BENIGN
A001350,NONE,0,NONE,CAM_CLUSTER_002
A001351,NONE,0,NONE,CAM_CLUSTER_002
A001352,NONE,0,NONE,CAM_CLUSTER_BENIGN
A001353,NONE,0,NONE,CAM_CLUSTER_BENIGN
A001354,NONE,0,NONE,CAM_CLUSTER_BENIGN
A001355,NONE,0,NONE,CAM_CLUSTER_BENIGN
A001356,NONE,0,NONE,CAM_CLUSTER_BENIGN
A001357,NONE,0,NONE,CAM_CLUSTER_BENIGN
A001358,NONE,0,NONE,CAM_CLUSTER_BENIGN
A001359,NONE,0,NONE,CAM_CLUSTER_004
A001360,NONE,0,NONE,CAM_CLUSTER_BENIGN
A001361,NONE,0,NONE,CAM_CLUSTER_BENIGN
A001362,NONE,0,NONE,CAM_CLUSTER_BENIGN
A001363,NONE,0,NONE,CAM_CLUSTER_BENIGN
A001364,NONE,0,NONE,CAM_CLUSTER_BENIGN
A001365,NONE,0,NONE,CAM_CLUSTER_BENIGN
A001366,NONE,0,NONE,CAM_CLUSTER_BENIGN
A001367,NONE,0,NONE,CAM_CLUSTER_BENIGN
A001368,NONE,0,NONE,CAM_CLUSTER_BENIGN
A001369,NONE,0,NONE,CAM_CLUSTER_BENIGN
A001370,NONE,0,NONE,CAM_CLUSTER_BENIGN
A001371,NONE,1,2025-10-18 10:48:59,CAM_CLUSTER_BENIGN
A001372,NONE,0,NONE,CAM_CLUSTER_BENIGN
A001373,NONE,0,NONE,CAM_CLUSTER_BENIGN
A001374,NONE,0,NONE,CAM_CLUSTER_BENIGN
A001375,NONE,0,NONE,CAM_CLUSTER_BENIGN
A001376,NONE,0,NONE,CAM_CLUSTER_BENIGN
A001377,NONE,0,NONE,CAM_CLUSTER_BENIGN
A001378,NONE,0,NONE,CAM_CLUSTER_BENIGN
A001379,NONE,0,NONE,CAM_CLUSTER_BENIGN
A001380,NONE,0,NONE,CAM_CLUSTER_BENIGN
A001381,NONE,0,NONE,CAM_CLUSTER_BENIGN
A001382,NONE,0,NONE,CAM_CLUSTER_007
A001383,NONE,0,NONE,CAM_CLUSTER_BENIGN
A001384,NONE,0,NONE,CAM_CLUSTER_BENIGN
A001385,NONE,0,NONE,CAM_CLUSTER_007
A001386,NONE,0,NONE,CAM_CLUSTER_BENIGN
A001387,NONE,0,NONE,CAM_CLUSTER_BENIGN
A001388,NONE,0,NONE,CAM_CLUSTER_BENIGN
A001389,NONE,0,NONE,CAM_CLUSTER_BENIGN
A001390,NONE,0,NONE,CAM_CLUSTER_BENIGN
A001391,NONE,0,NONE,CAM_CLUSTER_BENIGN
A001392,NONE,1,2025-09-07 19:34:11,CAM_CLUSTER_BENIGN
A001393,NONE,1,2025-10-27 01:16:43,CAM_CLUSTER_BENIGN
A001394,NONE,0,NONE,CAM_CLUSTER_BENIGN
A001395,NONE,0,NONE,CAM_CLUSTER_BENIGN
A001396,NONE,0,NONE,CAM_CLUSTER_BENIGN
A001397,NONE,0,NONE,CAM_CLUSTER_BENIGN
A001398,NONE,0,NONE,CAM_CLUSTER_BENIGN
A001399,NONE,0,NONE,CAM_CLUSTER_BENIGN
A001400,NONE,0,NONE,CAM_CLUSTER_BENIGN
A001401,NONE,0,NONE,CAM_CLUSTER_BENIGN
A001402,NONE,0,NONE,CAM_CLUSTER_BENIGN
A001403,NONE,0,NONE,CAM_CLUSTER_BENIGN
A001404,NONE,0,NONE,CAM_CLUSTER_BENIGN
A001405,NONE,0,NONE,CAM_CLUSTER_BENIGN
A001406,NONE,0,NONE,CAM_CLUSTER_BENIGN
A001407,NONE,0,NONE,CAM_CLUSTER_BENIGN
A001408,NONE,0,NONE,CAM_CLUSTER_BENIGN
A001409,NONE,0,NONE,CAM_CLUSTER_BENIGN
A001410,NONE,0,NONE,CAM_CLUSTER_BENIGN
A001411,NONE,0,NONE,CAM_CLUSTER_BENIGN
A001412,NONE,0,NONE,CAM_CLUSTER_BENIGN
A001413,NONE,0,NONE,CAM_CLUSTER_BENIGN
A001414,NONE,0,NONE,CAM_CLUSTER_BENIGN
A001415,NONE,0,NONE,CAM_CLUSTER_BENIGN
A001416,NONE,0,NONE,CAM_CLUSTER_BENIGN
A001417,NONE,0,NONE,CAM_CLUSTER_000
A001418,NONE,1,2025-09-29 05:04:01,CAM_CLUSTER_BENIGN
A001419,NONE,1,2025-09-18 02:38:47,CAM_CLUSTER_BENIGN
A001420,NONE,0,NONE,CAM_CLUSTER_BENIGN
A001421,NONE,0,NONE,CAM_CLUSTER_BENIGN
A001422,NONE,0,NONE,CAM_CLUSTER_BENIGN
A001423,NONE,0,NONE,CAM_CLUSTER_BENIGN
A001424,NONE,0,NONE,CAM_CLUSTER_BENIGN
A001425,NONE,0,NONE,CAM_CLUSTER_BENIGN
A001426,NONE,0,NONE,CAM_CLUSTER_BENIGN
A001427,NONE,0,NONE,CAM_CLUSTER_BENIGN
A001428,NONE,0,NONE,CAM_CLUSTER_BENIGN
A001429,NONE,0,NONE,CAM_CLUSTER_BENIGN
A001430,NONE,0,NONE,CAM_CLUSTER_BENIGN
A001431,NONE,0,NONE,CAM_CLUSTER_BENIGN
A001432,NONE,0,NONE,CAM_CLUSTER_BENIGN
A001433,NONE,0,NONE,CAM_CLUSTER_BENIGN
A001434,NONE,0,NONE,CAM_CLUSTER_BENIGN
A001435,NONE,0,NONE,CAM_CLUSTER_BENIGN
A001436,NONE,0,NONE,CAM_CLUSTER_BENIGN
A001437,NONE,0,NONE,CAM_CLUSTER_BENIGN
A001438,NONE,0,NONE,CAM_CLUSTER_BENIGN
A001439,NONE,0,NONE,CAM_CLUSTER_BENIGN
A001440,NONE,0,NONE,CAM_CLUSTER_BENIGN
A001441,NONE,0,NONE,CAM_CLUSTER_BENIGN
A001442,NONE,0,NONE,CAM_CLUSTER_BENIGN
A001443,NONE,0,NONE,CAM_CLUSTER_BENIGN
A001444,NONE,0,NONE,CAM_CLUSTER_BENIGN
A001445,NONE,0,NONE,CAM_CLUSTER_BENIGN
A001446,NONE,0,NONE,CAM_CLUSTER_BENIGN
A001447,NONE,0,NONE,CAM_CLUSTER_BENIGN
A001448,NONE,1,2025-01-19 19:10:37,CAM_CLUSTER_BENIGN
A001449,NONE,1,2025-09-12 12:12:50,CAM_CLUSTER_BENIGN
A001450,NONE,1,2025-09-11 02:44:13,CAM_CLUSTER_BENIGN
A001451,NONE,0,NONE,CAM_CLUSTER_BENIGN
A001452,NONE,0,NONE,CAM_CLUSTER_BENIGN
A001453,NONE,0,NONE,CAM_CLUSTER_BENIGN
A001454,NONE,0,NONE,CAM_CLUSTER_BENIGN
A001455,NONE,0,NONE,CAM_CLUSTER_BENIGN
A001456,NONE,0,NONE,CAM_CLUSTER_BENIGN
A001457,NONE,0,NONE,CAM_CLUSTER_BENIGN
A001458,NONE,0,NONE,CAM_CLUSTER_BENIGN
A001459,NONE,0,NONE,CAM_CLUSTER_BENIGN
A001460,NONE,0,NONE,CAM_CLUSTER_BENIGN
A001461,NONE,0,NONE,CAM_CLUSTER_BENIGN
A001462,NONE,0,NONE,CAM_CLUSTER_BENIGN
A001463,NONE,0,NONE,CAM_CLUSTER_BENIGN
A001464,NONE,0,NONE,CAM_CLUSTER_BENIGN
A001465,NONE,0,NONE,CAM_CLUSTER_BENIGN
A001466,NONE,0,NONE,CAM_CLUSTER_BENIGN
A001467,NONE,0,NONE,CAM_CLUSTER_BENIGN
A001468,NONE,0,NONE,CAM_CLUSTER_003
A001469,NONE,1,2025-03-09 20:33:19,CAM_CLUSTER_BENIGN
A001470,NONE,0,NONE,CAM_CLUSTER_BENIGN
A001471,NONE,0,NONE,CAM_CLUSTER_BENIGN
A001472,NONE,1,2025-10-25 07:26:52,CAM_CLUSTER_BENIGN
A001473,NONE,0,NONE,CAM_CLUSTER_BENIGN
A001474,NONE,0,NONE,CAM_CLUSTER_BENIGN
A001475,NONE,0,NONE,CAM_CLUSTER_BENIGN
A001476,NONE,0,NONE,CAM_CLUSTER_BENIGN
A001477,NONE,0,NONE,CAM_CLUSTER_BENIGN
A001478,NONE,0,NONE,CAM_CLUSTER_BENIGN
A001479,NONE,0,NONE,CAM_CLUSTER_BENIGN
A001480,NONE,0,NONE,CAM_CLUSTER_BENIGN
A001481,NONE,0,NONE,CAM_CLUSTER_000
A001482,NONE,0,NONE,CAM_CLUSTER_BENIGN
A001483,NONE,0,NONE,CAM_CLUSTER_BENIGN
A001484,NONE,0,NONE,CAM_CLUSTER_BENIGN
A001485,NONE,0,NONE,CAM_CLUSTER_BENIGN
A001486,NONE,0,NONE,CAM_CLUSTER_BENIGN
A001487,NONE,0,NONE,CAM_CLUSTER_BENIGN
A001488,NONE,0,NONE,CAM_CLUSTER_BENIGN
A001489,NONE,0,NONE,CAM_CLUSTER_BENIGN
A001490,NONE,0,NONE,CAM_CLUSTER_BENIGN
A001491,NONE,0,NONE,CAM_CLUSTER_BENIGN
A001492,NONE,0,NONE,CAM_CLUSTER_BENIGN
A001493,NONE,0,NONE,CAM_CLUSTER_BENIGN
A001494,NONE,0,NONE,CAM_CLUSTER_BENIGN
A001495,NONE,0,NONE,CAM_CLUSTER_BENIGN
A001496,NONE,0,NONE,CAM_CLUSTER_BENIGN
A001497,NONE,0,NONE,CAM_CLUSTER_BENIGN
A001498,NONE,0,NONE,CAM_CLUSTER_000
A001499,NONE,0,NONE,CAM_CLUSTER_BENIGN
A001500,NONE,0,NONE,CAM_CLUSTER_BENIGN
A001501,NONE,1,2025-10-07 04:12:17,CAM_CLUSTER_BENIGN
A001502,NONE,0,NONE,CAM_CLUSTER_BENIGN
A001503,NONE,0,NONE,CAM_CLUSTER_BENIGN
A001504,NONE,0,NONE,CAM_CLUSTER_BENIGN
A001505,NONE,0,NONE,CAM_CLUSTER_BENIGN
A001506,NONE,0,NONE,CAM_CLUSTER_BENIGN
A001507,NONE,0,NONE,CAM_CLUSTER_BENIGN
A001508,NONE,0,NONE,CAM_CLUSTER_BENIGN
A001509,NONE,0,NONE,CAM_CLUSTER_BENIGN
A001510,NONE,0,NONE,CAM_CLUSTER_BENIGN
A001511,NONE,1,2025-10-14 05:20:19,CAM_CLUSTER_BENIGN
A001512,NONE,0,NONE,CAM_CLUSTER_BENIGN
A001513,NONE,0,NONE,CAM_CLUSTER_BENIGN
A001514,NONE,0,NONE,CAM_CLUSTER_BENIGN
A001515,NONE,0,NONE,CAM_CLUSTER_BENIGN
A001516,NONE,0,NONE,CAM_CLUSTER_BENIGN
A001517,NONE,0,NONE,CAM_CLUSTER_BENIGN
A001518,NONE,0,NONE,CAM_CLUSTER_BENIGN
A001519,NONE,0,NONE,CAM_CLUSTER_BENIGN
A001520,NONE,0,NONE,CAM_CLUSTER_BENIGN
A001521,NONE,0,NONE,CAM_CLUSTER_BENIGN
A001522,NONE,0,NONE,CAM_CLUSTER_BENIGN
A001523,NONE,0,NONE,CAM_CLUSTER_BENIGN
A001524,NONE,0,NONE,CAM_CLUSTER_BENIGN
A001525,NONE,1,2025-01-03 22:34:24,CAM_CLUSTER_BENIGN
A001526,NONE,0,NONE,CAM_CLUSTER_BENIGN
A001527,NONE,0,NONE,CAM_CLUSTER_BENIGN
A001528,NONE,0,NONE,CAM_CLUSTER_BENIGN
A001529,NONE,0,NONE,CAM_CLUSTER_BENIGN
A001530,NONE,0,NONE,CAM_CLUSTER_BENIGN
A001531,NONE,0,NONE,CAM_CLUSTER_BENIGN
A001532,NONE,0,NONE,CAM_CLUSTER_BENIGN
A001533,NONE,0,NONE,CAM_CLUSTER_BENIGN
A001534,NONE,0,NONE,CAM_CLUSTER_BENIGN
A001535,NONE,0,NONE,CAM_CLUSTER_BENIGN
A001536,NONE,0,NONE,CAM_CLUSTER_BENIGN
A001537,NONE,0,NONE,CAM_CLUSTER_005
A001538,NONE,0,NONE,CAM_CLUSTER_BENIGN
A001539,NONE,0,NONE,CAM_CLUSTER_BENIGN
A001540,NONE,0,NONE,CAM_CLUSTER_BENIGN
A001541,NONE,0,NONE,CAM_CLUSTER_BENIGN
A001542,NONE,0,NONE,CAM_CLUSTER_BENIGN
A001543,NONE,0,NONE,CAM_CLUSTER_BENIGN
A001544,NONE,0,NONE,CAM_CLUSTER_BENIGN
A001545,NONE,0,NONE,CAM_CLUSTER_BENIGN
A001546,NONE,0,NONE,CAM_CLUSTER_BENIGN
A001547,NONE,0,NONE,CAM_CLUSTER_001
A001548,NONE,0,NONE,CAM_CLUSTER_001
A001549,NONE,0,NONE,CAM_CLUSTER_BENIGN
A001550,NONE,0,NONE,CAM_CLUSTER_BENIGN
A001551,NONE,0,NONE,CAM_CLUSTER_BENIGN
A001552,NONE,0,NONE,CAM_CLUSTER_BENIGN
A001553,NONE,1,2025-01-13 11:20:03,CAM_CLUSTER_BENIGN
A001554,NONE,1,2025-10-03 05:16:10,CAM_CLUSTER_BENIGN
A001555,NONE,0,NONE,CAM_CLUSTER_BENIGN
A001556,NONE,0,NONE,CAM_CLUSTER_BENIGN
A001557,NONE,0,NONE,CAM_CLUSTER_BENIGN
A001558,NONE,0,NONE,CAM_CLUSTER_BENIGN
A001559,NONE,0,NONE,CAM_CLUSTER_BENIGN
A001560,NONE,0,NONE,CAM_CLUSTER_BENIGN
A001561,NONE,0,NONE,CAM_CLUSTER_BENIGN
A001562,NONE,0,NONE,CAM_CLUSTER_BENIGN
A001563,NONE,0,NONE,CAM_CLUSTER_BENIGN
A001564,NONE,0,NONE,CAM_CLUSTER_007
A001565,NONE,0,NONE,CAM_CLUSTER_BENIGN
A001566,NONE,0,NONE,CAM_CLUSTER_BENIGN
A001567,NONE,0,NONE,CAM_CLUSTER_BENIGN
A001568,NONE,0,NONE,CAM_CLUSTER_BENIGN
A001569,NONE,0,NONE,CAM_CLUSTER_BENIGN
A001570,NONE,0,NONE,CAM_CLUSTER_BENIGN
A001571,NONE,0,NONE,CAM_CLUSTER_BENIGN
A001572,NONE,0,NONE,CAM_CLUSTER_BENIGN
A001573,NONE,0,NONE,CAM_CLUSTER_BENIGN
A001574,NONE,0,NONE,CAM_CLUSTER_003
A001575,NONE,0,NONE,CAM_CLUSTER_BENIGN
A001576,NONE,0,NONE,CAM_CLUSTER_BENIGN
A001577,NONE,0,NONE,CAM_CLUSTER_BENIGN
A001578,NONE,0,NONE,CAM_CLUSTER_BENIGN
A001579,NONE,0,NONE,CAM_CLUSTER_BENIGN
A001580,NONE,0,NONE,CAM_CLUSTER_BENIGN
A001581,NONE,0,NONE,CAM_CLUSTER_BENIGN
A001582,NONE,0,NONE,CAM_CLUSTER_BENIGN
A001583,NONE,0,NONE,CAM_CLUSTER_BENIGN
A001584,NONE,0,NONE,CAM_CLUSTER_BENIGN
A001585,NONE,0,NONE,CAM_CLUSTER_BENIGN
A001586,NONE,0,NONE,CAM_CLUSTER_BENIGN
A001587,NONE,0,NONE,CAM_CLUSTER_BENIGN
A001588,NONE,0,NONE,CAM_CLUSTER_003
A001589,NONE,0,NONE,CAM_CLUSTER_BENIGN
A001590,NONE,0,NONE,CAM_CLUSTER_BENIGN
A001591,NONE,0,NONE,CAM_CLUSTER_BENIGN
A001592,NONE,0,NONE,CAM_CLUSTER_BENIGN
A001593,NONE,0,NONE,CAM_CLUSTER_BENIGN
A001594,NONE,0,NONE,CAM_CLUSTER_BENIGN
A001595,NONE,0,NONE,CAM_CLUSTER_BENIGN
A001596,NONE,0,NONE,CAM_CLUSTER_BENIGN
A001597,NONE,0,NONE,CAM_CLUSTER_BENIGN
A001598,NONE,0,NONE,CAM_CLUSTER_BENIGN
A001599,NONE,1,2025-09-05 15:13:40,CAM_CLUSTER_BENIGN
A001600,NONE,0,NONE,CAM_CLUSTER_BENIGN
A001601,NONE,0,NONE,CAM_CLUSTER_BENIGN
A001602,NONE,0,NONE,CAM_CLUSTER_BENIGN
A001603,NONE,0,NONE,CAM_CLUSTER_BENIGN
A001604,NONE,0,NONE,CAM_CLUSTER_BENIGN
A001605,NONE,0,NONE,CAM_CLUSTER_BENIGN
A001606,NONE,0,NONE,CAM_CLUSTER_BENIGN
A001607,NONE,1,2025-09-04 00:54:14,CAM_CLUSTER_BENIGN
A001608,NONE,0,NONE,CAM_CLUSTER_BENIGN
A001609,NONE,1,2025-09-18 21:23:49,CAM_CLUSTER_BENIGN
A001610,NONE,0,NONE,CAM_CLUSTER_BENIGN
A001611,NONE,0,NONE,CAM_CLUSTER_BENIGN
A001612,NONE,0,NONE,CAM_CLUSTER_BENIGN
A001613,NONE,0,NONE,CAM_CLUSTER_BENIGN
A001614,NONE,0,NONE,CAM_CLUSTER_BENIGN
A001615,NONE,0,NONE,CAM_CLUSTER_BENIGN
A001616,NONE,0,NONE,CAM_CLUSTER_BENIGN
A001617,NONE,0,NONE,CAM_CLUSTER_BENIGN
A001618,NONE,0,NONE,CAM_CLUSTER_BENIGN
A001619,NONE,0,NONE,CAM_CLUSTER_BENIGN
A001620,NONE,0,NONE,CAM_CLUSTER_BENIGN
A001621,NONE,1,2025-09-23 23:11:11,CAM_CLUSTER_BENIGN
A001622,NONE,1,2025-10-18 12:07:09,CAM_CLUSTER_BENIGN
A001623,NONE,0,NONE,CAM_CLUSTER_BENIGN
A001624,NONE,0,NONE,CAM_CLUSTER_BENIGN
A001625,NONE,0,NONE,CAM_CLUSTER_BENIGN
A001626,NONE,0,NONE,CAM_CLUSTER_BENIGN
A001627,NONE,0,NONE,CAM_CLUSTER_BENIGN
A001628,NONE,0,NONE,CAM_CLUSTER_BENIGN
A001629,NONE,0,NONE,CAM_CLUSTER_BENIGN
A001630,NONE,0,NONE,CAM_CLUSTER_BENIGN
A001631,NONE,0,NONE,CAM_CLUSTER_BENIGN
A001632,NONE,0,NONE,CAM_CLUSTER_BENIGN
A001633,NONE,0,NONE,CAM_CLUSTER_BENIGN
A001634,NONE,0,NONE,CAM_CLUSTER_BENIGN
A001635,NONE,0,NONE,CAM_CLUSTER_BENIGN
A001636,NONE,0,NONE,CAM_CLUSTER_BENIGN
A001637,NONE,0,NONE,CAM_CLUSTER_BENIGN
A001638,NONE,0,NONE,CAM_CLUSTER_BENIGN
A001639,NONE,0,NONE,CAM_CLUSTER_BENIGN
A001640,NONE,0,NONE,CAM_CLUSTER_000
A001641,NONE,0,NONE,CAM_CLUSTER_BENIGN
A001642,NONE,0,NONE,CAM_CLUSTER_BENIGN
A001643,NONE,0,NONE,CAM_CLUSTER_BENIGN
A001644,NONE,0,NONE,CAM_CLUSTER_BENIGN
A001645,NONE,0,NONE,CAM_CLUSTER_BENIGN
A001646,NONE,0,NONE,CAM_CLUSTER_BENIGN
A001647,NONE,0,NONE,CAM_CLUSTER_BENIGN
A001648,NONE,0,NONE,CAM_CLUSTER_BENIGN
A001649,NONE,0,NONE,CAM_CLUSTER_BENIGN
A001650,NONE,0,NONE,CAM_CLUSTER_BENIGN
A001651,NONE,0,NONE,CAM_CLUSTER_BENIGN
A001652,NONE,0,NONE,CAM_CLUSTER_BENIGN
A001653,NONE,0,NONE,CAM_CLUSTER_BENIGN
A001654,NONE,0,NONE,CAM_CLUSTER_BENIGN
A001655,NONE,0,NONE,CAM_CLUSTER_BENIGN
A001656,NONE,0,NONE,CAM_CLUSTER_BENIGN
A001657,NONE,0,NONE,CAM_CLUSTER_BENIGN
A001658,NONE,0,NONE,CAM_CLUSTER_BENIGN
A001659,NONE,0,NONE,CAM_CLUSTER_BENIGN
A001660,NONE,1,2025-10-28 12:11:22,CAM_CLUSTER_BENIGN
A001661,NONE,0,NONE,CAM_CLUSTER_BENIGN
A001662,NONE,0,NONE,CAM_CLUSTER_BENIGN
A001663,NONE,1,2025-09-08 04:14:24,CAM_CLUSTER_BENIGN
A001664,NONE,0,NONE,CAM_CLUSTER_BENIGN
A001665,NONE,0,NONE,CAM_CLUSTER_BENIGN
A001666,NONE,0,NONE,CAM_CLUSTER_BENIGN
A001667,NONE,1,2025-01-08 04:55:30,CAM_CLUSTER_BENIGN
A001668,NONE,0,NONE,CAM_CLUSTER_BENIGN
A001669,NONE,0,NONE,CAM_CLUSTER_BENIGN
A001670,NONE,0,NONE,CAM_CLUSTER_BENIGN
A001671,NONE,0,NONE,CAM_CLUSTER_BENIGN
A001672,NONE,0,NONE,CAM_CLUSTER_003
A001673,NONE,0,NONE,CAM_CLUSTER_001
A001674,NONE,0,NONE,CAM_CLUSTER_BENIGN
A001675,NONE,0,NONE,CAM_CLUSTER_BENIGN
A001676,NONE,0,NONE,CAM_CLUSTER_BENIGN
A001677,NONE,0,NONE,CAM_CLUSTER_BENIGN
A001678,NONE,0,NONE,CAM_CLUSTER_BENIGN
A001679,NONE,1,2025-10-09 22:01:04,CAM_CLUSTER_BENIGN
A001680,NONE,1,2025-09-05 19:34:25,CAM_CLUSTER_BENIGN
A001681,NONE,0,NONE,CAM_CLUSTER_BENIGN
A001682,NONE,0,NONE,CAM_CLUSTER_003
A001683,NONE,0,NONE,CAM_CLUSTER_BENIGN
A001684,NONE,0,NONE,CAM_CLUSTER_BENIGN
A001685,NONE,0,NONE,CAM_CLUSTER_BENIGN
A001686,NONE,0,NONE,CAM_CLUSTER_BENIGN
A001687,NONE,0,NONE,CAM_CLUSTER_BENIGN
A001688,NONE,1,2025-09-12 17:31:11,CAM_CLUSTER_BENIGN
A001689,NONE,0,NONE,CAM_CLUSTER_BENIGN
A001690,NONE,0,NONE,CAM_CLUSTER_BENIGN
A001691,NONE,0,NONE,CAM_CLUSTER_BENIGN
A001692,NONE,0,NONE,CAM_CLUSTER_BENIGN
A001693,NONE,0,NONE,CAM_CLUSTER_BENIGN
A001694,NONE,0,NONE,CAM_CLUSTER_BENIGN
A001695,NONE,0,NONE,CAM_CLUSTER_BENIGN
A001696,NONE,0,NONE,CAM_CLUSTER_BENIGN
A001697,NONE,0,NONE,CAM_CLUSTER_BENIGN
A001698,NONE,0,NONE,CAM_CLUSTER_BENIGN
A001699,NONE,0,NONE,CAM_CLUSTER_BENIGN
A001700,NONE,1,2025-09-15 03:08:10,CAM_CLUSTER_BENIGN
A001701,NONE,0,NONE,CAM_CLUSTER_BENIGN
A001702,NONE,0,NONE,CAM_CLUSTER_BENIGN
A001703,NONE,0,NONE,CAM_CLUSTER_BENIGN
A001704,NONE,0,NONE,CAM_CLUSTER_BENIGN
A001705,NONE,0,NONE,CAM_CLUSTER_BENIGN
A001706,NONE,0,NONE,CAM_CLUSTER_BENIGN
A001707,NONE,0,NONE,CAM_CLUSTER_BENIGN
A001708,NONE,0,NONE,CAM_CLUSTER_BENIGN
A001709,NONE,0,NONE,CAM_CLUSTER_BENIGN
A001710,NONE,0,NONE,CAM_CLUSTER_BENIGN
A001711,NONE,0,NONE,CAM_CLUSTER_BENIGN
A001712,NONE,0,NONE,CAM_CLUSTER_BENIGN
A001713,NONE,0,NONE,CAM_CLUSTER_BENIGN
A001714,NONE,0,NONE,CAM_CLUSTER_BENIGN
A001715,NONE,0,NONE,CAM_CLUSTER_BENIGN
A001716,NONE,0,NONE,CAM_CLUSTER_BENIGN
A001717,NONE,0,NONE,CAM_CLUSTER_BENIGN
A001718,NONE,0,NONE,CAM_CLUSTER_BENIGN
A001719,NONE,0,NONE,CAM_CLUSTER_BENIGN
A001720,NONE,0,NONE,CAM_CLUSTER_BENIGN
A001721,NONE,0,NONE,CAM_CLUSTER_BENIGN
A001722,NONE,0,NONE,CAM_CLUSTER_BENIGN
A001723,NONE,0,NONE,CAM_CLUSTER_BENIGN
A001724,NONE,0,NONE,CAM_CLUSTER_BENIGN
A001725,NONE,0,NONE,CAM_CLUSTER_BENIGN
A001726,NONE,0,NONE,CAM_CLUSTER_BENIGN
A001727,NONE,0,NONE,CAM_CLUSTER_BENIGN
A001728,NONE,0,NONE,CAM_CLUSTER_BENIGN
A001729,NONE,0,NONE,CAM_CLUSTER_BENIGN
A001730,NONE,0,NONE,CAM_CLUSTER_BENIGN
A001731,NONE,0,NONE,CAM_CLUSTER_BENIGN
A001732,NONE,0,NONE,CAM_CLUSTER_BENIGN
A001733,NONE,0,NONE,CAM_CLUSTER_BENIGN
A001734,NONE,1,2025-10-14 19:15:10,CAM_CLUSTER_BENIGN
A001735,NONE,1,2025-09-03 03:52:44,CAM_CLUSTER_BENIGN
A001736,NONE,0,NONE,CAM_CLUSTER_BENIGN
A001737,NONE,0,NONE,CAM_CLUSTER_BENIGN
A001738,NONE,0,NONE,CAM_CLUSTER_BENIGN
A001739,NONE,0,NONE,CAM_CLUSTER_006
A001740,NONE,0,NONE,CAM_CLUSTER_BENIGN
A001741,NONE,0,NONE,CAM_CLUSTER_BENIGN
A001742,NONE,0,NONE,CAM_CLUSTER_BENIGN
A001743,NONE,0,NONE,CAM_CLUSTER_BENIGN
A001744,NONE,1,2025-09-03 12:34:46,CAM_CLUSTER_BENIGN
A001745,NONE,0,NONE,CAM_CLUSTER_BENIGN
A001746,NONE,0,NONE,CAM_CLUSTER_002
A001747,NONE,0,NONE,CAM_CLUSTER_BENIGN
A001748,NONE,0,NONE,CAM_CLUSTER_BENIGN
A001749,NONE,0,NONE,CAM_CLUSTER_BENIGN
A001750,NONE,0,NONE,CAM_CLUSTER_BENIGN
A001751,NONE,0,NONE,CAM_CLUSTER_010
A001752,NONE,1,2025-09-09 19:22:24,CAM_CLUSTER_BENIGN
A001753,NONE,0,NONE,CAM_CLUSTER_BENIGN
A001754,NONE,0,NONE,CAM_CLUSTER_BENIGN
A001755,NONE,0,NONE,CAM_CLUSTER_BENIGN
A001756,NONE,0,NONE,CAM_CLUSTER_BENIGN
A001757,NONE,0,NONE,CAM_CLUSTER_BENIGN
A001758,NONE,0,NONE,CAM_CLUSTER_BENIGN
A001759,NONE,0,NONE,CAM_CLUSTER_BENIGN
A001760,NONE,0,NONE,CAM_CLUSTER_BENIGN
A001761,NONE,0,NONE,CAM_CLUSTER_BENIGN
A001762,NONE,0,NONE,CAM_CLUSTER_BENIGN
A001763,NONE,0,NONE,CAM_CLUSTER_BENIGN
A001764,NONE,0,NONE,CAM_CLUSTER_BENIGN
A001765,NONE,0,NONE,CAM_CLUSTER_BENIGN
A001766,NONE,0,NONE,CAM_CLUSTER_BENIGN
A001767,NONE,0,NONE,CAM_CLUSTER_BENIGN
A001768,NONE,0,NONE,CAM_CLUSTER_BENIGN
A001769,NONE,0,NONE,CAM_CLUSTER_BENIGN
A001770,NONE,0,NONE,CAM_CLUSTER_BENIGN
A001771,NONE,0,NONE,CAM_CLUSTER_BENIGN
A001772,NONE,0,NONE,CAM_CLUSTER_BENIGN
A001773,NONE,0,NONE,CAM_CLUSTER_BENIGN
A001774,NONE,0,NONE,CAM_CLUSTER_004
A001775,NONE,0,NONE,CAM_CLUSTER_BENIGN
A001776,NONE,0,NONE,CAM_CLUSTER_BENIGN
A001777,NONE,0,NONE,CAM_CLUSTER_BENIGN
A001778,NONE,0,NONE,CAM_CLUSTER_BENIGN
A001779,NONE,0,NONE,CAM_CLUSTER_BENIGN
A001780,NONE,0,NONE,CAM_CLUSTER_BENIGN
A001781,NONE,0,NONE,CAM_CLUSTER_BENIGN
A001782,NONE,0,NONE,CAM_CLUSTER_BENIGN
A001783,NONE,0,NONE,CAM_CLUSTER_BENIGN
A001784,NONE,0,NONE,CAM_CLUSTER_BENIGN
A001785,NONE,0,NONE,CAM_CLUSTER_BENIGN
A001786,NONE,0,NONE,CAM_CLUSTER_000
A001787,NONE,0,NONE,CAM_CLUSTER_BENIGN
A001788,NONE,0,NONE,CAM_CLUSTER_BENIGN
A001789,NONE,0,NONE,CAM_CLUSTER_BENIGN
A001790,NONE,0,NONE,CAM_CLUSTER_BENIGN
A001791,NONE,0,NONE,CAM_CLUSTER_BENIGN
A001792,NONE,0,NONE,CAM_CLUSTER_BENIGN
A001793,NONE,0,NONE,CAM_CLUSTER_BENIGN
A001794,NONE,0,NONE,CAM_CLUSTER_BENIGN
A001795,NONE,0,NONE,CAM_CLUSTER_BENIGN
A001796,NONE,0,NONE,CAM_CLUSTER_BENIGN
A001797,NONE,0,NONE,CAM_CLUSTER_BENIGN
A001798,NONE,0,NONE,CAM_CLUSTER_BENIGN
A001799,NONE,0,NONE,CAM_CLUSTER_BENIGN
A001800,NONE,0,NONE,CAM_CLUSTER_BENIGN
A001801,NONE,0,NONE,CAM_CLUSTER_BENIGN
A001802,NONE,0,NONE,CAM_CLUSTER_BENIGN
A001803,NONE,0,NONE,CAM_CLUSTER_BENIGN
A001804,NONE,1,2025-09-17 11:35:06,CAM_CLUSTER_BENIGN
A001805,NONE,0,NONE,CAM_CLUSTER_BENIGN
A001806,NONE,0,NONE,CAM_CLUSTER_BENIGN
A001807,NONE,0,NONE,CAM_CLUSTER_BENIGN
A001808,NONE,0,NONE,CAM_CLUSTER_BENIGN
A001809,NONE,0,NONE,CAM_CLUSTER_BENIGN
A001810,NONE,0,NONE,CAM_CLUSTER_BENIGN
A001811,NONE,0,NONE,CAM_CLUSTER_BENIGN
A001812,NONE,0,NONE,CAM_CLUSTER_BENIGN
A001813,NONE,0,NONE,CAM_CLUSTER_BENIGN
A001814,NONE,0,NONE,CAM_CLUSTER_BENIGN
A001815,NONE,0,NONE,CAM_CLUSTER_BENIGN
A001816,NONE,0,NONE,CAM_CLUSTER_BENIGN
A001817,NONE,0,NONE,CAM_CLUSTER_BENIGN
A001818,NONE,0,NONE,CAM_CLUSTER_BENIGN
A001819,NONE,0,NONE,CAM_CLUSTER_BENIGN
A001820,NONE,0,NONE,CAM_CLUSTER_BENIGN
A001821,NONE,0,NONE,CAM_CLUSTER_BENIGN
A001822,NONE,0,NONE,CAM_CLUSTER_BENIGN
A001823,NONE,0,NONE,CAM_CLUSTER_BENIGN
A001824,NONE,0,NONE,CAM_CLUSTER_BENIGN
A001825,NONE,0,NONE,CAM_CLUSTER_BENIGN
A001826,NONE,1,2025-09-18 03:45:07,CAM_CLUSTER_BENIGN
A001827,NONE,0,NONE,CAM_CLUSTER_BENIGN
A001828,NONE,0,NONE,CAM_CLUSTER_BENIGN
A001829,NONE,0,NONE,CAM_CLUSTER_BENIGN
A001830,NONE,0,NONE,CAM_CLUSTER_BENIGN
A001831,NONE,0,NONE,CAM_CLUSTER_BENIGN
A001832,NONE,0,NONE,CAM_CLUSTER_BENIGN
A001833,NONE,0,NONE,CAM_CLUSTER_BENIGN
A001834,NONE,0,NONE,CAM_CLUSTER_BENIGN
A001835,NONE,0,NONE,CAM_CLUSTER_BENIGN
A001836,NONE,0,NONE,CAM_CLUSTER_BENIGN
A001837,NONE,0,NONE,CAM_CLUSTER_BENIGN
A001838,NONE,0,NONE,CAM_CLUSTER_BENIGN
A001839,NONE,0,NONE,CAM_CLUSTER_BENIGN
A001840,NONE,0,NONE,CAM_CLUSTER_BENIGN
A001841,NONE,0,NONE,CAM_CLUSTER_000
A001842,NONE,0,NONE,CAM_CLUSTER_BENIGN
A001843,NONE,0,NONE,CAM_CLUSTER_BENIGN
A001844,NONE,0,NONE,CAM_CLUSTER_BENIGN
A001845,NONE,0,NONE,CAM_CLUSTER_BENIGN
A001846,NONE,0,NONE,CAM_CLUSTER_BENIGN
A001847,NONE,0,NONE,CAM_CLUSTER_002
A001848,NONE,0,NONE,CAM_CLUSTER_BENIGN
A001849,NONE,0,NONE,CAM_CLUSTER_BENIGN
A001850,NONE,0,NONE,CAM_CLUSTER_000
A001851,NONE,0,NONE,CAM_CLUSTER_BENIGN
A001852,NONE,0,NONE,CAM_CLUSTER_BENIGN
A001853,NONE,0,NONE,CAM_CLUSTER_BENIGN
A001854,NONE,0,NONE,CAM_CLUSTER_BENIGN
A001855,NONE,0,NONE,CAM_CLUSTER_BENIGN
A001856,NONE,0,NONE,CAM_CLUSTER_BENIGN
A001857,NONE,0,NONE,CAM_CLUSTER_BENIGN
A001858,NONE,0,NONE,CAM_CLUSTER_BENIGN
A001859,NONE,0,NONE,CAM_CLUSTER_BENIGN
A001860,NONE,0,NONE,CAM_CLUSTER_BENIGN
A001861,NONE,0,NONE,CAM_CLUSTER_BENIGN
A001862,NONE,0,NONE,CAM_CLUSTER_BENIGN
A001863,NONE,0,NONE,CAM_CLUSTER_BENIGN
A001864,NONE,0,NONE,CAM_CLUSTER_BENIGN
A001865,NONE,0,NONE,CAM_CLUSTER_BENIGN
A001866,NONE,0,NONE,CAM_CLUSTER_BENIGN
A001867,NONE,0,NONE,CAM_CLUSTER_BENIGN
A001868,NONE,0,NONE,CAM_CLUSTER_BENIGN
A001869,NONE,0,NONE,CAM_CLUSTER_BENIGN
A001870,NONE,0,NONE,CAM_CLUSTER_BENIGN
A001871,NONE,0,NONE,CAM_CLUSTER_005
A001872,NONE,0,NONE,CAM_CLUSTER_BENIGN
A001873,NONE,0,NONE,CAM_CLUSTER_BENIGN
A001874,NONE,0,NONE,CAM_CLUSTER_BENIGN
A001875,NONE,0,NONE,CAM_CLUSTER_BENIGN
A001876,NONE,0,NONE,CAM_CLUSTER_BENIGN
A001877,NONE,0,NONE,CAM_CLUSTER_BENIGN
A001878,NONE,0,NONE,CAM_CLUSTER_BENIGN
A001879,NONE,0,NONE,CAM_CLUSTER_006
A001880,NONE,1,2025-09-03 03:49:09,CAM_CLUSTER_BENIGN
A001881,NONE,0,NONE,CAM_CLUSTER_001
A001882,NONE,0,NONE,CAM_CLUSTER_BENIGN
A001883,NONE,0,NONE,CAM_CLUSTER_BENIGN
A001884,NONE,0,NONE,CAM_CLUSTER_BENIGN
A001885,NONE,0,NONE,CAM_CLUSTER_BENIGN
A001886,NONE,0,NONE,CAM_CLUSTER_BENIGN
A001887,NONE,0,NONE,CAM_CLUSTER_BENIGN
A001888,NONE,0,NONE,CAM_CLUSTER_BENIGN
A001889,NONE,0,NONE,CAM_CLUSTER_BENIGN
A001890,NONE,0,NONE,CAM_CLUSTER_BENIGN
A001891,NONE,0,NONE,CAM_CLUSTER_BENIGN
A001892,NONE,0,NONE,CAM_CLUSTER_BENIGN
A001893,NONE,0,NONE,CAM_CLUSTER_BENIGN
A001894,NONE,0,NONE,CAM_CLUSTER_BENIGN
A001895,NONE,0,NONE,CAM_CLUSTER_BENIGN
A001896,NONE,0,NONE,CAM_CLUSTER_BENIGN
A001897,NONE,0,NONE,CAM_CLUSTER_BENIGN
A001898,NONE,0,NONE,CAM_CLUSTER_BENIGN
A001899,NONE,0,NONE,CAM_CLUSTER_BENIGN
A001900,NONE,0,NONE,CAM_CLUSTER_BENIGN
A001901,NONE,0,NONE,CAM_CLUSTER_BENIGN
A001902,NONE,0,NONE,CAM_CLUSTER_BENIGN
A001903,NONE,0,NONE,CAM_CLUSTER_BENIGN
A001904,NONE,0,NONE,CAM_CLUSTER_BENIGN
A001905,NONE,0,NONE,CAM_CLUSTER_BENIGN
A001906,NONE,1,2025-02-12 07:12:11,CAM_CLUSTER_BENIGN
A001907,NONE,1,2025-09-20 07:48:07,CAM_CLUSTER_BENIGN
A001908,NONE,1,2025-09-15 18:17:15,CAM_CLUSTER_BENIGN
A001909,NONE,0,NONE,CAM_CLUSTER_BENIGN
A001910,NONE,0,NONE,CAM_CLUSTER_BENIGN
A001911,NONE,0,NONE,CAM_CLUSTER_BENIGN
A001912,NONE,1,2025-09-11 12:39:04,CAM_CLUSTER_BENIGN
A001913,NONE,1,2025-10-13 06:58:57,CAM_CLUSTER_BENIGN
A001914,NONE,0,NONE,CAM_CLUSTER_BENIGN
A001915,NONE,0,NONE,CAM_CLUSTER_BENIGN
A001916,NONE,0,NONE,CAM_CLUSTER_BENIGN
A001917,NONE,0,NONE,CAM_CLUSTER_001
A001918,NONE,0,NONE,CAM_CLUSTER_BENIGN
A001919,NONE,0,NONE,CAM_CLUSTER_BENIGN
A001920,NONE,0,NONE,CAM_CLUSTER_BENIGN
A001921,NONE,0,NONE,CAM_CLUSTER_BENIGN
A001922,NONE,0,NONE,CAM_CLUSTER_BENIGN
A001923,NONE,0,NONE,CAM_CLUSTER_BENIGN
A001924,NONE,0,NONE,CAM_CLUSTER_BENIGN
A001925,NONE,0,NONE,CAM_CLUSTER_BENIGN
A001926,NONE,0,NONE,CAM_CLUSTER_BENIGN
A001927,NONE,0,NONE,CAM_CLUSTER_BENIGN
A001928,NONE,0,NONE,CAM_CLUSTER_BENIGN
A001929,NONE,0,NONE,CAM_CLUSTER_BENIGN
A001930,NONE,0,NONE,CAM_CLUSTER_BENIGN
A001931,NONE,0,NONE,CAM_CLUSTER_BENIGN
A001932,NONE,0,NONE,CAM_CLUSTER_BENIGN
A001933,NONE,0,NONE,CAM_CLUSTER_BENIGN
A001934,NONE,0,NONE,CAM_CLUSTER_BENIGN
A001935,NONE,0,NONE,CAM_CLUSTER_BENIGN
A001936,NONE,0,NONE,CAM_CLUSTER_BENIGN
A001937,NONE,0,NONE,CAM_CLUSTER_BENIGN
A001938,NONE,0,NONE,CAM_CLUSTER_BENIGN
A001939,NONE,0,NONE,CAM_CLUSTER_BENIGN
A001940,NONE,0,NONE,CAM_CLUSTER_BENIGN
A001941,NONE,0,NONE,CAM_CLUSTER_BENIGN
A001942,NONE,0,NONE,CAM_CLUSTER_BENIGN
A001943,NONE,0,NONE,CAM_CLUSTER_BENIGN
A001944,NONE,0,NONE,CAM_CLUSTER_BENIGN
A001945,NONE,1,2025-09-10 18:47:33,CAM_CLUSTER_BENIGN
A001946,NONE,0,NONE,CAM_CLUSTER_BENIGN
A001947,NONE,0,NONE,CAM_CLUSTER_BENIGN
A001948,NONE,0,NONE,CAM_CLUSTER_BENIGN
A001949,NONE,0,NONE,CAM_CLUSTER_BENIGN
A001950,NONE,1,2025-09-04 14:51:06,CAM_CLUSTER_BENIGN
A001951,NONE,1,2025-09-29 16:12:00,CAM_CLUSTER_BENIGN
A001952,NONE,0,NONE,CAM_CLUSTER_009
A001953,NONE,1,2025-01-28 19:50:29,CAM_CLUSTER_BENIGN
A001954,NONE,1,2025-10-04 01:57:53,CAM_CLUSTER_BENIGN
A001955,NONE,0,NONE,CAM_CLUSTER_BENIGN
A001956,NONE,0,NONE,CAM_CLUSTER_BENIGN
A001957,NONE,0,NONE,CAM_CLUSTER_BENIGN
A001958,NONE,0,NONE,CAM_CLUSTER_BENIGN
A001959,NONE,0,NONE,CAM_CLUSTER_BENIGN
A001960,NONE,0,NONE,CAM_CLUSTER_BENIGN
A001961,NONE,0,NONE,CAM_CLUSTER_BENIGN
A001962,NONE,0,NONE,CAM_CLUSTER_BENIGN
A001963,NONE,1,2025-09-16 07:53:34,CAM_CLUSTER_BENIGN
A001964,NONE,1,2025-09-06 02:30:14,CAM_CLUSTER_BENIGN
A001965,NONE,0,NONE,CAM_CLUSTER_BENIGN
A001966,NONE,1,2025-09-13 15:41:55,CAM_CLUSTER_BENIGN
A001967,NONE,1,2025-09-17 07:23:20,CAM_CLUSTER_BENIGN
A001968,NONE,0,NONE,CAM_CLUSTER_BENIGN
A001969,NONE,0,NONE,CAM_CLUSTER_BENIGN
A001970,NONE,0,NONE,CAM_CLUSTER_BENIGN
A001971,NONE,0,NONE,CAM_CLUSTER_BENIGN
A001972,NONE,0,NONE,CAM_CLUSTER_BENIGN
A001973,NONE,0,NONE,CAM_CLUSTER_BENIGN
A001974,NONE,0,NONE,CAM_CLUSTER_BENIGN
A001975,NONE,0,NONE,CAM_CLUSTER_BENIGN
A001976,NONE,0,NONE,CAM_CLUSTER_BENIGN
A001977,NONE,0,NONE,CAM_CLUSTER_BENIGN
A001978,NONE,0,NONE,CAM_CLUSTER_BENIGN
A001979,NONE,0,NONE,CAM_CLUSTER_BENIGN
A001980,NONE,0,NONE,CAM_CLUSTER_BENIGN
A001981,NONE,0,NONE,CAM_CLUSTER_BENIGN
A001982,NONE,0,NONE,CAM_CLUSTER_BENIGN
A001983,NONE,0,NONE,CAM_CLUSTER_BENIGN
A001984,NONE,0,NONE,CAM_CLUSTER_BENIGN
A001985,NONE,0,NONE,CAM_CLUSTER_BENIGN
A001986,NONE,0,NONE,CAM_CLUSTER_BENIGN
A001987,NONE,0,NONE,CAM_CLUSTER_BENIGN
A001988,NONE,0,NONE,CAM_CLUSTER_BENIGN
A001989,NONE,0,NONE,CAM_CLUSTER_BENIGN
A001990,NONE,0,NONE,CAM_CLUSTER_BENIGN
A001991,NONE,0,NONE,CAM_CLUSTER_BENIGN
A001992,NONE,1,2025-09-09 20:06:45,CAM_CLUSTER_BENIGN
A001993,NONE,1,2025-09-09 09:09:57,CAM_CLUSTER_BENIGN
A001994,NONE,1,2025-09-20 11:09:49,CAM_CLUSTER_BENIGN
A001995,NONE,0,NONE,CAM_CLUSTER_BENIGN
A001996,NONE,0,NONE,CAM_CLUSTER_BENIGN
A001997,NONE,0,NONE,CAM_CLUSTER_004
A001998,NONE,0,NONE,CAM_CLUSTER_BENIGN
A001999,NONE,0,NONE,CAM_CLUSTER_004
A002000,NONE,0,NONE,CAM_CLUSTER_BENIGN
A002001,NONE,0,NONE,CAM_CLUSTER_BENIGN
A002002,NONE,0,NONE,CAM_CLUSTER_BENIGN
A002003,NONE,0,NONE,CAM_CLUSTER_BENIGN
A002004,NONE,0,NONE,CAM_CLUSTER_BENIGN
A002005,NONE,0,NONE,CAM_CLUSTER_BENIGN
A002006,NONE,0,NONE,CAM_CLUSTER_BENIGN
A002007,NONE,0,NONE,CAM_CLUSTER_BENIGN
A002008,NONE,0,NONE,CAM_CLUSTER_BENIGN
A002009,NONE,0,NONE,CAM_CLUSTER_BENIGN
A002010,NONE,0,NONE,CAM_CLUSTER_BENIGN
A002011,NONE,0,NONE,CAM_CLUSTER_BENIGN
A002012,NONE,0,NONE,CAM_CLUSTER_BENIGN
A002013,NONE,0,NONE,CAM_CLUSTER_BENIGN
A002014,NONE,0,NONE,CAM_CLUSTER_BENIGN
A002015,NONE,1,2025-09-10 15:02:35,CAM_CLUSTER_BENIGN
A002016,NONE,0,NONE,CAM_CLUSTER_BENIGN
A002017,NONE,0,NONE,CAM_CLUSTER_BENIGN
A002018,NONE,0,NONE,CAM_CLUSTER_BENIGN
A002019,NONE,0,NONE,CAM_CLUSTER_BENIGN
A002020,NONE,0,NONE,CAM_CLUSTER_BENIGN
A002021,NONE,0,NONE,CAM_CLUSTER_BENIGN
A002022,NONE,0,NONE,CAM_CLUSTER_BENIGN
A002023,NONE,0,NONE,CAM_CLUSTER_BENIGN
A002024,NONE,0,NONE,CAM_CLUSTER_BENIGN
A002025,NONE,0,NONE,CAM_CLUSTER_BENIGN
A002026,NONE,0,NONE,CAM_CLUSTER_BENIGN
A002027,NONE,0,NONE,CAM_CLUSTER_BENIGN
A002028,NONE,0,NONE,CAM_CLUSTER_BENIGN
A002029,NONE,0,NONE,CAM_CLUSTER_BENIGN
A002030,NONE,0,NONE,CAM_CLUSTER_BENIGN
A002031,NONE,0,NONE,CAM_CLUSTER_BENIGN
A002032,NONE,0,NONE,CAM_CLUSTER_BENIGN
A002033,NONE,0,NONE,CAM_CLUSTER_BENIGN
A002034,NONE,0,NONE,CAM_CLUSTER_BENIGN
A002035,NONE,0,NONE,CAM_CLUSTER_BENIGN
A002036,NONE,0,NONE,CAM_CLUSTER_BENIGN
A002037,NONE,0,NONE,CAM_CLUSTER_BENIGN
A002038,NONE,0,NONE,CAM_CLUSTER_BENIGN
A002039,NONE,0,NONE,CAM_CLUSTER_BENIGN
A002040,NONE,0,NONE,CAM_CLUSTER_BENIGN
A002041,NONE,0,NONE,CAM_CLUSTER_BENIGN
A002042,NONE,0,NONE,CAM_CLUSTER_BENIGN
A002043,NONE,0,NONE,CAM_CLUSTER_BENIGN
A002044,NONE,0,NONE,CAM_CLUSTER_BENIGN
A002045,NONE,0,NONE,CAM_CLUSTER_BENIGN
A002046,NONE,0,NONE,CAM_CLUSTER_BENIGN
A002047,NONE,0,NONE,CAM_CLUSTER_BENIGN
A002048,NONE,0,NONE,CAM_CLUSTER_BENIGN
A002049,NONE,0,NONE,CAM_CLUSTER_BENIGN
A002050,NONE,0,NONE,CAM_CLUSTER_BENIGN
A002051,NONE,0,NONE,CAM_CLUSTER_BENIGN
A002052,NONE,0,NONE,CAM_CLUSTER_BENIGN
A002053,NONE,0,NONE,CAM_CLUSTER_BENIGN
A002054,NONE,0,NONE,CAM_CLUSTER_BENIGN
A002055,NONE,0,NONE,CAM_CLUSTER_BENIGN
A002056,NONE,0,NONE,CAM_CLUSTER_BENIGN
A002057,NONE,0,NONE,CAM_CLUSTER_BENIGN
A002058,NONE,0,NONE,CAM_CLUSTER_001
A002059,NONE,0,NONE,CAM_CLUSTER_BENIGN
A002060,NONE,0,NONE,CAM_CLUSTER_BENIGN
A002061,NONE,0,NONE,CAM_CLUSTER_BENIGN
A002062,NONE,0,NONE,CAM_CLUSTER_BENIGN
A002063,NONE,0,NONE,CAM_CLUSTER_BENIGN
A002064,NONE,0,NONE,CAM_CLUSTER_BENIGN
A002065,NONE,0,NONE,CAM_CLUSTER_BENIGN
A002066,NONE,0,NONE,CAM_CLUSTER_BENIGN
A002067,NONE,0,NONE,CAM_CLUSTER_BENIGN
A002068,NONE,0,NONE,CAM_CLUSTER_BENIGN
A002069,NONE,0,NONE,CAM_CLUSTER_BENIGN
A002070,NONE,0,NONE,CAM_CLUSTER_BENIGN
A002071,NONE,0,NONE,CAM_CLUSTER_BENIGN
A002072,NONE,1,2025-09-24 05:23:23,CAM_CLUSTER_BENIGN
A002073,NONE,0,NONE,CAM_CLUSTER_BENIGN
A002074,NONE,0,NONE,CAM_CLUSTER_BENIGN
A002075,NONE,0,NONE,CAM_CLUSTER_BENIGN
A002076,NONE,0,NONE,CAM_CLUSTER_BENIGN
A002077,NONE,0,NONE,CAM_CLUSTER_BENIGN
A002078,NONE,0,NONE,CAM_CLUSTER_BENIGN
A002079,NONE,0,NONE,CAM_CLUSTER_BENIGN
A002080,NONE,0,NONE,CAM_CLUSTER_006
A002081,NONE,0,NONE,CAM_CLUSTER_BENIGN
A002082,NONE,0,NONE,CAM_CLUSTER_BENIGN
A002083,NONE,0,NONE,CAM_CLUSTER_BENIGN
A002084,NONE,0,NONE,CAM_CLUSTER_BENIGN
A002085,NONE,1,2025-02-22 10:10:08,CAM_CLUSTER_BENIGN
A002086,NONE,0,NONE,CAM_CLUSTER_BENIGN
A002087,NONE,0,NONE,CAM_CLUSTER_BENIGN
A002088,NONE,0,NONE,CAM_CLUSTER_BENIGN
A002089,NONE,0,NONE,CAM_CLUSTER_BENIGN
A002090,NONE,0,NONE,CAM_CLUSTER_BENIGN
A002091,NONE,0,NONE,CAM_CLUSTER_BENIGN
A002092,NONE,0,NONE,CAM_CLUSTER_BENIGN
A002093,NONE,0,NONE,CAM_CLUSTER_BENIGN
A002094,NONE,0,NONE,CAM_CLUSTER_BENIGN
A002095,NONE,0,NONE,CAM_CLUSTER_BENIGN
A002096,NONE,0,NONE,CAM_CLUSTER_BENIGN
A002097,NONE,0,NONE,CAM_CLUSTER_BENIGN
A002098,NONE,0,NONE,CAM_CLUSTER_BENIGN
A002099,NONE,0,NONE,CAM_CLUSTER_BENIGN
A002100,NONE,0,NONE,CAM_CLUSTER_BENIGN
A002101,NONE,0,NONE,CAM_CLUSTER_BENIGN
A002102,NONE,0,NONE,CAM_CLUSTER_000
A002103,NONE,1,2025-09-06 15:34:37,CAM_CLUSTER_BENIGN
A002104,NONE,0,NONE,CAM_CLUSTER_BENIGN
A002105,NONE,0,NONE,CAM_CLUSTER_BENIGN
A002106,NONE,0,NONE,CAM_CLUSTER_BENIGN
A002107,NONE,0,NONE,CAM_CLUSTER_BENIGN
A002108,NONE,0,NONE,CAM_CLUSTER_BENIGN
A002109,NONE,0,NONE,CAM_CLUSTER_BENIGN
A002110,NONE,0,NONE,CAM_CLUSTER_BENIGN
A002111,NONE,0,NONE,CAM_CLUSTER_BENIGN
A002112,NONE,0,NONE,CAM_CLUSTER_BENIGN
A002113,NONE,0,NONE,CAM_CLUSTER_BENIGN
A002114,NONE,0,NONE,CAM_CLUSTER_BENIGN
A002115,NONE,1,2025-10-17 14:04:37,CAM_CLUSTER_BENIGN
A002116,NONE,0,NONE,CAM_CLUSTER_BENIGN
A002117,NONE,0,NONE,CAM_CLUSTER_BENIGN
A002118,NONE,0,NONE,CAM_CLUSTER_BENIGN
A002119,NONE,0,NONE,CAM_CLUSTER_BENIGN
A002120,NONE,0,NONE,CAM_CLUSTER_BENIGN
A002121,NONE,0,NONE,CAM_CLUSTER_BENIGN
A002122,NONE,0,NONE,CAM_CLUSTER_BENIGN
A002123,NONE,0,NONE,CAM_CLUSTER_BENIGN
A002124,NONE,0,NONE,CAM_CLUSTER_BENIGN
A002125,NONE,0,NONE,CAM_CLUSTER_BENIGN
A002126,NONE,0,NONE,CAM_CLUSTER_BENIGN
A002127,NONE,0,NONE,CAM_CLUSTER_BENIGN
A002128,NONE,1,2025-09-15 09:55:50,CAM_CLUSTER_BENIGN
A002129,NONE,0,NONE,CAM_CLUSTER_BENIGN
A002130,NONE,0,NONE,CAM_CLUSTER_BENIGN
A002131,NONE,0,NONE,CAM_CLUSTER_BENIGN
A002132,NONE,0,NONE,CAM_CLUSTER_BENIGN
A002133,NONE,0,NONE,CAM_CLUSTER_BENIGN
A002134,NONE,0,NONE,CAM_CLUSTER_BENIGN
A002135,NONE,0,NONE,CAM_CLUSTER_BENIGN
A002136,NONE,0,NONE,CAM_CLUSTER_BENIGN
A002137,NONE,0,NONE,CAM_CLUSTER_BENIGN
A002138,NONE,0,NONE,CAM_CLUSTER_BENIGN
A002139,NONE,0,NONE,CAM_CLUSTER_BENIGN
A002140,NONE,0,NONE,CAM_CLUSTER_BENIGN
A002141,NONE,0,NONE,CAM_CLUSTER_BENIGN
A002142,NONE,0,NONE,CAM_CLUSTER_BENIGN
A002143,NONE,0,NONE,CAM_CLUSTER_BENIGN
A002144,NONE,0,NONE,CAM_CLUSTER_BENIGN
A002145,NONE,0,NONE,CAM_CLUSTER_BENIGN
A002146,NONE,0,NONE,CAM_CLUSTER_BENIGN
A002147,NONE,0,NONE,CAM_CLUSTER_BENIGN
A002148,NONE,0,NONE,CAM_CLUSTER_BENIGN
A002149,NONE,0,NONE,CAM_CLUSTER_BENIGN
A002150,NONE,0,NONE,CAM_CLUSTER_BENIGN
A002151,NONE,0,NONE,CAM_CLUSTER_BENIGN
A002152,NONE,0,NONE,CAM_CLUSTER_BENIGN
A002153,NONE,0,NONE,CAM_CLUSTER_BENIGN
A002154,NONE,0,NONE,CAM_CLUSTER_BENIGN
A002155,NONE,0,NONE,CAM_CLUSTER_BENIGN
A002156,NONE,0,NONE,CAM_CLUSTER_BENIGN
A002157,NONE,0,NONE,CAM_CLUSTER_BENIGN
A002158,NONE,0,NONE,CAM_CLUSTER_BENIGN
A002159,NONE,0,NONE,CAM_CLUSTER_BENIGN
A002160,NONE,0,NONE,CAM_CLUSTER_BENIGN
A002161,NONE,0,NONE,CAM_CLUSTER_BENIGN
A002162,NONE,1,2025-09-04 01:43:51,CAM_CLUSTER_BENIGN
A002163,NONE,0,NONE,CAM_CLUSTER_BENIGN
A002164,NONE,0,NONE,CAM_CLUSTER_BENIGN
A002165,NONE,0,NONE,CAM_CLUSTER_BENIGN
A002166,NONE,0,NONE,CAM_CLUSTER_BENIGN
A002167,NONE,0,NONE,CAM_CLUSTER_BENIGN
A002168,NONE,0,NONE,CAM_CLUSTER_BENIGN
A002169,NONE,0,NONE,CAM_CLUSTER_BENIGN
A002170,NONE,0,NONE,CAM_CLUSTER_BENIGN
A002171,NONE,0,NONE,CAM_CLUSTER_BENIGN
A002172,NONE,0,NONE,CAM_CLUSTER_BENIGN
A002173,NONE,0,NONE,CAM_CLUSTER_003
A002174,NONE,0,NONE,CAM_CLUSTER_003
A002175,NONE,0,NONE,CAM_CLUSTER_BENIGN
A002176,NONE,0,NONE,CAM_CLUSTER_BENIGN
A002177,NONE,0,NONE,CAM_CLUSTER_BENIGN
A002178,NONE,0,NONE,CAM_CLUSTER_BENIGN
A002179,NONE,0,NONE,CAM_CLUSTER_BENIGN
A002180,NONE,0,NONE,CAM_CLUSTER_BENIGN
A002181,NONE,0,NONE,CAM_CLUSTER_BENIGN
A002182,NONE,0,NONE,CAM_CLUSTER_BENIGN
A002183,NONE,0,NONE,CAM_CLUSTER_BENIGN
A002184,NONE,0,NONE,CAM_CLUSTER_BENIGN
A002185,NONE,1,2025-10-01 17:08:12,CAM_CLUSTER_BENIGN
A002186,NONE,0,NONE,CAM_CLUSTER_BENIGN
A002187,NONE,0,NONE,CAM_CLUSTER_BENIGN
A002188,NONE,0,NONE,CAM_CLUSTER_003
A002189,NONE,0,NONE,CAM_CLUSTER_BENIGN
A002190,NONE,0,NONE,CAM_CLUSTER_BENIGN
A002191,NONE,0,NONE,CAM_CLUSTER_BENIGN
A002192,NONE,0,NONE,CAM_CLUSTER_BENIGN
A002193,NONE,0,NONE,CAM_CLUSTER_BENIGN
A002194,NONE,1,2025-09-02 12:06:02,CAM_CLUSTER_BENIGN
A002195,NONE,0,NONE,CAM_CLUSTER_004
A002196,NONE,0,NONE,CAM_CLUSTER_BENIGN
A002197,NONE,0,NONE,CAM_CLUSTER_BENIGN
A002198,NONE,0,NONE,CAM_CLUSTER_BENIGN
A002199,NONE,0,NONE,CAM_CLUSTER_BENIGN
A002200,NONE,0,NONE,CAM_CLUSTER_BENIGN
A002201,NONE,0,NONE,CAM_CLUSTER_BENIGN
A002202,NONE,0,NONE,CAM_CLUSTER_BENIGN
A002203,NONE,0,NONE,CAM_CLUSTER_BENIGN
A002204,NONE,0,NONE,CAM_CLUSTER_BENIGN
A002205,NONE,0,NONE,CAM_CLUSTER_BENIGN
A002206,NONE,0,NONE,CAM_CLUSTER_BENIGN
A002207,NONE,0,NONE,CAM_CLUSTER_BENIGN
A002208,NONE,0,NONE,CAM_CLUSTER_BENIGN
A002209,NONE,1,2025-09-03 16:14:02,CAM_CLUSTER_BENIGN
A002210,NONE,0,NONE,CAM_CLUSTER_BENIGN
A002211,NONE,0,NONE,CAM_CLUSTER_BENIGN
A002212,NONE,0,NONE,CAM_CLUSTER_BENIGN
A002213,NONE,0,NONE,CAM_CLUSTER_BENIGN
A002214,NONE,0,NONE,CAM_CLUSTER_BENIGN
A002215,NONE,0,NONE,CAM_CLUSTER_BENIGN
A002216,NONE,0,NONE,CAM_CLUSTER_BENIGN
A002217,NONE,0,NONE,CAM_CLUSTER_BENIGN
A002218,NONE,0,NONE,CAM_CLUSTER_BENIGN
A002219,NONE,0,NONE,CAM_CLUSTER_BENIGN
A002220,NONE,0,NONE,CAM_CLUSTER_BENIGN
A002221,NONE,0,NONE,CAM_CLUSTER_BENIGN
A002222,NONE,0,NONE,CAM_CLUSTER_BENIGN
A002223,NONE,0,NONE,CAM_CLUSTER_BENIGN
A002224,NONE,0,NONE,CAM_CLUSTER_BENIGN
A002225,NONE,1,2025-09-16 04:31:12,CAM_CLUSTER_BENIGN
A002226,NONE,0,NONE,CAM_CLUSTER_BENIGN
A002227,NONE,0,NONE,CAM_CLUSTER_BENIGN
A002228,NONE,0,NONE,CAM_CLUSTER_BENIGN
A002229,NONE,1,2025-09-20 08:17:06,CAM_CLUSTER_BENIGN
A002230,NONE,1,2025-10-06 03:44:18,CAM_CLUSTER_BENIGN
A002231,NONE,0,NONE,CAM_CLUSTER_BENIGN
A002232,NONE,0,NONE,CAM_CLUSTER_BENIGN
A002233,NONE,0,NONE,CAM_CLUSTER_BENIGN
A002234,NONE,0,NONE,CAM_CLUSTER_BENIGN
A002235,NONE,0,NONE,CAM_CLUSTER_BENIGN
A002236,NONE,0,NONE,CAM_CLUSTER_BENIGN
A002237,NONE,0,NONE,CAM_CLUSTER_BENIGN
A002238,NONE,0,NONE,CAM_CLUSTER_001
A002239,NONE,0,NONE,CAM_CLUSTER_BENIGN
A002240,NONE,1,2025-10-01 17:25:43,CAM_CLUSTER_BENIGN
A002241,NONE,0,NONE,CAM_CLUSTER_BENIGN
A002242,NONE,0,NONE,CAM_CLUSTER_BENIGN
A002243,NONE,0,NONE,CAM_CLUSTER_BENIGN
A002244,NONE,0,NONE,CAM_CLUSTER_BENIGN
A002245,NONE,0,NONE,CAM_CLUSTER_BENIGN
A002246,NONE,0,NONE,CAM_CLUSTER_BENIGN
A002247,NONE,0,NONE,CAM_CLUSTER_BENIGN
A002248,NONE,0,NONE,CAM_CLUSTER_BENIGN
A002249,NONE,0,NONE,CAM_CLUSTER_BENIGN
A002250,NONE,0,NONE,CAM_CLUSTER_BENIGN
A002251,NONE,0,NONE,CAM_CLUSTER_BENIGN
A002252,NONE,0,NONE,CAM_CLUSTER_004
A002253,NONE,0,NONE,CAM_CLUSTER_BENIGN
A002254,NONE,0,NONE,CAM_CLUSTER_BENIGN
A002255,NONE,0,NONE,CAM_CLUSTER_BENIGN
A002256,NONE,0,NONE,CAM_CLUSTER_BENIGN
A002257,NONE,0,NONE,CAM_CLUSTER_BENIGN
A002258,NONE,0,NONE,CAM_CLUSTER_BENIGN
A002259,NONE,0,NONE,CAM_CLUSTER_BENIGN
A002260,NONE,0,NONE,CAM_CLUSTER_BENIGN
A002261,NONE,0,NONE,CAM_CLUSTER_BENIGN
A002262,NONE,0,NONE,CAM_CLUSTER_BENIGN
A002263,NONE,0,NONE,CAM_CLUSTER_BENIGN
A002264,NONE,0,NONE,CAM_CLUSTER_BENIGN
A002265,NONE,0,NONE,CAM_CLUSTER_BENIGN
A002266,NONE,0,NONE,CAM_CLUSTER_BENIGN
A002267,NONE,0,NONE,CAM_CLUSTER_BENIGN
A002268,NONE,0,NONE,CAM_CLUSTER_BENIGN
A002269,NONE,0,NONE,CAM_CLUSTER_BENIGN
A002270,NONE,1,2025-09-14 10:43:19,CAM_CLUSTER_BENIGN
A002271,NONE,0,NONE,CAM_CLUSTER_BENIGN
A002272,NONE,0,NONE,CAM_CLUSTER_BENIGN
A002273,NONE,1,2025-09-17 15:38:50,CAM_CLUSTER_BENIGN
A002274,NONE,1,2025-09-09 05:45:26,CAM_CLUSTER_BENIGN
A002275,NONE,1,2025-09-05 19:59:40,CAM_CLUSTER_BENIGN
A002276,NONE,0,NONE,CAM_CLUSTER_BENIGN
A002277,NONE,0,NONE,CAM_CLUSTER_BENIGN
A002278,NONE,0,NONE,CAM_CLUSTER_BENIGN
A002279,NONE,0,NONE,CAM_CLUSTER_BENIGN
A002280,NONE,0,NONE,CAM_CLUSTER_BENIGN
A002281,NONE,0,NONE,CAM_CLUSTER_BENIGN
A002282,NONE,0,NONE,CAM_CLUSTER_BENIGN
A002283,NONE,1,2025-09-14 08:15:16,CAM_CLUSTER_BENIGN
A002284,NONE,1,2025-09-30 09:10:37,CAM_CLUSTER_BENIGN
A002285,NONE,0,NONE,CAM_CLUSTER_BENIGN
A002286,NONE,0,NONE,CAM_CLUSTER_BENIGN
A002287,NONE,0,NONE,CAM_CLUSTER_BENIGN
A002288,NONE,0,NONE,CAM_CLUSTER_BENIGN
A002289,NONE,0,NONE,CAM_CLUSTER_BENIGN
A002290,NONE,1,2025-10-25 19:44:34,CAM_CLUSTER_BENIGN
A002291,NONE,1,2025-09-18 10:42:42,CAM_CLUSTER_BENIGN
A002292,NONE,0,NONE,CAM_CLUSTER_004
A002293,NONE,1,2025-10-29 12:11:33,CAM_CLUSTER_BENIGN
A002294,NONE,0,NONE,CAM_CLUSTER_BENIGN
A002295,NONE,0,NONE,CAM_CLUSTER_BENIGN
A002296,NONE,0,NONE,CAM_CLUSTER_BENIGN
A002297,NONE,1,2025-09-02 23:27:49,CAM_CLUSTER_BENIGN
A002298,NONE,1,2025-09-13 21:07:40,CAM_CLUSTER_BENIGN
A002299,NONE,0,NONE,CAM_CLUSTER_BENIGN
A002300,NONE,0,NONE,CAM_CLUSTER_BENIGN
A002301,NONE,0,NONE,CAM_CLUSTER_BENIGN
A002302,NONE,0,NONE,CAM_CLUSTER_BENIGN
A002303,NONE,0,NONE,CAM_CLUSTER_BENIGN
A002304,NONE,0,NONE,CAM_CLUSTER_BENIGN
A002305,NONE,0,NONE,CAM_CLUSTER_BENIGN
A002306,NONE,0,NONE,CAM_CLUSTER_BENIGN
A002307,NONE,0,NONE,CAM_CLUSTER_BENIGN
A002308,NONE,0,NONE,CAM_CLUSTER_BENIGN
A002309,NONE,0,NONE,CAM_CLUSTER_BENIGN
A002310,NONE,0,NONE,CAM_CLUSTER_BENIGN
A002311,NONE,0,NONE,CAM_CLUSTER_BENIGN
A002312,NONE,0,NONE,CAM_CLUSTER_BENIGN
A002313,NONE,0,NONE,CAM_CLUSTER_BENIGN
A002314,NONE,0,NONE,CAM_CLUSTER_BENIGN
A002315,NONE,0,NONE,CAM_CLUSTER_BENIGN
A002316,NONE,0,NONE,CAM_CLUSTER_BENIGN
A002317,NONE,0,NONE,CAM_CLUSTER_BENIGN
A002318,NONE,0,NONE,CAM_CLUSTER_BENIGN
A002319,NONE,0,NONE,CAM_CLUSTER_BENIGN
A002320,NONE,0,NONE,CAM_CLUSTER_BENIGN
A002321,NONE,0,NONE,CAM_CLUSTER_BENIGN
A002322,NONE,0,NONE,CAM_CLUSTER_BENIGN
A002323,NONE,0,NONE,CAM_CLUSTER_BENIGN
A002324,NONE,0,NONE,CAM_CLUSTER_BENIGN
A002325,NONE,0,NONE,CAM_CLUSTER_BENIGN
A002326,NONE,0,NONE,CAM_CLUSTER_BENIGN
A002327,NONE,1,2025-09-12 07:41:40,CAM_CLUSTER_BENIGN
A002328,NONE,1,2025-10-09 19:43:20,CAM_CLUSTER_BENIGN
A002329,NONE,0,NONE,CAM_CLUSTER_BENIGN
A002330,NONE,0,NONE,CAM_CLUSTER_BENIGN
A002331,NONE,0,NONE,CAM_CLUSTER_BENIGN
A002332,NONE,0,NONE,CAM_CLUSTER_BENIGN
A002333,NONE,0,NONE,CAM_CLUSTER_BENIGN
A002334,NONE,0,NONE,CAM_CLUSTER_BENIGN
A002335,NONE,0,NONE,CAM_CLUSTER_BENIGN
A002336,NONE,0,NONE,CAM_CLUSTER_BENIGN
A002337,NONE,0,NONE,CAM_CLUSTER_BENIGN
A002338,NONE,0,NONE,CAM_CLUSTER_BENIGN
A002339,NONE,0,NONE,CAM_CLUSTER_BENIGN
A002340,NONE,1,2025-10-21 13:20:34,CAM_CLUSTER_BENIGN
A002341,NONE,0,NONE,CAM_CLUSTER_009
A002342,NONE,1,2025-03-10 17:26:54,CAM_CLUSTER_BENIGN
A002343,NONE,0,NONE,CAM_CLUSTER_BENIGN
A002344,NONE,0,NONE,CAM_CLUSTER_BENIGN
A002345,NONE,0,NONE,CAM_CLUSTER_BENIGN
A002346,NONE,0,NONE,CAM_CLUSTER_BENIGN
A002347,NONE,0,NONE,CAM_CLUSTER_004
A002348,NONE,0,NONE,CAM_CLUSTER_BENIGN
A002349,NONE,0,NONE,CAM_CLUSTER_BENIGN
A002350,NONE,0,NONE,CAM_CLUSTER_BENIGN
A002351,NONE,0,NONE,CAM_CLUSTER_BENIGN
A002352,NONE,0,NONE,CAM_CLUSTER_BENIGN
A002353,NONE,0,NONE,CAM_CLUSTER_BENIGN
A002354,NONE,0,NONE,CAM_CLUSTER_BENIGN
A002355,NONE,0,NONE,CAM_CLUSTER_BENIGN
A002356,NONE,0,NONE,CAM_CLUSTER_BENIGN
A002357,NONE,0,NONE,CAM_CLUSTER_BENIGN
A002358,NONE,1,2025-09-11 19:10:42,CAM_CLUSTER_BENIGN
A002359,NONE,0,NONE,CAM_CLUSTER_BENIGN
A002360,NONE,0,NONE,CAM_CLUSTER_BENIGN
A002361,NONE,0,NONE,CAM_CLUSTER_BENIGN
A002362,NONE,0,NONE,CAM_CLUSTER_BENIGN
A002363,NONE,0,NONE,CAM_CLUSTER_BENIGN
A002364,NONE,0,NONE,CAM_CLUSTER_BENIGN
A002365,NONE,0,NONE,CAM_CLUSTER_BENIGN
A002366,NONE,0,NONE,CAM_CLUSTER_BENIGN
A002367,NONE,0,NONE,CAM_CLUSTER_BENIGN
A002368,NONE,0,NONE,CAM_CLUSTER_002
A002369,NONE,0,NONE,CAM_CLUSTER_BENIGN
A002370,NONE,0,NONE,CAM_CLUSTER_BENIGN
A002371,NONE,1,2025-09-29 00:05:30,CAM_CLUSTER_BENIGN
A002372,NONE,0,NONE,CAM_CLUSTER_BENIGN
A002373,NONE,1,2025-09-17 02:48:07,CAM_CLUSTER_BENIGN
A002374,NONE,0,NONE,CAM_CLUSTER_BENIGN
A002375,NONE,0,NONE,CAM_CLUSTER_BENIGN
A002376,NONE,0,NONE,CAM_CLUSTER_BENIGN
A002377,NONE,0,NONE,CAM_CLUSTER_BENIGN
A002378,NONE,0,NONE,CAM_CLUSTER_BENIGN
A002379,NONE,0,NONE,CAM_CLUSTER_BENIGN
A002380,NONE,0,NONE,CAM_CLUSTER_BENIGN
A002381,NONE,0,NONE,CAM_CLUSTER_BENIGN
A002382,NONE,0,NONE,CAM_CLUSTER_BENIGN
A002383,NONE,0,NONE,CAM_CLUSTER_BENIGN
A002384,NONE,0,NONE,CAM_CLUSTER_BENIGN
A002385,NONE,0,NONE,CAM_CLUSTER_BENIGN
A002386,NONE,0,NONE,CAM_CLUSTER_BENIGN
A002387,NONE,1,2025-09-24 15:32:33,CAM_CLUSTER_BENIGN
A002388,NONE,0,NONE,CAM_CLUSTER_008
A002389,NONE,0,NONE,CAM_CLUSTER_BENIGN
A002390,NONE,0,NONE,CAM_CLUSTER_BENIGN
A002391,NONE,0,NONE,CAM_CLUSTER_BENIGN
A002392,NONE,0,NONE,CAM_CLUSTER_BENIGN
A002393,NONE,0,NONE,CAM_CLUSTER_BENIGN
A002394,NONE,0,NONE,CAM_CLUSTER_BENIGN
A002395,NONE,0,NONE,CAM_CLUSTER_BENIGN
A002396,NONE,0,NONE,CAM_CLUSTER_BENIGN
A002397,NONE,0,NONE,CAM_CLUSTER_BENIGN
A002398,NONE,0,NONE,CAM_CLUSTER_BENIGN
A002399,NONE,0,NONE,CAM_CLUSTER_BENIGN
A002400,NONE,0,NONE,CAM_CLUSTER_BENIGN
A002401,NONE,1,2025-10-14 14:01:12,CAM_CLUSTER_BENIGN
A002402,NONE,0,NONE,CAM_CLUSTER_003
A002403,NONE,0,NONE,CAM_CLUSTER_BENIGN
A002404,NONE,0,NONE,CAM_CLUSTER_BENIGN
A002405,NONE,0,NONE,CAM_CLUSTER_005
A002406,NONE,0,NONE,CAM_CLUSTER_BENIGN
A002407,NONE,0,NONE,CAM_CLUSTER_BENIGN
A002408,NONE,0,NONE,CAM_CLUSTER_BENIGN
A002409,NONE,0,NONE,CAM_CLUSTER_BENIGN
A002410,NONE,0,NONE,CAM_CLUSTER_BENIGN
A002411,NONE,0,NONE,CAM_CLUSTER_BENIGN
A002412,NONE,1,2025-09-03 18:53:26,CAM_CLUSTER_BENIGN
A002413,NONE,1,2025-10-11 02:12:04,CAM_CLUSTER_BENIGN
A002414,NONE,0,NONE,CAM_CLUSTER_BENIGN
A002415,NONE,0,NONE,CAM_CLUSTER_BENIGN
A002416,NONE,0,NONE,CAM_CLUSTER_BENIGN
A002417,NONE,0,NONE,CAM_CLUSTER_BENIGN
A002418,NONE,0,NONE,CAM_CLUSTER_BENIGN
A002419,NONE,0,NONE,CAM_CLUSTER_BENIGN
A002420,NONE,0,NONE,CAM_CLUSTER_BENIGN
A002421,NONE,0,NONE,CAM_CLUSTER_BENIGN
A002422,NONE,0,NONE,CAM_CLUSTER_BENIGN
A002423,NONE,0,NONE,CAM_CLUSTER_BENIGN
A002424,NONE,0,NONE,CAM_CLUSTER_BENIGN
A002425,NONE,0,NONE,CAM_CLUSTER_BENIGN
A002426,NONE,0,NONE,CAM_CLUSTER_BENIGN
A002427,NONE,0,NONE,CAM_CLUSTER_BENIGN
A002428,NONE,0,NONE,CAM_CLUSTER_BENIGN
A002429,NONE,0,NONE,CAM_CLUSTER_BENIGN
A002430,NONE,0,NONE,CAM_CLUSTER_BENIGN
A002431,NONE,0,NONE,CAM_CLUSTER_BENIGN
A002432,NONE,0,NONE,CAM_CLUSTER_BENIGN
A002433,NONE,0,NONE,CAM_CLUSTER_BENIGN
A002434,NONE,0,NONE,CAM_CLUSTER_BENIGN
A002435,NONE,0,NONE,CAM_CLUSTER_BENIGN
A002436,NONE,0,NONE,CAM_CLUSTER_BENIGN
A002437,NONE,0,NONE,CAM_CLUSTER_BENIGN
A002438,NONE,0,NONE,CAM_CLUSTER_BENIGN
A002439,NONE,0,NONE,CAM_CLUSTER_BENIGN
A002440,NONE,1,2025-10-01 07:23:24,CAM_CLUSTER_BENIGN
A002441,NONE,1,2025-10-01 00:49:32,CAM_CLUSTER_BENIGN
A002442,NONE,0,NONE,CAM_CLUSTER_BENIGN
A002443,NONE,0,NONE,CAM_CLUSTER_BENIGN
A002444,NONE,0,NONE,CAM_CLUSTER_BENIGN
A002445,NONE,0,NONE,CAM_CLUSTER_BENIGN
A002446,NONE,0,NONE,CAM_CLUSTER_BENIGN
A002447,NONE,0,NONE,CAM_CLUSTER_BENIGN
A002448,NONE,0,NONE,CAM_CLUSTER_BENIGN
A002449,NONE,1,2025-09-22 04:15:16,CAM_CLUSTER_BENIGN
A002450,NONE,0,NONE,CAM_CLUSTER_BENIGN
A002451,NONE,0,NONE,CAM_CLUSTER_BENIGN
A002452,NONE,1,2025-09-30 02:23:42,CAM_CLUSTER_BENIGN
A002453,NONE,1,2025-09-23 08:10:28,CAM_CLUSTER_BENIGN
A002454,NONE,0,NONE,CAM_CLUSTER_BENIGN
A002455,NONE,0,NONE,CAM_CLUSTER_BENIGN
A002456,NONE,0,NONE,CAM_CLUSTER_BENIGN
A002457,NONE,0,NONE,CAM_CLUSTER_BENIGN
A002458,NONE,0,NONE,CAM_CLUSTER_BENIGN
A002459,NONE,0,NONE,CAM_CLUSTER_BENIGN
A002460,NONE,0,NONE,CAM_CLUSTER_BENIGN
A002461,NONE,0,NONE,CAM_CLUSTER_BENIGN
A002462,NONE,0,NONE,CAM_CLUSTER_BENIGN
A002463,NONE,0,NONE,CAM_CLUSTER_BENIGN
A002464,NONE,0,NONE,CAM_CLUSTER_BENIGN
A002465,NONE,0,NONE,CAM_CLUSTER_BENIGN
A002466,NONE,0,NONE,CAM_CLUSTER_BENIGN
A002467,NONE,0,NONE,CAM_CLUSTER_BENIGN
A002468,NONE,0,NONE,CAM_CLUSTER_BENIGN
A002469,NONE,0,NONE,CAM_CLUSTER_BENIGN
A002470,NONE,0,NONE,CAM_CLUSTER_BENIGN
A002471,NONE,0,NONE,CAM_CLUSTER_BENIGN
A002472,NONE,0,NONE,CAM_CLUSTER_BENIGN
A002473,NONE,1,2025-04-19 23:43:36,CAM_CLUSTER_BENIGN
A002474,NONE,1,2025-10-30 19:48:28,CAM_CLUSTER_BENIGN
A002475,NONE,1,2025-09-08 05:46:35,CAM_CLUSTER_BENIGN
A002476,NONE,0,NONE,CAM_CLUSTER_BENIGN
A002477,NONE,0,NONE,CAM_CLUSTER_BENIGN
A002478,NONE,0,NONE,CAM_CLUSTER_BENIGN
A002479,NONE,0,NONE,CAM_CLUSTER_BENIGN
A002480,NONE,0,NONE,CAM_CLUSTER_BENIGN
A002481,NONE,0,NONE,CAM_CLUSTER_003
A002482,NONE,0,NONE,CAM_CLUSTER_003
A002483,NONE,0,NONE,CAM_CLUSTER_BENIGN
A002484,NONE,0,NONE,CAM_CLUSTER_BENIGN
A002485,NONE,0,NONE,CAM_CLUSTER_BENIGN
A002486,NONE,0,NONE,CAM_CLUSTER_BENIGN
A002487,NONE,0,NONE,CAM_CLUSTER_BENIGN
A002488,NONE,0,NONE,CAM_CLUSTER_BENIGN
A002489,NONE,0,NONE,CAM_CLUSTER_BENIGN
A002490,NONE,1,2025-09-08 03:56:19,CAM_CLUSTER_BENIGN
A002491,NONE,0,NONE,CAM_CLUSTER_BENIGN
A002492,NONE,0,NONE,CAM_CLUSTER_BENIGN
A002493,NONE,0,NONE,CAM_CLUSTER_BENIGN
A002494,NONE,0,NONE,CAM_CLUSTER_BENIGN
A002495,NONE,0,NONE,CAM_CLUSTER_BENIGN
A002496,NONE,1,2025-09-13 00:34:46,CAM_CLUSTER_BENIGN
A002497,NONE,0,NONE,CAM_CLUSTER_BENIGN
A002498,NONE,0,NONE,CAM_CLUSTER_BENIGN
A002499,NONE,1,2025-01-15 22:28:15,CAM_CLUSTER_BENIGN
A002500,NONE,1,2025-09-18 20:27:49,CAM_CLUSTER_BENIGN
A002501,NONE,0,NONE,CAM_CLUSTER_BENIGN
A002502,NONE,0,NONE,CAM_CLUSTER_BENIGN
A002503,NONE,0,NONE,CAM_CLUSTER_BENIGN
A002504,NONE,0,NONE,CAM_CLUSTER_BENIGN
A002505,NONE,0,NONE,CAM_CLUSTER_BENIGN
A002506,NONE,0,NONE,CAM_CLUSTER_BENIGN
A002507,NONE,0,NONE,CAM_CLUSTER_BENIGN
A002508,NONE,0,NONE,CAM_CLUSTER_001
A002509,NONE,0,NONE,CAM_CLUSTER_BENIGN
A002510,NONE,0,NONE,CAM_CLUSTER_BENIGN
A002511,NONE,0,NONE,CAM_CLUSTER_BENIGN
A002512,NONE,0,NONE,CAM_CLUSTER_BENIGN
A002513,NONE,0,NONE,CAM_CLUSTER_BENIGN
A002514,NONE,0,NONE,CAM_CLUSTER_BENIGN
A002515,NONE,0,NONE,CAM_CLUSTER_BENIGN
A002516,NONE,0,NONE,CAM_CLUSTER_BENIGN
A002517,NONE,0,NONE,CAM_CLUSTER_BENIGN
A002518,NONE,0,NONE,CAM_CLUSTER_BENIGN
A002519,NONE,0,NONE,CAM_CLUSTER_BENIGN
A002520,NONE,0,NONE,CAM_CLUSTER_BENIGN
A002521,NONE,1,2025-09-01 14:24:34,CAM_CLUSTER_BENIGN
A002522,NONE,0,NONE,CAM_CLUSTER_BENIGN
A002523,NONE,0,NONE,CAM_CLUSTER_BENIGN
A002524,NONE,0,NONE,CAM_CLUSTER_BENIGN
A002525,NONE,0,NONE,CAM_CLUSTER_BENIGN
A002526,NONE,0,NONE,CAM_CLUSTER_BENIGN
A002527,NONE,0,NONE,CAM_CLUSTER_BENIGN
A002528,NONE,0,NONE,CAM_CLUSTER_BENIGN
A002529,NONE,0,NONE,CAM_CLUSTER_BENIGN
A002530,NONE,0,NONE,CAM_CLUSTER_BENIGN
A002531,NONE,0,NONE,CAM_CLUSTER_BENIGN
A002532,NONE,0,NONE,CAM_CLUSTER_BENIGN
A002533,NONE,0,NONE,CAM_CLUSTER_BENIGN
A002534,NONE,0,NONE,CAM_CLUSTER_BENIGN
A002535,NONE,0,NONE,CAM_CLUSTER_BENIGN
A002536,NONE,0,NONE,CAM_CLUSTER_BENIGN
A002537,NONE,0,NONE,CAM_CLUSTER_BENIGN
A002538,NONE,0,NONE,CAM_CLUSTER_BENIGN
A002539,NONE,0,NONE,CAM_CLUSTER_BENIGN
A002540,NONE,0,NONE,CAM_CLUSTER_BENIGN
A002541,NONE,0,NONE,CAM_CLUSTER_BENIGN
A002542,NONE,0,NONE,CAM_CLUSTER_BENIGN
A002543,NONE,0,NONE,CAM_CLUSTER_BENIGN
A002544,NONE,1,2025-09-02 01:53:25,CAM_CLUSTER_BENIGN
A002545,NONE,0,NONE,CAM_CLUSTER_BENIGN
A002546,NONE,0,NONE,CAM_CLUSTER_BENIGN
